f00F,f00M,f05F,f05M,f13F,f13M,f25F,f25M,facF,facM,rotulo
84.00,86.00,27.00,28.00,66.00,63.00,136.00,10.00,224.00,8.00,0
80.00,76.00,13.00,12.00,17.00,16.00,48.00,12.00,52.00,15.00,0
11.00,3.00,3.00,3.00,4.00,1.00,5.00,3.00,17.00,0.00,0
24.00,29.00,16.00,15.00,10.00,13.00,37.00,2.00,55.00,4.00,0
26.00,30.00,13.00,12.00,7.00,5.00,24.00,2.00,42.00,3.00,0
15.00,21.00,14.00,17.00,12.00,9.00,21.00,8.00,36.00,5.00,0
60.00,64.00,29.00,28.00,18.00,23.00,33.00,5.00,84.00,7.00,0
58.00,59.00,15.00,15.00,12.00,14.00,41.00,14.00,42.00,11.00,0
56.00,62.00,15.00,10.00,26.00,26.00,44.00,11.00,54.00,10.00,0
37.00,43.00,9.00,10.00,11.00,16.00,24.00,0.00,37.00,3.00,0
86.00,85.00,25.00,20.00,33.00,28.00,69.00,9.00,122.00,6.00,0
71.00,69.00,19.00,14.00,30.00,27.00,27.00,5.00,85.00,5.00,0
52.00,59.00,9.00,15.00,19.00,25.00,23.00,5.00,54.00,5.00,0
132.00,136.00,53.00,53.00,53.00,60.00,146.00,26.00,308.00,26.00,0
42.00,51.00,45.00,42.00,18.00,14.00,45.00,8.00,117.00,12.00,0
12.00,8.00,5.00,2.00,2.00,3.00,5.00,0.00,15.00,2.00,0
245.00,254.00,96.00,97.00,104.00,100.00,384.00,106.00,682.00,103.00,0
13.00,14.00,6.00,3.00,5.00,7.00,8.00,3.00,14.00,2.00,0
19.00,20.00,4.00,9.00,6.00,12.00,38.00,2.00,45.00,2.00,0
35.00,43.00,10.00,11.00,17.00,18.00,56.00,9.00,65.00,10.00,0
173.00,173.00,54.00,60.00,64.00,59.00,57.00,15.00,175.00,16.00,0
307.00,316.00,76.00,74.00,85.00,79.00,305.00,26.00,445.00,24.00,0
23.00,20.00,7.00,4.00,7.00,7.00,17.00,1.00,36.00,5.00,0
247.00,246.00,72.00,72.00,103.00,108.00,241.00,12.00,405.00,13.00,0
60.00,55.00,11.00,17.00,13.00,16.00,77.00,9.00,82.00,7.00,0
94.00,99.00,64.00,68.00,42.00,46.00,231.00,40.00,253.00,43.00,0
100.00,99.00,26.00,31.00,57.00,54.00,87.00,27.00,184.00,27.00,0
417.00,417.00,206.00,207.00,187.00,183.00,714.00,132.00,815.00,132.00,0
40.00,42.00,20.00,19.00,19.00,17.00,21.00,6.00,40.00,4.00,0
259.00,259.00,91.00,91.00,97.00,97.00,224.00,31.00,312.00,29.00,0
29.00,40.00,4.00,11.00,7.00,14.00,15.00,4.00,35.00,8.00,0
33.00,31.00,12.00,12.00,8.00,9.00,28.00,6.00,54.00,8.00,0
38.00,37.00,9.00,12.00,16.00,11.00,13.00,2.00,34.00,6.00,0
35.00,30.00,21.00,25.00,14.00,17.00,51.00,10.00,80.00,11.00,0
3365.00,3369.00,523.00,523.00,1294.00,1292.00,2837.00,368.00,4538.00,370.00,0
86.00,88.00,32.00,35.00,20.00,16.00,58.00,5.00,104.00,2.00,0
40.00,38.00,17.00,19.00,11.00,11.00,29.00,3.00,71.00,5.00,0
63.00,63.00,20.00,16.00,13.00,17.00,56.00,8.00,89.00,7.00,0
57.00,54.00,27.00,26.00,26.00,21.00,64.00,17.00,87.00,14.00,0
88.00,97.00,31.00,31.00,22.00,21.00,77.00,2.00,90.00,5.00,0
32.00,36.00,17.00,14.00,9.00,7.00,49.00,6.00,73.00,3.00,0
252.00,246.00,46.00,50.00,118.00,122.00,199.00,34.00,214.00,32.00,0
585.00,591.00,113.00,110.00,131.00,136.00,666.00,125.00,974.00,125.00,0
101.00,98.00,45.00,44.00,34.00,40.00,84.00,25.00,158.00,26.00,0
48.00,51.00,15.00,15.00,16.00,19.00,58.00,10.00,89.00,10.00,0
636.00,631.00,253.00,248.00,146.00,151.00,667.00,72.00,884.00,74.00,0
89.00,88.00,16.00,12.00,16.00,12.00,69.00,19.00,90.00,21.00,0
21.00,13.00,8.00,14.00,11.00,11.00,21.00,6.00,33.00,8.00,0
53.00,53.00,26.00,29.00,22.00,19.00,37.00,2.00,91.00,7.00,0
20.00,29.00,13.00,11.00,20.00,15.00,28.00,3.00,55.00,2.00,0
178.00,176.00,33.00,39.00,68.00,71.00,159.00,41.00,173.00,44.00,0
359.00,362.00,214.00,209.00,85.00,92.00,394.00,60.00,535.00,63.00,0
89.00,87.00,45.00,49.00,30.00,27.00,120.00,13.00,134.00,14.00,0
540.00,550.00,332.00,335.00,242.00,247.00,422.00,127.00,1076.00,128.00,0
68.00,64.00,29.00,35.00,17.00,14.00,75.00,13.00,135.00,13.00,0
396.00,402.00,123.00,125.00,165.00,165.00,551.00,24.00,620.00,24.00,0
77.00,79.00,36.00,32.00,16.00,21.00,72.00,11.00,155.00,13.00,0
461.00,464.00,200.00,204.00,218.00,220.00,398.00,23.00,575.00,27.00,0
22.00,17.00,3.00,12.00,8.00,14.00,22.00,2.00,50.00,2.00,0
42.00,38.00,18.00,13.00,12.00,11.00,74.00,13.00,117.00,18.00,0
68.00,64.00,19.00,18.00,21.00,23.00,88.00,16.00,91.00,16.00,0
196.00,193.00,59.00,64.00,75.00,74.00,97.00,5.00,370.00,8.00,0
91.00,97.00,52.00,50.00,34.00,37.00,67.00,23.00,233.00,25.00,0
1386.00,1387.00,322.00,328.00,435.00,433.00,1463.00,286.00,2522.00,286.00,0
25.00,35.00,13.00,7.00,10.00,7.00,25.00,9.00,49.00,10.00,0
19.00,18.00,10.00,12.00,8.00,8.00,14.00,5.00,50.00,5.00,0
31.00,28.00,13.00,14.00,11.00,11.00,30.00,6.00,57.00,8.00,0
31.00,23.00,19.00,13.00,15.00,12.00,28.00,5.00,55.00,3.00,0
23.00,14.00,9.00,12.00,5.00,11.00,12.00,2.00,33.00,0.00,0
219.00,216.00,59.00,54.00,126.00,123.00,222.00,34.00,431.00,37.00,0
102.00,106.00,80.00,79.00,75.00,75.00,206.00,36.00,223.00,36.00,0
134.00,130.00,43.00,38.00,50.00,54.00,63.00,33.00,173.00,31.00,0
106.00,114.00,48.00,52.00,27.00,32.00,143.00,15.00,161.00,15.00,0
218.00,212.00,77.00,79.00,42.00,39.00,106.00,28.00,348.00,28.00,0
41.00,49.00,30.00,30.00,32.00,30.00,93.00,12.00,123.00,12.00,0
508.00,507.00,143.00,138.00,236.00,230.00,365.00,56.00,650.00,61.00,0
58.00,59.00,24.00,24.00,17.00,17.00,60.00,15.00,95.00,16.00,0
56.00,52.00,7.00,12.00,9.00,7.00,33.00,7.00,55.00,9.00,0
68.00,65.00,26.00,30.00,28.00,29.00,46.00,9.00,49.00,12.00,0
148.00,157.00,36.00,44.00,50.00,48.00,199.00,39.00,272.00,36.00,0
60.00,64.00,21.00,23.00,14.00,20.00,70.00,10.00,80.00,10.00,0
224.00,228.00,85.00,82.00,49.00,56.00,89.00,14.00,218.00,18.00,0
51.00,61.00,17.00,18.00,15.00,15.00,48.00,8.00,51.00,8.00,0
16.00,21.00,3.00,4.00,6.00,9.00,7.00,1.00,33.00,6.00,0
365.00,359.00,139.00,142.00,85.00,87.00,136.00,44.00,400.00,42.00,0
2.00,9.00,1.00,2.00,1.00,1.00,7.00,0.00,9.00,1.00,0
157.00,159.00,39.00,40.00,80.00,78.00,167.00,29.00,289.00,31.00,0
140.00,145.00,61.00,60.00,96.00,92.00,173.00,27.00,400.00,28.00,0
36.00,41.00,22.00,27.00,27.00,27.00,52.00,12.00,63.00,16.00,0
870.00,879.00,242.00,243.00,348.00,351.00,1197.00,176.00,1727.00,178.00,0
48.00,45.00,16.00,19.00,12.00,19.00,14.00,6.00,44.00,6.00,0
101.00,106.00,40.00,43.00,30.00,30.00,126.00,8.00,263.00,12.00,0
5.00,14.00,5.00,5.00,9.00,4.00,8.00,1.00,18.00,3.00,0
139.00,143.00,70.00,71.00,56.00,58.00,60.00,27.00,157.00,29.00,0
49.00,51.00,16.00,13.00,29.00,32.00,62.00,3.00,126.00,5.00,0
458.00,464.00,307.00,313.00,177.00,179.00,551.00,157.00,611.00,160.00,0
211.00,211.00,45.00,47.00,34.00,36.00,226.00,7.00,234.00,8.00,0
171.00,168.00,94.00,90.00,79.00,80.00,225.00,48.00,227.00,49.00,0
266.00,270.00,145.00,150.00,128.00,128.00,185.00,53.00,674.00,56.00,0
45.00,38.00,13.00,20.00,16.00,23.00,33.00,10.00,51.00,13.00,0
122.00,118.00,20.00,16.00,38.00,39.00,39.00,5.00,153.00,5.00,0
175.00,172.00,74.00,72.00,110.00,113.00,185.00,13.00,247.00,12.00,0
415.00,411.00,251.00,255.00,134.00,139.00,226.00,53.00,745.00,56.00,0
27.00,27.00,7.00,10.00,17.00,14.00,35.00,1.00,75.00,2.00,0
100.00,100.00,84.00,80.00,80.00,83.00,232.00,7.00,319.00,9.00,0
93.00,89.00,36.00,41.00,31.00,29.00,38.00,22.00,113.00,25.00,0
82.00,86.00,20.00,17.00,23.00,29.00,81.00,17.00,84.00,20.00,0
141.00,146.00,76.00,79.00,68.00,63.00,91.00,14.00,194.00,17.00,0
426.00,424.00,259.00,255.00,368.00,369.00,1104.00,90.00,1116.00,90.00,0
251.00,251.00,105.00,105.00,53.00,49.00,212.00,51.00,385.00,54.00,0
72.00,72.00,16.00,17.00,34.00,38.00,50.00,3.00,168.00,2.00,0
112.00,113.00,21.00,15.00,38.00,45.00,54.00,20.00,96.00,17.00,0
67.00,63.00,15.00,17.00,17.00,21.00,23.00,7.00,99.00,6.00,0
99.00,95.00,37.00,43.00,17.00,19.00,41.00,23.00,101.00,23.00,0
100.00,103.00,38.00,36.00,18.00,18.00,146.00,24.00,153.00,22.00,0
311.00,308.00,218.00,219.00,146.00,142.00,374.00,88.00,746.00,88.00,0
37.00,41.00,32.00,31.00,13.00,10.00,47.00,16.00,127.00,18.00,0
14.00,15.00,5.00,10.00,1.00,7.00,15.00,3.00,18.00,4.00,0
497.00,493.00,103.00,99.00,183.00,184.00,409.00,100.00,791.00,98.00,0
27.00,22.00,6.00,11.00,11.00,8.00,17.00,3.00,20.00,4.00,0
109.00,107.00,29.00,30.00,55.00,60.00,48.00,4.00,148.00,4.00,0
16.00,23.00,7.00,12.00,3.00,4.00,26.00,0.00,38.00,2.00,0
359.00,352.00,260.00,257.00,194.00,197.00,386.00,76.00,657.00,76.00,0
225.00,217.00,61.00,65.00,116.00,120.00,196.00,67.00,243.00,67.00,0
71.00,74.00,34.00,39.00,35.00,40.00,28.00,15.00,99.00,15.00,0
300.00,301.00,116.00,118.00,102.00,107.00,260.00,22.00,492.00,23.00,0
122.00,120.00,59.00,60.00,45.00,42.00,57.00,36.00,209.00,39.00,0
153.00,148.00,40.00,45.00,52.00,50.00,122.00,13.00,213.00,11.00,0
207.00,199.00,105.00,100.00,132.00,128.00,176.00,72.00,370.00,75.00,0
11.00,18.00,6.00,2.00,5.00,3.00,8.00,3.00,33.00,3.00,0
10.00,14.00,5.00,4.00,2.00,4.00,10.00,2.00,17.00,1.00,0
155.00,150.00,82.00,79.00,77.00,72.00,126.00,22.00,206.00,22.00,0
20.00,28.00,8.00,13.00,6.00,11.00,25.00,4.00,53.00,2.00,0
19.00,14.00,2.00,5.00,1.00,3.00,8.00,1.00,30.00,2.00,0
281.00,281.00,127.00,126.00,92.00,92.00,166.00,62.00,331.00,66.00,0
467.00,463.00,103.00,100.00,75.00,78.00,362.00,25.00,723.00,29.00,0
56.00,52.00,20.00,21.00,22.00,27.00,56.00,15.00,214.00,16.00,0
29.00,27.00,18.00,18.00,14.00,12.00,20.00,7.00,76.00,5.00,0
68.00,74.00,9.00,14.00,24.00,29.00,51.00,13.00,64.00,10.00,0
55.00,60.00,16.00,19.00,29.00,33.00,48.00,13.00,101.00,16.00,0
100.00,99.00,39.00,38.00,34.00,37.00,88.00,18.00,119.00,21.00,0
107.00,101.00,44.00,51.00,35.00,42.00,118.00,17.00,139.00,15.00,0
4.00,8.00,0.00,3.00,0.00,4.00,5.00,0.00,8.00,3.00,0
236.00,231.00,132.00,127.00,78.00,76.00,248.00,16.00,295.00,20.00,0
57.00,57.00,30.00,25.00,25.00,25.00,41.00,2.00,73.00,1.00,0
102.00,107.00,43.00,46.00,38.00,35.00,143.00,14.00,157.00,17.00,0
1163.00,1157.00,367.00,372.00,383.00,386.00,564.00,267.00,1818.00,267.00,0
106.00,101.00,36.00,32.00,39.00,44.00,50.00,21.00,79.00,19.00,0
365.00,373.00,87.00,83.00,93.00,93.00,264.00,82.00,554.00,79.00,0
31.00,25.00,8.00,7.00,17.00,12.00,25.00,0.00,52.00,2.00,0
81.00,85.00,26.00,22.00,32.00,38.00,88.00,26.00,141.00,24.00,0
466.00,469.00,237.00,236.00,209.00,208.00,329.00,96.00,655.00,96.00,0
140.00,139.00,96.00,96.00,60.00,65.00,254.00,16.00,336.00,19.00,0
13.00,12.00,4.00,8.00,9.00,8.00,24.00,3.00,36.00,1.00,0
806.00,800.00,374.00,378.00,338.00,336.00,380.00,49.00,1382.00,51.00,0
16.00,17.00,7.00,5.00,10.00,10.00,10.00,3.00,37.00,7.00,0
107.00,107.00,101.00,98.00,54.00,49.00,156.00,11.00,164.00,11.00,0
107.00,114.00,21.00,18.00,27.00,30.00,74.00,10.00,92.00,14.00,0
45.00,48.00,22.00,24.00,19.00,19.00,37.00,13.00,41.00,10.00,0
90.00,85.00,18.00,16.00,38.00,33.00,73.00,4.00,86.00,2.00,0
58.00,63.00,21.00,26.00,15.00,20.00,39.00,13.00,90.00,13.00,0
32.00,37.00,6.00,8.00,12.00,11.00,47.00,0.00,61.00,3.00,0
150.00,144.00,84.00,79.00,35.00,38.00,288.00,41.00,337.00,38.00,0
293.00,301.00,63.00,69.00,109.00,115.00,156.00,21.00,439.00,26.00,0
139.00,135.00,48.00,48.00,37.00,35.00,61.00,19.00,195.00,17.00,0
667.00,674.00,282.00,276.00,231.00,226.00,1454.00,277.00,1922.00,279.00,0
128.00,126.00,62.00,57.00,21.00,28.00,117.00,9.00,143.00,7.00,0
9.00,15.00,3.00,6.00,6.00,4.00,20.00,4.00,26.00,3.00,0
10.00,19.00,0.00,5.00,5.00,8.00,11.00,0.00,16.00,3.00,0
8.00,7.00,3.00,7.00,0.00,7.00,10.00,3.00,12.00,1.00,0
51.00,48.00,35.00,33.00,28.00,29.00,84.00,5.00,117.00,4.00,0
232.00,227.00,58.00,56.00,134.00,140.00,175.00,77.00,621.00,75.00,0
81.00,81.00,16.00,18.00,21.00,23.00,75.00,5.00,103.00,8.00,0
77.00,82.00,51.00,49.00,21.00,21.00,74.00,24.00,131.00,26.00,0
182.00,187.00,65.00,61.00,82.00,81.00,208.00,7.00,251.00,8.00,0
29.00,28.00,9.00,6.00,14.00,12.00,24.00,8.00,63.00,7.00,0
14.00,22.00,5.00,6.00,5.00,3.00,10.00,1.00,25.00,5.00,0
37.00,46.00,33.00,34.00,40.00,42.00,44.00,10.00,88.00,10.00,0
11.00,17.00,6.00,2.00,6.00,4.00,17.00,0.00,22.00,0.00,0
121.00,129.00,118.00,122.00,96.00,97.00,302.00,56.00,372.00,57.00,0
26.00,23.00,12.00,9.00,5.00,4.00,32.00,0.00,36.00,4.00,0
6.00,3.00,5.00,0.00,3.00,2.00,3.00,0.00,8.00,2.00,0
1096.00,1090.00,296.00,291.00,634.00,636.00,739.00,304.00,2835.00,303.00,0
41.00,36.00,12.00,17.00,10.00,9.00,49.00,3.00,90.00,1.00,0
169.00,170.00,78.00,79.00,73.00,71.00,84.00,20.00,252.00,24.00,0
156.00,161.00,52.00,48.00,74.00,71.00,137.00,36.00,393.00,34.00,0
109.00,107.00,33.00,32.00,42.00,45.00,57.00,25.00,119.00,25.00,0
64.00,67.00,15.00,21.00,7.00,13.00,29.00,2.00,113.00,6.00,0
109.00,105.00,36.00,36.00,50.00,53.00,128.00,18.00,456.00,20.00,0
245.00,255.00,121.00,122.00,67.00,70.00,342.00,59.00,415.00,62.00,0
0.00,4.00,4.00,0.00,2.00,0.00,3.00,0.00,6.00,2.00,0
138.00,140.00,87.00,82.00,74.00,74.00,261.00,20.00,266.00,23.00,0
272.00,278.00,60.00,62.00,107.00,101.00,311.00,21.00,399.00,21.00,0
126.00,121.00,35.00,34.00,38.00,38.00,90.00,6.00,188.00,5.00,0
215.00,221.00,56.00,55.00,70.00,66.00,131.00,37.00,304.00,38.00,0
23.00,30.00,10.00,10.00,22.00,26.00,65.00,7.00,86.00,5.00,0
9.00,16.00,4.00,0.00,7.00,4.00,7.00,0.00,11.00,3.00,0
677.00,682.00,135.00,134.00,214.00,217.00,520.00,66.00,1110.00,64.00,0
210.00,204.00,69.00,75.00,63.00,57.00,307.00,71.00,350.00,68.00,0
133.00,137.00,75.00,81.00,73.00,70.00,314.00,43.00,374.00,45.00,0
37.00,39.00,7.00,7.00,13.00,13.00,31.00,4.00,32.00,6.00,0
28.00,37.00,18.00,22.00,10.00,8.00,43.00,6.00,44.00,4.00,0
92.00,98.00,59.00,58.00,35.00,39.00,151.00,11.00,232.00,13.00,0
44.00,49.00,18.00,24.00,26.00,26.00,27.00,14.00,62.00,12.00,0
38.00,44.00,12.00,11.00,15.00,19.00,24.00,7.00,80.00,9.00,0
37.00,33.00,14.00,9.00,9.00,5.00,40.00,5.00,61.00,5.00,0
163.00,164.00,59.00,62.00,59.00,60.00,120.00,6.00,328.00,4.00,0
54.00,58.00,19.00,20.00,16.00,23.00,62.00,8.00,75.00,9.00,0
18.00,20.00,8.00,8.00,5.00,9.00,14.00,3.00,35.00,5.00,0
180.00,173.00,65.00,61.00,56.00,65.00,253.00,9.00,297.00,12.00,0
26.00,23.00,17.00,14.00,8.00,6.00,23.00,7.00,80.00,10.00,0
14.00,10.00,7.00,5.00,4.00,6.00,17.00,1.00,28.00,3.00,0
10.00,18.00,4.00,9.00,9.00,6.00,10.00,4.00,13.00,4.00,0
70.00,71.00,29.00,34.00,29.00,26.00,71.00,12.00,149.00,15.00,0
223.00,224.00,91.00,90.00,47.00,46.00,207.00,33.00,345.00,35.00,0
23.00,19.00,2.00,9.00,8.00,2.00,33.00,3.00,33.00,5.00,0
15.00,21.00,3.00,8.00,8.00,8.00,17.00,1.00,46.00,5.00,0
43.00,45.00,25.00,18.00,24.00,29.00,29.00,7.00,86.00,9.00,0
57.00,66.00,18.00,18.00,38.00,44.00,70.00,4.00,90.00,1.00,0
44.00,48.00,19.00,16.00,25.00,24.00,43.00,10.00,131.00,13.00,0
28.00,34.00,13.00,9.00,11.00,15.00,38.00,5.00,40.00,5.00,0
114.00,108.00,62.00,59.00,94.00,91.00,210.00,11.00,319.00,9.00,0
228.00,224.00,90.00,92.00,36.00,34.00,122.00,19.00,399.00,22.00,0
123.00,116.00,35.00,40.00,40.00,47.00,49.00,4.00,109.00,6.00,0
20.00,26.00,13.00,11.00,14.00,14.00,22.00,5.00,56.00,4.00,0
606.00,611.00,162.00,161.00,164.00,167.00,331.00,38.00,1114.00,42.00,0
31.00,36.00,19.00,16.00,7.00,7.00,57.00,4.00,64.00,7.00,0
90.00,90.00,35.00,41.00,18.00,24.00,72.00,5.00,87.00,9.00,0
22.00,26.00,3.00,6.00,8.00,3.00,8.00,3.00,23.00,3.00,0
66.00,67.00,25.00,22.00,41.00,47.00,62.00,21.00,77.00,25.00,0
25.00,22.00,1.00,8.00,10.00,5.00,15.00,5.00,16.00,4.00,0
104.00,101.00,20.00,25.00,34.00,32.00,82.00,9.00,184.00,8.00,0
146.00,145.00,65.00,64.00,73.00,70.00,139.00,26.00,236.00,25.00,0
83.00,78.00,21.00,21.00,37.00,33.00,71.00,21.00,161.00,23.00,0
11.00,15.00,7.00,6.00,5.00,9.00,28.00,4.00,31.00,2.00,0
123.00,129.00,65.00,60.00,74.00,76.00,106.00,21.00,195.00,20.00,0
34.00,29.00,7.00,4.00,2.00,7.00,27.00,7.00,45.00,6.00,0
23.00,13.00,7.00,2.00,4.00,6.00,18.00,6.00,22.00,6.00,0
20.00,28.00,3.00,9.00,10.00,10.00,21.00,5.00,33.00,6.00,0
39.00,49.00,10.00,5.00,20.00,14.00,24.00,8.00,33.00,10.00,0
176.00,170.00,63.00,62.00,58.00,58.00,226.00,23.00,271.00,20.00,0
172.00,168.00,77.00,83.00,99.00,101.00,151.00,27.00,599.00,27.00,0
741.00,731.00,224.00,229.00,249.00,249.00,300.00,38.00,1056.00,35.00,0
53.00,54.00,23.00,25.00,25.00,24.00,56.00,7.00,72.00,5.00,0
237.00,229.00,73.00,76.00,70.00,75.00,232.00,67.00,308.00,72.00,0
1093.00,1099.00,935.00,939.00,564.00,569.00,1669.00,104.00,3987.00,106.00,0
2.00,10.00,1.00,1.00,0.00,3.00,3.00,0.00,12.00,1.00,0
39.00,39.00,12.00,16.00,13.00,15.00,32.00,6.00,64.00,5.00,0
138.00,137.00,63.00,61.00,28.00,25.00,55.00,24.00,145.00,25.00,0
216.00,213.00,44.00,40.00,78.00,77.00,141.00,56.00,274.00,53.00,0
49.00,50.00,23.00,18.00,7.00,11.00,61.00,5.00,87.00,2.00,0
103.00,99.00,26.00,24.00,20.00,20.00,67.00,11.00,247.00,13.00,0
32.00,26.00,17.00,12.00,8.00,11.00,38.00,1.00,53.00,1.00,0
55.00,53.00,20.00,18.00,9.00,12.00,43.00,12.00,78.00,10.00,0
0.00,11.00,1.00,3.00,6.00,0.00,6.00,3.00,10.00,1.00,0
30.00,25.00,12.00,9.00,8.00,7.00,23.00,5.00,42.00,7.00,0
23.00,28.00,8.00,14.00,9.00,6.00,28.00,5.00,40.00,4.00,0
15.00,22.00,5.00,8.00,10.00,17.00,28.00,5.00,37.00,8.00,0
220.00,214.00,100.00,97.00,69.00,75.00,131.00,40.00,205.00,41.00,0
75.00,79.00,12.00,18.00,40.00,41.00,26.00,16.00,107.00,19.00,0
115.00,107.00,35.00,30.00,61.00,56.00,169.00,5.00,297.00,9.00,0
98.00,91.00,24.00,31.00,25.00,27.00,86.00,18.00,88.00,15.00,0
73.00,66.00,17.00,20.00,39.00,38.00,45.00,16.00,93.00,20.00,0
93.00,92.00,38.00,41.00,35.00,33.00,111.00,18.00,120.00,19.00,0
12.00,18.00,12.00,9.00,3.00,5.00,22.00,5.00,36.00,5.00,0
187.00,191.00,61.00,61.00,46.00,46.00,103.00,8.00,383.00,7.00,0
2964.00,2960.00,2496.00,2502.00,1662.00,1665.00,4409.00,616.00,6880.00,616.00,0
7.00,11.00,2.00,5.00,3.00,6.00,9.00,3.00,21.00,2.00,0
4.00,12.00,1.00,9.00,9.00,4.00,3.00,3.00,18.00,1.00,0
74.00,73.00,18.00,21.00,34.00,30.00,42.00,15.00,99.00,13.00,0
35.00,38.00,23.00,20.00,21.00,23.00,36.00,3.00,60.00,2.00,0
61.00,59.00,17.00,13.00,33.00,40.00,39.00,15.00,143.00,15.00,0
280.00,273.00,120.00,114.00,136.00,136.00,352.00,19.00,494.00,19.00,0
195.00,189.00,56.00,61.00,53.00,53.00,183.00,16.00,246.00,16.00,0
331.00,325.00,129.00,124.00,92.00,92.00,403.00,55.00,403.00,55.00,0
23.00,27.00,5.00,9.00,9.00,7.00,21.00,5.00,39.00,3.00,0
101.00,108.00,25.00,30.00,58.00,61.00,74.00,25.00,250.00,23.00,0
202.00,209.00,31.00,37.00,46.00,42.00,198.00,14.00,278.00,17.00,0
64.00,58.00,17.00,21.00,14.00,18.00,69.00,3.00,101.00,4.00,0
59.00,62.00,33.00,38.00,37.00,37.00,115.00,12.00,139.00,16.00,0
34.00,29.00,19.00,16.00,11.00,12.00,59.00,12.00,70.00,11.00,0
20.00,13.00,4.00,4.00,7.00,7.00,18.00,1.00,27.00,4.00,0
15.00,19.00,4.00,9.00,8.00,7.00,15.00,3.00,36.00,3.00,0
29.00,33.00,7.00,5.00,17.00,15.00,15.00,7.00,35.00,5.00,0
19.00,17.00,6.00,1.00,3.00,7.00,11.00,4.00,15.00,4.00,0
132.00,139.00,47.00,50.00,40.00,44.00,64.00,14.00,113.00,12.00,0
59.00,65.00,18.00,21.00,28.00,32.00,34.00,15.00,99.00,12.00,0
34.00,39.00,15.00,18.00,27.00,27.00,55.00,11.00,110.00,14.00,0
25.00,29.00,14.00,9.00,6.00,7.00,29.00,1.00,48.00,1.00,0
141.00,142.00,49.00,51.00,48.00,54.00,73.00,19.00,146.00,18.00,0
20.00,15.00,10.00,10.00,7.00,11.00,27.00,4.00,31.00,7.00,0
61.00,58.00,10.00,15.00,28.00,26.00,55.00,2.00,84.00,1.00,0
22.00,18.00,10.00,12.00,10.00,11.00,13.00,4.00,23.00,2.00,0
2.00,11.00,1.00,2.00,2.00,2.00,4.00,0.00,16.00,2.00,0
65.00,61.00,36.00,40.00,39.00,34.00,53.00,11.00,135.00,11.00,0
152.00,152.00,67.00,67.00,93.00,92.00,139.00,26.00,200.00,24.00,0
43.00,40.00,18.00,15.00,9.00,15.00,19.00,10.00,48.00,10.00,0
12.00,9.00,4.00,0.00,5.00,3.00,3.00,3.00,9.00,0.00,0
114.00,116.00,54.00,58.00,81.00,76.00,208.00,46.00,264.00,47.00,0
92.00,86.00,62.00,60.00,45.00,50.00,150.00,20.00,194.00,18.00,0
31.00,24.00,7.00,4.00,7.00,13.00,16.00,3.00,59.00,2.00,0
19.00,11.00,11.00,5.00,9.00,8.00,8.00,3.00,34.00,0.00,0
452.00,448.00,94.00,98.00,123.00,124.00,437.00,90.00,779.00,89.00,0
30.00,32.00,10.00,13.00,19.00,21.00,29.00,5.00,65.00,6.00,0
67.00,70.00,33.00,36.00,18.00,20.00,63.00,8.00,135.00,11.00,0
100.00,97.00,48.00,44.00,26.00,21.00,124.00,16.00,196.00,16.00,0
52.00,58.00,18.00,24.00,31.00,38.00,79.00,11.00,93.00,15.00,0
201.00,195.00,90.00,91.00,123.00,129.00,114.00,69.00,366.00,68.00,0
69.00,75.00,34.00,37.00,16.00,13.00,33.00,7.00,70.00,4.00,0
108.00,102.00,27.00,23.00,38.00,34.00,46.00,15.00,102.00,12.00,0
26.00,22.00,15.00,12.00,16.00,20.00,26.00,6.00,59.00,4.00,0
215.00,219.00,98.00,102.00,82.00,87.00,201.00,38.00,445.00,41.00,0
44.00,44.00,11.00,8.00,11.00,10.00,30.00,10.00,71.00,9.00,0
16.00,8.00,5.00,8.00,10.00,5.00,8.00,3.00,26.00,3.00,0
401.00,395.00,119.00,121.00,95.00,90.00,221.00,34.00,427.00,34.00,0
98.00,103.00,31.00,35.00,33.00,38.00,107.00,10.00,186.00,10.00,0
147.00,146.00,42.00,39.00,66.00,63.00,127.00,27.00,199.00,30.00,0
264.00,260.00,125.00,123.00,107.00,105.00,155.00,29.00,205.00,31.00,0
105.00,108.00,62.00,59.00,23.00,26.00,80.00,28.00,210.00,31.00,0
137.00,140.00,59.00,55.00,24.00,25.00,175.00,36.00,217.00,34.00,0
39.00,41.00,21.00,21.00,17.00,13.00,54.00,5.00,69.00,4.00,0
51.00,49.00,16.00,19.00,30.00,27.00,69.00,4.00,118.00,1.00,0
60.00,59.00,23.00,25.00,17.00,15.00,23.00,15.00,92.00,14.00,0
200.00,194.00,105.00,108.00,66.00,60.00,131.00,39.00,220.00,42.00,0
228.00,235.00,77.00,82.00,83.00,83.00,367.00,57.00,375.00,55.00,0
12.00,18.00,4.00,9.00,5.00,7.00,13.00,1.00,40.00,4.00,0
279.00,281.00,80.00,83.00,178.00,173.00,411.00,115.00,672.00,115.00,0
441.00,444.00,146.00,148.00,118.00,114.00,466.00,65.00,595.00,67.00,0
217.00,218.00,71.00,68.00,41.00,45.00,208.00,13.00,231.00,12.00,0
111.00,113.00,40.00,45.00,51.00,50.00,79.00,7.00,94.00,10.00,0
146.00,141.00,77.00,74.00,52.00,48.00,207.00,45.00,215.00,47.00,0
195.00,187.00,42.00,45.00,59.00,62.00,125.00,17.00,218.00,18.00,0
107.00,105.00,54.00,51.00,31.00,33.00,59.00,11.00,121.00,16.00,0
42.00,43.00,11.00,9.00,8.00,11.00,24.00,11.00,56.00,9.00,0
34.00,29.00,22.00,23.00,10.00,8.00,54.00,6.00,68.00,10.00,0
78.00,85.00,41.00,35.00,31.00,35.00,97.00,20.00,141.00,24.00,0
55.00,50.00,19.00,23.00,28.00,31.00,49.00,4.00,121.00,5.00,0
824.00,832.00,398.00,401.00,184.00,182.00,811.00,114.00,1188.00,115.00,0
41.00,37.00,11.00,15.00,13.00,12.00,48.00,8.00,55.00,11.00,0
18.00,23.00,11.00,5.00,13.00,7.00,23.00,7.00,28.00,5.00,0
165.00,168.00,107.00,107.00,61.00,63.00,123.00,52.00,383.00,50.00,0
1261.00,1266.00,595.00,594.00,400.00,405.00,1358.00,93.00,1836.00,97.00,0
780.00,786.00,542.00,543.00,277.00,277.00,658.00,191.00,1880.00,193.00,0
407.00,415.00,211.00,208.00,223.00,219.00,287.00,104.00,544.00,104.00,0
47.00,39.00,26.00,26.00,21.00,29.00,21.00,10.00,87.00,9.00,0
121.00,115.00,23.00,23.00,41.00,46.00,86.00,10.00,103.00,13.00,0
14.00,18.00,3.00,9.00,8.00,10.00,32.00,4.00,34.00,3.00,0
747.00,739.00,328.00,331.00,191.00,187.00,427.00,156.00,740.00,157.00,0
182.00,192.00,65.00,68.00,93.00,93.00,100.00,45.00,257.00,42.00,0
483.00,486.00,142.00,145.00,203.00,201.00,362.00,110.00,437.00,111.00,0
195.00,192.00,92.00,90.00,59.00,59.00,219.00,48.00,313.00,49.00,0
183.00,184.00,56.00,58.00,49.00,47.00,180.00,25.00,529.00,22.00,0
28.00,33.00,4.00,7.00,18.00,16.00,35.00,7.00,75.00,7.00,0
41.00,45.00,12.00,7.00,8.00,12.00,30.00,9.00,34.00,9.00,0
22.00,14.00,2.00,7.00,10.00,11.00,32.00,1.00,38.00,4.00,0
77.00,76.00,42.00,45.00,24.00,32.00,74.00,7.00,140.00,12.00,0
57.00,59.00,45.00,44.00,41.00,37.00,65.00,24.00,151.00,24.00,0
815.00,809.00,183.00,178.00,145.00,142.00,534.00,103.00,918.00,100.00,0
45.00,51.00,37.00,36.00,33.00,33.00,69.00,15.00,194.00,12.00,0
102.00,108.00,41.00,45.00,29.00,33.00,88.00,2.00,95.00,6.00,0
13.00,7.00,2.00,9.00,4.00,7.00,13.00,2.00,28.00,5.00,0
33.00,27.00,18.00,14.00,26.00,20.00,26.00,6.00,43.00,11.00,0
94.00,96.00,26.00,20.00,61.00,68.00,89.00,18.00,177.00,18.00,0
64.00,71.00,17.00,22.00,31.00,27.00,36.00,7.00,110.00,5.00,0
25.00,28.00,9.00,9.00,11.00,12.00,46.00,5.00,64.00,8.00,0
189.00,186.00,75.00,72.00,36.00,34.00,183.00,30.00,370.00,30.00,0
56.00,61.00,23.00,24.00,19.00,15.00,29.00,16.00,82.00,15.00,0
321.00,320.00,161.00,159.00,120.00,116.00,320.00,69.00,432.00,71.00,0
301.00,302.00,161.00,163.00,170.00,173.00,387.00,57.00,468.00,60.00,0
51.00,54.00,25.00,24.00,11.00,16.00,51.00,9.00,87.00,11.00,0
69.00,76.00,27.00,27.00,27.00,31.00,111.00,5.00,139.00,2.00,0
13.00,18.00,1.00,4.00,1.00,6.00,10.00,1.00,24.00,0.00,0
22.00,19.00,3.00,8.00,3.00,6.00,6.00,4.00,27.00,5.00,0
75.00,77.00,31.00,27.00,37.00,42.00,74.00,21.00,205.00,20.00,0
119.00,127.00,62.00,63.00,87.00,86.00,175.00,32.00,299.00,33.00,0
18.00,18.00,14.00,9.00,6.00,3.00,10.00,2.00,30.00,4.00,0
12.00,12.00,6.00,2.00,6.00,4.00,6.00,4.00,18.00,1.00,0
176.00,167.00,54.00,52.00,102.00,100.00,109.00,30.00,306.00,32.00,0
424.00,418.00,175.00,174.00,129.00,129.00,405.00,80.00,633.00,80.00,0
16.00,18.00,8.00,3.00,5.00,7.00,34.00,3.00,45.00,4.00,0
46.00,40.00,24.00,30.00,23.00,24.00,35.00,18.00,118.00,19.00,0
36.00,43.00,17.00,13.00,10.00,17.00,29.00,1.00,60.00,4.00,0
20.00,22.00,3.00,4.00,9.00,9.00,13.00,5.00,39.00,4.00,0
27.00,32.00,12.00,15.00,12.00,11.00,25.00,1.00,39.00,5.00,0
60.00,56.00,17.00,13.00,25.00,21.00,53.00,11.00,123.00,11.00,0
41.00,48.00,24.00,21.00,18.00,16.00,35.00,2.00,50.00,3.00,0
50.00,51.00,25.00,27.00,21.00,27.00,34.00,15.00,55.00,17.00,0
34.00,26.00,14.00,18.00,19.00,14.00,49.00,8.00,84.00,8.00,0
131.00,126.00,40.00,35.00,49.00,54.00,80.00,9.00,96.00,13.00,0
73.00,71.00,26.00,27.00,51.00,47.00,123.00,18.00,131.00,19.00,0
34.00,32.00,9.00,8.00,16.00,15.00,36.00,4.00,43.00,7.00,0
52.00,47.00,12.00,17.00,12.00,13.00,79.00,9.00,123.00,6.00,0
399.00,402.00,82.00,88.00,94.00,94.00,271.00,77.00,409.00,79.00,0
89.00,92.00,38.00,39.00,35.00,38.00,61.00,11.00,113.00,13.00,0
320.00,322.00,227.00,223.00,197.00,196.00,397.00,89.00,951.00,93.00,0
21.00,24.00,9.00,5.00,5.00,10.00,16.00,2.00,36.00,1.00,0
308.00,311.00,88.00,88.00,67.00,73.00,106.00,15.00,345.00,13.00,0
96.00,88.00,26.00,28.00,29.00,29.00,151.00,5.00,157.00,4.00,0
19.00,22.00,14.00,15.00,6.00,8.00,30.00,6.00,49.00,10.00,0
6.00,9.00,7.00,3.00,0.00,6.00,11.00,1.00,16.00,5.00,0
21.00,18.00,6.00,4.00,11.00,7.00,14.00,2.00,34.00,0.00,0
179.00,181.00,63.00,64.00,126.00,131.00,307.00,19.00,676.00,19.00,0
13.00,21.00,10.00,6.00,7.00,6.00,15.00,3.00,19.00,1.00,0
23.00,26.00,10.00,9.00,7.00,10.00,11.00,7.00,40.00,5.00,0
43.00,43.00,11.00,13.00,19.00,25.00,25.00,5.00,68.00,9.00,0
40.00,37.00,26.00,31.00,30.00,31.00,53.00,15.00,91.00,15.00,0
50.00,48.00,14.00,17.00,37.00,40.00,43.00,6.00,107.00,6.00,0
351.00,347.00,115.00,119.00,66.00,64.00,207.00,77.00,427.00,76.00,0
84.00,83.00,45.00,39.00,52.00,50.00,145.00,5.00,170.00,6.00,0
61.00,61.00,8.00,11.00,17.00,18.00,49.00,7.00,66.00,11.00,0
41.00,33.00,18.00,25.00,20.00,16.00,26.00,8.00,99.00,7.00,0
1030.00,1029.00,516.00,512.00,429.00,431.00,770.00,116.00,1218.00,115.00,0
173.00,169.00,53.00,53.00,72.00,69.00,210.00,28.00,319.00,26.00,0
61.00,53.00,19.00,16.00,12.00,13.00,55.00,4.00,110.00,3.00,0
26.00,22.00,15.00,21.00,16.00,20.00,40.00,1.00,40.00,4.00,0
24.00,32.00,17.00,22.00,7.00,10.00,53.00,8.00,64.00,9.00,0
105.00,98.00,32.00,38.00,21.00,16.00,46.00,4.00,107.00,5.00,0
22.00,32.00,8.00,7.00,10.00,8.00,11.00,1.00,27.00,1.00,0
151.00,144.00,53.00,48.00,39.00,37.00,118.00,14.00,122.00,11.00,0
126.00,123.00,29.00,35.00,46.00,47.00,55.00,31.00,129.00,34.00,0
9.00,18.00,4.00,5.00,5.00,6.00,15.00,2.00,16.00,0.00,0
149.00,145.00,48.00,52.00,124.00,124.00,186.00,38.00,339.00,38.00,0
24.00,24.00,8.00,7.00,10.00,9.00,14.00,4.00,29.00,4.00,0
289.00,293.00,109.00,115.00,152.00,152.00,274.00,64.00,569.00,66.00,0
19.00,10.00,10.00,7.00,7.00,9.00,13.00,1.00,17.00,6.00,0
14.00,14.00,7.00,1.00,4.00,1.00,8.00,0.00,31.00,4.00,0
49.00,48.00,19.00,16.00,10.00,14.00,26.00,11.00,54.00,10.00,0
34.00,31.00,7.00,15.00,13.00,7.00,25.00,7.00,34.00,7.00,0
68.00,71.00,31.00,36.00,31.00,33.00,82.00,7.00,95.00,7.00,0
33.00,30.00,20.00,14.00,11.00,17.00,20.00,3.00,53.00,2.00,0
23.00,28.00,8.00,6.00,8.00,7.00,28.00,3.00,39.00,6.00,0
17.00,16.00,7.00,5.00,6.00,10.00,10.00,4.00,26.00,5.00,0
13.00,16.00,1.00,7.00,4.00,6.00,16.00,0.00,51.00,3.00,0
8.00,4.00,4.00,0.00,2.00,4.00,4.00,2.00,17.00,0.00,0
22.00,13.00,3.00,7.00,10.00,13.00,9.00,3.00,29.00,4.00,0
29.00,25.00,8.00,10.00,2.00,10.00,15.00,2.00,43.00,7.00,0
247.00,251.00,203.00,204.00,179.00,180.00,337.00,39.00,447.00,37.00,0
34.00,41.00,17.00,18.00,19.00,16.00,47.00,5.00,56.00,3.00,0
148.00,150.00,48.00,46.00,80.00,75.00,152.00,11.00,233.00,11.00,0
98.00,93.00,37.00,42.00,46.00,41.00,73.00,17.00,79.00,18.00,0
32.00,25.00,19.00,19.00,12.00,9.00,37.00,5.00,44.00,2.00,0
81.00,75.00,33.00,28.00,45.00,46.00,64.00,18.00,90.00,19.00,0
332.00,330.00,96.00,101.00,92.00,90.00,232.00,19.00,450.00,21.00,0
28.00,20.00,5.00,5.00,11.00,5.00,10.00,0.00,22.00,4.00,0
13.00,22.00,4.00,3.00,9.00,4.00,6.00,3.00,28.00,3.00,0
26.00,31.00,10.00,17.00,13.00,20.00,26.00,7.00,56.00,12.00,0
67.00,64.00,26.00,28.00,24.00,25.00,43.00,9.00,89.00,9.00,0
271.00,275.00,72.00,78.00,121.00,127.00,341.00,25.00,411.00,22.00,0
164.00,158.00,67.00,68.00,29.00,32.00,210.00,33.00,255.00,32.00,0
12.00,20.00,6.00,10.00,9.00,8.00,14.00,5.00,32.00,6.00,0
43.00,41.00,18.00,12.00,33.00,33.00,28.00,15.00,86.00,15.00,0
78.00,78.00,43.00,47.00,43.00,47.00,47.00,13.00,176.00,14.00,0
95.00,103.00,40.00,42.00,38.00,42.00,133.00,13.00,158.00,12.00,0
12.00,8.00,4.00,5.00,9.00,5.00,7.00,3.00,24.00,3.00,0
58.00,51.00,47.00,53.00,44.00,46.00,73.00,19.00,80.00,17.00,0
53.00,49.00,12.00,10.00,25.00,29.00,39.00,8.00,125.00,11.00,0
13.00,6.00,4.00,6.00,5.00,4.00,18.00,4.00,23.00,2.00,0
545.00,540.00,214.00,211.00,202.00,197.00,285.00,67.00,569.00,64.00,0
112.00,119.00,53.00,50.00,104.00,110.00,138.00,7.00,293.00,10.00,0
65.00,62.00,22.00,23.00,27.00,24.00,66.00,3.00,123.00,5.00,0
667.00,662.00,273.00,278.00,177.00,175.00,594.00,116.00,808.00,114.00,0
193.00,201.00,68.00,70.00,107.00,104.00,269.00,50.00,468.00,53.00,0
119.00,114.00,37.00,40.00,28.00,26.00,113.00,17.00,153.00,19.00,0
326.00,335.00,190.00,190.00,88.00,94.00,260.00,23.00,380.00,24.00,0
19.00,26.00,6.00,5.00,1.00,6.00,8.00,0.00,31.00,4.00,0
138.00,135.00,71.00,73.00,36.00,33.00,164.00,26.00,189.00,28.00,0
21.00,28.00,10.00,12.00,9.00,3.00,26.00,4.00,39.00,1.00,0
118.00,114.00,57.00,60.00,52.00,54.00,61.00,13.00,116.00,13.00,0
39.00,33.00,16.00,21.00,20.00,21.00,29.00,10.00,75.00,13.00,0
7.00,14.00,0.00,3.00,0.00,4.00,4.00,3.00,19.00,0.00,0
190.00,200.00,74.00,77.00,69.00,77.00,236.00,63.00,368.00,66.00,0
21.00,22.00,9.00,7.00,9.00,15.00,17.00,4.00,38.00,4.00,0
37.00,37.00,9.00,12.00,31.00,27.00,28.00,11.00,93.00,11.00,0
87.00,92.00,49.00,49.00,31.00,28.00,143.00,15.00,154.00,17.00,0
22.00,25.00,14.00,9.00,9.00,9.00,21.00,5.00,72.00,2.00,0
398.00,398.00,138.00,139.00,90.00,96.00,321.00,60.00,396.00,64.00,0
19.00,17.00,4.00,6.00,8.00,7.00,18.00,0.00,28.00,1.00,0
40.00,39.00,19.00,16.00,17.00,15.00,35.00,8.00,63.00,7.00,0
25.00,23.00,8.00,13.00,7.00,13.00,33.00,3.00,45.00,3.00,0
77.00,74.00,38.00,33.00,45.00,48.00,89.00,9.00,112.00,14.00,0
565.00,561.00,179.00,184.00,152.00,151.00,236.00,28.00,814.00,28.00,0
115.00,120.00,41.00,41.00,48.00,53.00,68.00,5.00,125.00,5.00,0
304.00,296.00,137.00,139.00,167.00,167.00,487.00,75.00,520.00,76.00,0
26.00,22.00,6.00,9.00,6.00,10.00,19.00,7.00,44.00,7.00,0
188.00,195.00,57.00,57.00,42.00,42.00,115.00,17.00,210.00,19.00,0
1477.00,1485.00,1215.00,1209.00,572.00,567.00,1251.00,277.00,2592.00,275.00,0
54.00,56.00,40.00,34.00,39.00,41.00,54.00,4.00,183.00,3.00,0
155.00,152.00,112.00,109.00,90.00,91.00,281.00,63.00,475.00,65.00,0
20.00,20.00,8.00,7.00,6.00,11.00,19.00,1.00,40.00,2.00,0
15.00,13.00,3.00,3.00,9.00,6.00,24.00,0.00,28.00,1.00,0
28.00,28.00,12.00,19.00,12.00,9.00,25.00,6.00,101.00,7.00,0
422.00,427.00,152.00,155.00,120.00,122.00,205.00,43.00,668.00,44.00,0
892.00,895.00,184.00,191.00,199.00,194.00,525.00,100.00,830.00,101.00,0
21.00,25.00,5.00,2.00,11.00,8.00,10.00,0.00,27.00,2.00,0
220.00,212.00,87.00,84.00,112.00,108.00,264.00,30.00,283.00,30.00,0
39.00,47.00,12.00,16.00,12.00,13.00,48.00,4.00,130.00,1.00,0
659.00,659.00,254.00,258.00,229.00,233.00,262.00,162.00,607.00,159.00,0
158.00,160.00,52.00,56.00,62.00,67.00,149.00,36.00,275.00,34.00,0
171.00,180.00,31.00,36.00,88.00,86.00,108.00,9.00,210.00,8.00,0
75.00,82.00,35.00,29.00,15.00,12.00,41.00,5.00,59.00,9.00,0
34.00,30.00,18.00,16.00,23.00,20.00,41.00,2.00,102.00,6.00,0
12.00,9.00,0.00,3.00,4.00,0.00,3.00,0.00,12.00,1.00,0
18.00,16.00,7.00,4.00,11.00,13.00,11.00,0.00,43.00,2.00,0
268.00,267.00,106.00,105.00,79.00,81.00,141.00,35.00,190.00,39.00,0
53.00,48.00,5.00,11.00,23.00,19.00,49.00,7.00,57.00,7.00,0
153.00,151.00,31.00,27.00,46.00,46.00,204.00,30.00,253.00,33.00,0
75.00,71.00,15.00,19.00,34.00,40.00,88.00,4.00,93.00,1.00,0
684.00,681.00,216.00,222.00,294.00,290.00,431.00,28.00,1204.00,30.00,0
86.00,94.00,27.00,24.00,32.00,36.00,96.00,19.00,180.00,19.00,0
305.00,305.00,103.00,102.00,139.00,134.00,212.00,65.00,462.00,62.00,0
23.00,32.00,16.00,19.00,10.00,10.00,34.00,4.00,45.00,1.00,0
139.00,147.00,39.00,41.00,80.00,76.00,68.00,24.00,181.00,25.00,0
37.00,43.00,11.00,10.00,11.00,15.00,27.00,6.00,31.00,6.00,0
340.00,344.00,62.00,64.00,63.00,58.00,129.00,65.00,514.00,67.00,0
149.00,146.00,45.00,45.00,66.00,69.00,114.00,7.00,169.00,10.00,0
26.00,19.00,17.00,14.00,12.00,6.00,34.00,6.00,61.00,9.00,0
15.00,16.00,9.00,9.00,5.00,12.00,11.00,1.00,24.00,3.00,0
15.00,16.00,9.00,11.00,8.00,8.00,32.00,7.00,42.00,4.00,0
250.00,248.00,55.00,51.00,109.00,105.00,210.00,52.00,452.00,53.00,0
778.00,777.00,495.00,497.00,716.00,714.00,1263.00,162.00,2527.00,163.00,0
566.00,557.00,184.00,188.00,431.00,428.00,566.00,53.00,1120.00,56.00,0
130.00,138.00,25.00,27.00,42.00,44.00,82.00,19.00,121.00,21.00,0
13.00,3.00,7.00,1.00,0.00,3.00,7.00,1.00,10.00,1.00,0
33.00,40.00,14.00,17.00,10.00,11.00,18.00,4.00,39.00,8.00,0
33.00,29.00,12.00,7.00,16.00,21.00,27.00,11.00,82.00,10.00,0
91.00,94.00,67.00,68.00,64.00,65.00,248.00,28.00,257.00,26.00,0
121.00,115.00,37.00,39.00,27.00,23.00,147.00,17.00,199.00,20.00,0
41.00,42.00,17.00,23.00,14.00,20.00,78.00,14.00,85.00,17.00,0
300.00,296.00,83.00,87.00,85.00,87.00,245.00,16.00,364.00,20.00,0
90.00,95.00,42.00,46.00,28.00,28.00,163.00,6.00,168.00,9.00,0
26.00,22.00,6.00,6.00,12.00,9.00,21.00,6.00,56.00,6.00,0
500.00,505.00,190.00,188.00,122.00,119.00,435.00,25.00,727.00,24.00,0
335.00,331.00,94.00,90.00,105.00,111.00,185.00,39.00,598.00,38.00,0
165.00,159.00,65.00,70.00,33.00,37.00,166.00,31.00,229.00,33.00,0
324.00,332.00,78.00,78.00,142.00,144.00,205.00,69.00,718.00,70.00,0
74.00,74.00,31.00,36.00,30.00,25.00,96.00,3.00,145.00,3.00,0
40.00,37.00,16.00,12.00,15.00,21.00,27.00,1.00,37.00,1.00,0
59.00,56.00,26.00,30.00,15.00,19.00,42.00,13.00,133.00,12.00,0
315.00,318.00,133.00,140.00,147.00,148.00,707.00,73.00,773.00,71.00,0
42.00,42.00,18.00,14.00,23.00,21.00,35.00,8.00,102.00,6.00,0
66.00,76.00,40.00,40.00,51.00,51.00,49.00,9.00,169.00,6.00,0
121.00,128.00,50.00,57.00,53.00,57.00,95.00,37.00,326.00,36.00,0
94.00,105.00,74.00,75.00,68.00,75.00,50.00,10.00,169.00,12.00,0
831.00,836.00,154.00,154.00,344.00,347.00,312.00,92.00,995.00,96.00,0
32.00,40.00,8.00,12.00,27.00,22.00,33.00,10.00,69.00,13.00,0
20.00,25.00,16.00,20.00,9.00,5.00,34.00,4.00,89.00,5.00,0
842.00,838.00,629.00,633.00,469.00,464.00,901.00,215.00,1115.00,216.00,0
110.00,107.00,64.00,62.00,76.00,75.00,126.00,33.00,355.00,35.00,0
42.00,52.00,9.00,12.00,9.00,11.00,31.00,1.00,32.00,4.00,0
37.00,36.00,21.00,22.00,18.00,23.00,53.00,1.00,84.00,2.00,0
32.00,38.00,12.00,7.00,16.00,19.00,12.00,1.00,44.00,1.00,0
20.00,15.00,11.00,12.00,13.00,17.00,23.00,4.00,38.00,7.00,0
156.00,157.00,42.00,44.00,34.00,37.00,86.00,17.00,185.00,20.00,0
38.00,41.00,21.00,19.00,16.00,20.00,33.00,1.00,86.00,5.00,0
82.00,86.00,38.00,38.00,13.00,16.00,61.00,12.00,87.00,11.00,0
48.00,51.00,14.00,18.00,17.00,11.00,52.00,7.00,74.00,10.00,0
52.00,49.00,12.00,14.00,23.00,23.00,65.00,14.00,139.00,16.00,0
11.00,8.00,1.00,5.00,2.00,5.00,11.00,1.00,23.00,2.00,0
298.00,292.00,121.00,126.00,151.00,153.00,173.00,82.00,479.00,79.00,0
50.00,47.00,13.00,19.00,12.00,15.00,34.00,13.00,58.00,15.00,0
23.00,16.00,4.00,4.00,6.00,12.00,18.00,4.00,38.00,5.00,0
19.00,12.00,6.00,4.00,1.00,5.00,17.00,1.00,24.00,0.00,0
189.00,187.00,45.00,44.00,40.00,45.00,202.00,6.00,204.00,8.00,0
109.00,103.00,38.00,41.00,43.00,46.00,46.00,19.00,119.00,21.00,0
32.00,38.00,13.00,8.00,18.00,15.00,12.00,9.00,41.00,8.00,0
378.00,383.00,165.00,164.00,149.00,151.00,345.00,27.00,393.00,27.00,0
41.00,39.00,4.00,8.00,7.00,13.00,25.00,3.00,82.00,3.00,0
67.00,65.00,32.00,29.00,22.00,18.00,72.00,3.00,111.00,3.00,0
37.00,47.00,11.00,17.00,26.00,20.00,43.00,14.00,58.00,17.00,0
58.00,65.00,39.00,40.00,34.00,33.00,89.00,14.00,147.00,14.00,0
25.00,29.00,9.00,5.00,11.00,15.00,28.00,1.00,54.00,2.00,0
97.00,95.00,81.00,83.00,64.00,71.00,108.00,31.00,152.00,31.00,0
48.00,50.00,20.00,24.00,9.00,9.00,38.00,3.00,53.00,4.00,0
203.00,197.00,104.00,111.00,94.00,88.00,164.00,41.00,571.00,38.00,0
54.00,50.00,21.00,24.00,20.00,16.00,40.00,11.00,90.00,9.00,0
112.00,118.00,85.00,86.00,53.00,55.00,129.00,14.00,302.00,15.00,0
24.00,31.00,11.00,8.00,13.00,7.00,14.00,8.00,57.00,11.00,0
52.00,50.00,16.00,16.00,27.00,34.00,69.00,17.00,97.00,20.00,0
6.00,12.00,6.00,9.00,6.00,9.00,12.00,3.00,15.00,1.00,0
80.00,76.00,29.00,29.00,31.00,35.00,25.00,2.00,76.00,6.00,0
59.00,52.00,28.00,22.00,25.00,20.00,94.00,15.00,131.00,15.00,0
75.00,70.00,37.00,38.00,33.00,35.00,55.00,10.00,91.00,12.00,0
33.00,35.00,8.00,7.00,15.00,11.00,28.00,8.00,54.00,6.00,0
150.00,155.00,62.00,58.00,35.00,32.00,91.00,6.00,124.00,4.00,0
17.00,15.00,4.00,6.00,2.00,2.00,9.00,0.00,21.00,2.00,0
22.00,25.00,13.00,12.00,4.00,8.00,26.00,4.00,50.00,7.00,0
48.00,45.00,12.00,13.00,11.00,8.00,27.00,2.00,108.00,2.00,0
47.00,44.00,8.00,12.00,19.00,23.00,60.00,13.00,65.00,12.00,0
168.00,168.00,47.00,50.00,62.00,65.00,81.00,34.00,279.00,37.00,0
59.00,68.00,14.00,18.00,12.00,15.00,37.00,8.00,90.00,6.00,0
27.00,32.00,5.00,9.00,10.00,8.00,14.00,1.00,46.00,0.00,0
37.00,37.00,23.00,24.00,20.00,16.00,59.00,4.00,64.00,6.00,0
365.00,370.00,103.00,101.00,211.00,212.00,596.00,23.00,967.00,22.00,0
98.00,101.00,37.00,42.00,41.00,41.00,37.00,22.00,142.00,20.00,0
50.00,52.00,14.00,11.00,21.00,24.00,29.00,12.00,105.00,12.00,0
16.00,13.00,2.00,7.00,7.00,4.00,11.00,0.00,15.00,3.00,0
428.00,426.00,95.00,100.00,91.00,97.00,321.00,33.00,904.00,31.00,0
99.00,104.00,41.00,39.00,33.00,35.00,106.00,9.00,151.00,8.00,0
8.00,14.00,8.00,7.00,7.00,13.00,17.00,3.00,31.00,4.00,0
127.00,126.00,39.00,41.00,42.00,44.00,57.00,23.00,144.00,20.00,0
2070.00,2080.00,896.00,897.00,1060.00,1066.00,1430.00,291.00,4943.00,294.00,0
127.00,133.00,28.00,33.00,36.00,34.00,141.00,39.00,248.00,36.00,0
221.00,217.00,118.00,125.00,101.00,103.00,351.00,30.00,729.00,29.00,0
374.00,378.00,115.00,119.00,162.00,157.00,174.00,63.00,297.00,65.00,0
7.00,11.00,1.00,6.00,5.00,4.00,7.00,2.00,15.00,1.00,0
33.00,31.00,22.00,18.00,20.00,23.00,67.00,11.00,75.00,13.00,0
112.00,114.00,59.00,55.00,48.00,53.00,129.00,22.00,149.00,24.00,0
17.00,14.00,11.00,9.00,8.00,12.00,27.00,3.00,30.00,3.00,0
98.00,92.00,42.00,38.00,61.00,66.00,88.00,12.00,101.00,9.00,0
40.00,40.00,20.00,23.00,20.00,23.00,26.00,13.00,75.00,11.00,0
220.00,231.00,74.00,77.00,67.00,67.00,186.00,26.00,259.00,29.00,0
9.00,7.00,1.00,4.00,1.00,3.00,8.00,1.00,13.00,1.00,0
120.00,115.00,79.00,81.00,106.00,111.00,220.00,9.00,421.00,8.00,0
977.00,980.00,262.00,261.00,305.00,303.00,786.00,209.00,2272.00,210.00,0
21.00,26.00,7.00,8.00,7.00,9.00,30.00,4.00,42.00,6.00,0
52.00,55.00,37.00,33.00,34.00,35.00,50.00,24.00,93.00,24.00,0
251.00,243.00,133.00,141.00,136.00,131.00,205.00,30.00,525.00,27.00,0
79.00,75.00,26.00,30.00,31.00,36.00,27.00,5.00,77.00,3.00,0
130.00,138.00,53.00,55.00,42.00,38.00,66.00,26.00,151.00,23.00,0
4.00,7.00,5.00,0.00,4.00,0.00,6.00,0.00,20.00,4.00,0
263.00,261.00,54.00,58.00,58.00,58.00,249.00,57.00,282.00,55.00,0
40.00,46.00,19.00,17.00,10.00,15.00,36.00,2.00,61.00,1.00,0
14.00,12.00,7.00,5.00,1.00,7.00,20.00,5.00,28.00,2.00,0
143.00,150.00,55.00,49.00,51.00,45.00,96.00,16.00,383.00,17.00,0
127.00,127.00,47.00,45.00,56.00,54.00,94.00,19.00,195.00,16.00,0
551.00,552.00,183.00,188.00,178.00,182.00,751.00,54.00,808.00,57.00,0
61.00,57.00,17.00,16.00,16.00,12.00,31.00,12.00,70.00,14.00,0
285.00,293.00,151.00,155.00,114.00,113.00,489.00,72.00,525.00,70.00,0
28.00,37.00,8.00,12.00,9.00,6.00,29.00,7.00,56.00,5.00,0
59.00,59.00,19.00,17.00,33.00,33.00,95.00,23.00,120.00,20.00,0
109.00,103.00,23.00,25.00,30.00,31.00,68.00,16.00,162.00,16.00,0
587.00,587.00,307.00,311.00,342.00,345.00,599.00,102.00,1542.00,104.00,0
25.00,30.00,13.00,19.00,11.00,16.00,21.00,6.00,58.00,10.00,0
31.00,26.00,14.00,13.00,3.00,9.00,34.00,3.00,40.00,6.00,0
434.00,428.00,310.00,317.00,339.00,340.00,830.00,84.00,967.00,87.00,0
249.00,246.00,124.00,122.00,151.00,155.00,251.00,30.00,534.00,29.00,0
18.00,17.00,8.00,12.00,7.00,5.00,21.00,1.00,30.00,3.00,0
24.00,21.00,6.00,4.00,10.00,9.00,18.00,2.00,25.00,3.00,0
56.00,47.00,15.00,10.00,19.00,19.00,16.00,3.00,54.00,1.00,0
42.00,38.00,14.00,10.00,14.00,17.00,24.00,10.00,93.00,10.00,0
78.00,77.00,12.00,14.00,22.00,27.00,49.00,15.00,77.00,18.00,0
45.00,53.00,25.00,31.00,11.00,11.00,61.00,6.00,74.00,9.00,0
73.00,75.00,27.00,30.00,33.00,31.00,38.00,2.00,114.00,4.00,0
12.00,21.00,7.00,10.00,12.00,11.00,8.00,4.00,30.00,4.00,0
71.00,73.00,19.00,22.00,12.00,15.00,45.00,14.00,169.00,13.00,0
6.00,8.00,3.00,1.00,1.00,6.00,5.00,1.00,10.00,3.00,0
63.00,71.00,32.00,37.00,24.00,20.00,69.00,4.00,167.00,6.00,0
281.00,283.00,103.00,108.00,125.00,128.00,171.00,68.00,289.00,71.00,0
290.00,299.00,93.00,99.00,68.00,72.00,82.00,65.00,324.00,68.00,0
25.00,30.00,11.00,12.00,10.00,11.00,28.00,2.00,36.00,5.00,0
198.00,193.00,50.00,51.00,50.00,51.00,92.00,34.00,168.00,32.00,0
33.00,39.00,21.00,27.00,14.00,18.00,82.00,5.00,90.00,7.00,0
33.00,32.00,13.00,9.00,8.00,14.00,24.00,8.00,27.00,6.00,0
109.00,117.00,24.00,23.00,28.00,24.00,68.00,9.00,76.00,11.00,0
133.00,130.00,39.00,40.00,43.00,47.00,69.00,10.00,244.00,11.00,0
76.00,83.00,15.00,14.00,23.00,27.00,57.00,2.00,151.00,2.00,0
33.00,37.00,14.00,13.00,10.00,14.00,23.00,7.00,48.00,4.00,0
15.00,10.00,7.00,4.00,5.00,2.00,9.00,4.00,40.00,2.00,0
130.00,127.00,31.00,30.00,38.00,40.00,157.00,35.00,299.00,34.00,0
34.00,36.00,8.00,7.00,15.00,15.00,16.00,0.00,60.00,2.00,0
27.00,25.00,9.00,14.00,10.00,8.00,18.00,0.00,42.00,2.00,0
23.00,29.00,11.00,13.00,16.00,16.00,41.00,7.00,49.00,8.00,0
98.00,102.00,32.00,37.00,52.00,50.00,93.00,19.00,139.00,18.00,0
447.00,440.00,130.00,136.00,199.00,199.00,738.00,41.00,885.00,41.00,0
13.00,17.00,7.00,13.00,12.00,16.00,34.00,7.00,46.00,6.00,0
28.00,30.00,8.00,6.00,11.00,17.00,47.00,5.00,61.00,6.00,0
185.00,190.00,108.00,103.00,147.00,154.00,263.00,45.00,417.00,43.00,0
18.00,24.00,11.00,13.00,11.00,17.00,23.00,9.00,32.00,6.00,0
26.00,36.00,9.00,9.00,17.00,13.00,29.00,1.00,41.00,1.00,0
179.00,175.00,52.00,49.00,70.00,74.00,153.00,33.00,181.00,36.00,0
18.00,11.00,5.00,3.00,3.00,8.00,6.00,1.00,25.00,0.00,0
56.00,62.00,31.00,35.00,15.00,19.00,70.00,8.00,135.00,10.00,0
217.00,213.00,85.00,85.00,66.00,68.00,233.00,16.00,422.00,15.00,0
47.00,46.00,12.00,19.00,21.00,28.00,47.00,4.00,49.00,0.00,0
49.00,46.00,34.00,35.00,22.00,25.00,55.00,3.00,135.00,6.00,0
90.00,86.00,41.00,46.00,49.00,48.00,46.00,9.00,107.00,6.00,0
70.00,75.00,49.00,53.00,62.00,60.00,87.00,28.00,227.00,25.00,0
101.00,92.00,23.00,28.00,58.00,51.00,95.00,8.00,124.00,8.00,0
26.00,22.00,7.00,9.00,13.00,15.00,26.00,3.00,57.00,4.00,0
395.00,387.00,243.00,239.00,262.00,263.00,393.00,40.00,437.00,38.00,0
89.00,85.00,32.00,28.00,34.00,32.00,75.00,17.00,82.00,16.00,0
142.00,138.00,55.00,50.00,79.00,82.00,159.00,44.00,295.00,47.00,0
20.00,23.00,14.00,12.00,12.00,8.00,42.00,7.00,62.00,4.00,0
478.00,483.00,96.00,100.00,114.00,113.00,211.00,51.00,408.00,55.00,0
28.00,30.00,9.00,16.00,5.00,9.00,22.00,9.00,44.00,8.00,0
312.00,320.00,87.00,90.00,150.00,152.00,264.00,87.00,334.00,87.00,0
32.00,36.00,5.00,10.00,18.00,18.00,19.00,7.00,62.00,5.00,0
26.00,21.00,11.00,5.00,16.00,14.00,14.00,5.00,45.00,5.00,0
26.00,26.00,7.00,8.00,8.00,11.00,17.00,5.00,48.00,5.00,0
48.00,53.00,37.00,32.00,15.00,16.00,110.00,14.00,124.00,11.00,0
74.00,70.00,40.00,41.00,38.00,36.00,138.00,27.00,156.00,27.00,0
32.00,27.00,21.00,17.00,15.00,10.00,37.00,2.00,77.00,4.00,0
130.00,126.00,34.00,38.00,55.00,53.00,180.00,35.00,228.00,34.00,0
48.00,56.00,19.00,16.00,15.00,9.00,32.00,16.00,100.00,17.00,0
761.00,762.00,240.00,245.00,212.00,213.00,321.00,55.00,762.00,56.00,0
16.00,21.00,12.00,7.00,6.00,1.00,10.00,3.00,21.00,0.00,0
149.00,152.00,64.00,62.00,56.00,60.00,98.00,20.00,281.00,20.00,0
99.00,95.00,21.00,20.00,26.00,22.00,119.00,9.00,155.00,7.00,0
12.00,18.00,6.00,5.00,9.00,6.00,34.00,2.00,39.00,2.00,0
40.00,43.00,21.00,21.00,15.00,18.00,28.00,11.00,52.00,12.00,0
20.00,12.00,12.00,6.00,6.00,5.00,17.00,6.00,18.00,3.00,0
329.00,337.00,65.00,64.00,126.00,121.00,109.00,60.00,428.00,57.00,0
88.00,85.00,35.00,33.00,46.00,43.00,88.00,11.00,176.00,15.00,0
15.00,14.00,7.00,3.00,7.00,7.00,14.00,5.00,21.00,2.00,0
36.00,39.00,10.00,14.00,13.00,12.00,52.00,13.00,80.00,12.00,0
29.00,26.00,17.00,20.00,6.00,9.00,17.00,7.00,51.00,7.00,0
133.00,127.00,40.00,45.00,39.00,39.00,80.00,30.00,241.00,28.00,0
135.00,131.00,27.00,31.00,49.00,55.00,104.00,28.00,107.00,29.00,0
81.00,76.00,22.00,19.00,18.00,23.00,93.00,11.00,114.00,14.00,0
140.00,131.00,45.00,45.00,73.00,76.00,230.00,55.00,349.00,52.00,0
55.00,46.00,25.00,30.00,36.00,42.00,52.00,4.00,64.00,4.00,0
177.00,177.00,51.00,46.00,33.00,37.00,164.00,34.00,193.00,36.00,0
16.00,24.00,4.00,4.00,6.00,10.00,14.00,3.00,25.00,4.00,0
308.00,300.00,86.00,82.00,67.00,67.00,275.00,44.00,482.00,47.00,0
4.00,13.00,0.00,5.00,3.00,1.00,9.00,3.00,19.00,3.00,0
66.00,58.00,32.00,34.00,21.00,26.00,57.00,11.00,62.00,13.00,0
88.00,94.00,61.00,62.00,50.00,55.00,124.00,12.00,219.00,16.00,0
61.00,58.00,15.00,14.00,24.00,24.00,32.00,13.00,102.00,11.00,0
26.00,35.00,19.00,15.00,14.00,18.00,21.00,10.00,84.00,14.00,0
123.00,122.00,30.00,32.00,54.00,51.00,69.00,12.00,230.00,10.00,0
200.00,209.00,79.00,85.00,43.00,43.00,111.00,17.00,189.00,20.00,0
49.00,47.00,40.00,47.00,24.00,17.00,49.00,5.00,77.00,3.00,0
274.00,274.00,61.00,64.00,137.00,138.00,258.00,42.00,473.00,44.00,0
228.00,232.00,76.00,77.00,34.00,38.00,261.00,52.00,299.00,55.00,0
50.00,58.00,31.00,28.00,30.00,28.00,50.00,15.00,134.00,15.00,0
133.00,132.00,32.00,29.00,34.00,40.00,150.00,28.00,214.00,25.00,0
164.00,159.00,65.00,61.00,40.00,41.00,145.00,39.00,213.00,39.00,0
83.00,87.00,25.00,27.00,27.00,27.00,39.00,5.00,100.00,2.00,0
154.00,161.00,62.00,61.00,79.00,79.00,77.00,42.00,232.00,40.00,0
68.00,68.00,39.00,35.00,38.00,38.00,75.00,16.00,112.00,14.00,0
161.00,165.00,23.00,31.00,30.00,28.00,81.00,16.00,143.00,16.00,0
60.00,56.00,39.00,43.00,24.00,25.00,124.00,24.00,137.00,21.00,0
37.00,44.00,32.00,27.00,32.00,32.00,53.00,13.00,100.00,14.00,0
158.00,164.00,48.00,53.00,27.00,23.00,94.00,13.00,122.00,16.00,0
30.00,22.00,5.00,10.00,5.00,11.00,12.00,5.00,25.00,6.00,0
61.00,60.00,18.00,23.00,18.00,19.00,29.00,4.00,50.00,1.00,0
86.00,85.00,20.00,23.00,18.00,20.00,51.00,10.00,100.00,8.00,0
30.00,32.00,7.00,7.00,22.00,18.00,51.00,0.00,81.00,2.00,0
507.00,512.00,172.00,171.00,106.00,105.00,248.00,113.00,643.00,112.00,0
18.00,25.00,9.00,6.00,9.00,6.00,20.00,1.00,26.00,3.00,0
104.00,114.00,61.00,63.00,55.00,49.00,61.00,28.00,235.00,28.00,0
214.00,210.00,90.00,96.00,45.00,50.00,96.00,28.00,314.00,30.00,0
9.00,14.00,3.00,6.00,3.00,1.00,4.00,0.00,10.00,0.00,0
552.00,554.00,166.00,169.00,243.00,238.00,866.00,150.00,1117.00,147.00,0
11.00,4.00,1.00,4.00,4.00,5.00,8.00,3.00,27.00,1.00,0
156.00,156.00,70.00,77.00,54.00,57.00,332.00,40.00,389.00,45.00,0
1698.00,1704.00,609.00,616.00,753.00,753.00,2036.00,307.00,2817.00,307.00,0
157.00,156.00,35.00,34.00,39.00,43.00,136.00,12.00,156.00,11.00,0
57.00,49.00,22.00,22.00,30.00,30.00,31.00,10.00,79.00,13.00,0
474.00,479.00,97.00,98.00,176.00,182.00,444.00,64.00,716.00,63.00,0
32.00,25.00,8.00,8.00,12.00,9.00,37.00,9.00,47.00,8.00,0
118.00,126.00,29.00,34.00,40.00,37.00,87.00,34.00,193.00,35.00,0
103.00,96.00,32.00,34.00,78.00,82.00,86.00,44.00,259.00,42.00,0
317.00,314.00,75.00,72.00,137.00,134.00,96.00,10.00,363.00,13.00,0
130.00,129.00,50.00,52.00,44.00,39.00,182.00,25.00,492.00,28.00,0
427.00,421.00,161.00,162.00,173.00,172.00,475.00,62.00,657.00,65.00,0
45.00,41.00,22.00,22.00,10.00,14.00,55.00,12.00,69.00,11.00,0
429.00,430.00,158.00,161.00,156.00,151.00,219.00,102.00,435.00,104.00,0
25.00,29.00,14.00,11.00,14.00,11.00,17.00,2.00,60.00,2.00,0
67.00,63.00,22.00,17.00,15.00,15.00,36.00,6.00,92.00,7.00,0
13.00,5.00,6.00,5.00,4.00,6.00,12.00,1.00,16.00,4.00,0
29.00,22.00,15.00,17.00,15.00,21.00,22.00,4.00,77.00,6.00,0
22.00,25.00,7.00,7.00,6.00,3.00,11.00,2.00,43.00,6.00,0
61.00,58.00,23.00,21.00,16.00,16.00,31.00,15.00,93.00,17.00,0
37.00,43.00,13.00,19.00,9.00,11.00,16.00,8.00,53.00,9.00,0
109.00,117.00,66.00,70.00,33.00,31.00,106.00,28.00,202.00,31.00,0
224.00,224.00,107.00,110.00,106.00,100.00,140.00,73.00,375.00,74.00,0
47.00,51.00,25.00,23.00,15.00,16.00,29.00,13.00,62.00,11.00,0
72.00,80.00,20.00,22.00,14.00,12.00,51.00,9.00,80.00,6.00,0
127.00,133.00,75.00,69.00,26.00,33.00,120.00,7.00,149.00,4.00,0
140.00,137.00,35.00,34.00,71.00,67.00,212.00,29.00,223.00,29.00,0
19.00,24.00,5.00,11.00,11.00,11.00,25.00,8.00,53.00,5.00,0
13.00,16.00,1.00,4.00,5.00,7.00,8.00,3.00,26.00,1.00,0
19.00,27.00,14.00,15.00,8.00,3.00,20.00,2.00,68.00,2.00,0
23.00,15.00,9.00,5.00,9.00,13.00,26.00,0.00,68.00,1.00,0
9.00,8.00,3.00,3.00,5.00,5.00,6.00,2.00,13.00,2.00,0
19.00,29.00,1.00,8.00,4.00,8.00,11.00,6.00,25.00,4.00,0
229.00,233.00,54.00,55.00,92.00,87.00,123.00,39.00,374.00,42.00,0
26.00,26.00,4.00,5.00,8.00,12.00,22.00,5.00,32.00,5.00,0
80.00,78.00,32.00,33.00,40.00,39.00,50.00,18.00,118.00,19.00,0
264.00,261.00,56.00,56.00,123.00,120.00,249.00,31.00,257.00,31.00,0
54.00,46.00,9.00,11.00,13.00,9.00,41.00,8.00,93.00,11.00,0
23.00,29.00,3.00,11.00,5.00,5.00,8.00,2.00,30.00,3.00,0
113.00,117.00,21.00,18.00,49.00,52.00,65.00,21.00,212.00,23.00,0
284.00,289.00,130.00,133.00,76.00,73.00,392.00,12.00,414.00,13.00,0
68.00,72.00,33.00,34.00,26.00,20.00,44.00,22.00,103.00,20.00,0
26.00,25.00,14.00,10.00,13.00,10.00,18.00,2.00,27.00,6.00,0
168.00,172.00,38.00,35.00,36.00,39.00,120.00,44.00,236.00,42.00,0
70.00,77.00,25.00,25.00,29.00,31.00,40.00,11.00,56.00,11.00,0
193.00,200.00,51.00,46.00,56.00,58.00,128.00,30.00,229.00,32.00,0
25.00,33.00,13.00,19.00,21.00,21.00,51.00,7.00,84.00,7.00,0
32.00,31.00,14.00,12.00,17.00,16.00,27.00,6.00,57.00,8.00,0
32.00,27.00,16.00,16.00,10.00,16.00,17.00,1.00,58.00,1.00,0
14.00,8.00,4.00,6.00,6.00,1.00,11.00,1.00,29.00,0.00,0
12.00,17.00,8.00,10.00,14.00,15.00,12.00,4.00,49.00,4.00,0
366.00,372.00,93.00,95.00,235.00,235.00,323.00,107.00,548.00,110.00,0
90.00,94.00,24.00,29.00,66.00,65.00,63.00,13.00,204.00,12.00,0
287.00,285.00,107.00,113.00,73.00,72.00,155.00,55.00,547.00,56.00,0
12.00,17.00,6.00,11.00,11.00,6.00,18.00,6.00,47.00,4.00,0
16.00,11.00,5.00,5.00,8.00,4.00,10.00,2.00,25.00,1.00,0
301.00,301.00,140.00,139.00,98.00,98.00,615.00,105.00,645.00,106.00,0
395.00,395.00,228.00,226.00,195.00,193.00,241.00,30.00,519.00,32.00,0
64.00,63.00,26.00,21.00,55.00,56.00,74.00,12.00,83.00,12.00,0
67.00,59.00,28.00,32.00,30.00,32.00,38.00,14.00,93.00,18.00,0
106.00,116.00,20.00,23.00,28.00,32.00,44.00,3.00,102.00,5.00,0
236.00,231.00,77.00,80.00,63.00,70.00,263.00,58.00,543.00,63.00,0
61.00,59.00,16.00,16.00,20.00,26.00,51.00,2.00,83.00,4.00,0
192.00,186.00,49.00,48.00,77.00,75.00,112.00,12.00,363.00,9.00,0
173.00,167.00,95.00,93.00,110.00,112.00,281.00,54.00,639.00,53.00,0
179.00,179.00,64.00,59.00,90.00,86.00,186.00,21.00,193.00,19.00,0
14.00,15.00,4.00,4.00,10.00,10.00,10.00,0.00,23.00,4.00,0
19.00,12.00,7.00,10.00,15.00,9.00,12.00,6.00,34.00,3.00,0
27.00,20.00,14.00,9.00,13.00,8.00,16.00,0.00,65.00,2.00,0
952.00,958.00,406.00,411.00,269.00,270.00,747.00,79.00,1057.00,83.00,0
76.00,75.00,51.00,54.00,50.00,49.00,51.00,20.00,115.00,24.00,0
288.00,288.00,105.00,107.00,133.00,138.00,219.00,33.00,357.00,38.00,0
64.00,66.00,30.00,30.00,22.00,25.00,70.00,12.00,72.00,16.00,0
252.00,246.00,126.00,130.00,83.00,85.00,278.00,74.00,521.00,76.00,0
119.00,111.00,56.00,61.00,30.00,33.00,53.00,28.00,194.00,33.00,0
12.00,11.00,8.00,15.00,7.00,5.00,12.00,3.00,41.00,3.00,0
72.00,73.00,14.00,11.00,22.00,29.00,41.00,10.00,86.00,8.00,0
54.00,54.00,14.00,20.00,25.00,22.00,48.00,9.00,95.00,8.00,0
97.00,104.00,48.00,44.00,49.00,51.00,79.00,26.00,124.00,30.00,0
234.00,235.00,59.00,56.00,87.00,84.00,81.00,27.00,214.00,25.00,0
8.00,14.00,5.00,3.00,6.00,3.00,9.00,3.00,26.00,2.00,0
46.00,39.00,11.00,14.00,21.00,18.00,26.00,8.00,44.00,6.00,0
124.00,133.00,44.00,46.00,58.00,58.00,217.00,19.00,294.00,16.00,0
45.00,43.00,34.00,40.00,21.00,21.00,49.00,16.00,97.00,21.00,0
121.00,114.00,88.00,92.00,46.00,45.00,213.00,26.00,403.00,26.00,0
71.00,74.00,27.00,22.00,17.00,14.00,61.00,3.00,151.00,5.00,0
87.00,79.00,44.00,47.00,46.00,46.00,92.00,21.00,194.00,21.00,0
30.00,30.00,11.00,7.00,9.00,12.00,32.00,0.00,35.00,4.00,0
26.00,27.00,14.00,13.00,10.00,10.00,19.00,3.00,34.00,3.00,0
100.00,94.00,26.00,26.00,31.00,27.00,89.00,10.00,94.00,14.00,0
34.00,33.00,7.00,4.00,13.00,10.00,16.00,0.00,63.00,2.00,0
75.00,75.00,28.00,29.00,21.00,26.00,51.00,13.00,138.00,13.00,0
72.00,66.00,45.00,39.00,16.00,15.00,46.00,4.00,69.00,4.00,0
188.00,184.00,76.00,77.00,68.00,69.00,167.00,22.00,210.00,26.00,0
105.00,109.00,74.00,76.00,40.00,43.00,132.00,53.00,200.00,52.00,0
42.00,50.00,28.00,25.00,24.00,22.00,36.00,8.00,61.00,8.00,0
58.00,49.00,21.00,20.00,20.00,14.00,27.00,6.00,66.00,7.00,0
66.00,67.00,24.00,26.00,20.00,24.00,65.00,2.00,105.00,2.00,0
910.00,917.00,188.00,183.00,396.00,402.00,938.00,71.00,1880.00,74.00,0
450.00,456.00,250.00,249.00,177.00,177.00,413.00,65.00,470.00,62.00,0
317.00,308.00,150.00,152.00,112.00,107.00,257.00,22.00,305.00,22.00,0
6.00,11.00,3.00,1.00,1.00,1.00,6.00,0.00,10.00,1.00,0
150.00,157.00,60.00,61.00,53.00,51.00,187.00,24.00,246.00,26.00,0
14.00,11.00,5.00,4.00,0.00,7.00,8.00,1.00,14.00,3.00,0
32.00,27.00,13.00,15.00,10.00,10.00,14.00,3.00,55.00,1.00,0
150.00,148.00,67.00,62.00,48.00,45.00,71.00,4.00,240.00,6.00,0
582.00,590.00,199.00,205.00,220.00,226.00,759.00,67.00,909.00,67.00,0
679.00,676.00,292.00,293.00,257.00,258.00,433.00,146.00,1477.00,145.00,0
37.00,42.00,15.00,10.00,7.00,6.00,19.00,7.00,62.00,7.00,0
38.00,34.00,15.00,18.00,21.00,18.00,28.00,10.00,62.00,11.00,0
64.00,63.00,28.00,26.00,36.00,40.00,61.00,8.00,94.00,7.00,0
62.00,58.00,22.00,22.00,28.00,24.00,62.00,13.00,66.00,11.00,0
50.00,56.00,18.00,16.00,8.00,15.00,45.00,14.00,85.00,16.00,0
40.00,40.00,14.00,19.00,12.00,7.00,27.00,2.00,62.00,6.00,0
408.00,404.00,218.00,219.00,164.00,163.00,384.00,21.00,532.00,22.00,0
276.00,270.00,82.00,85.00,89.00,87.00,125.00,18.00,252.00,16.00,0
61.00,69.00,43.00,38.00,31.00,30.00,56.00,22.00,179.00,25.00,0
34.00,34.00,21.00,18.00,12.00,7.00,21.00,4.00,34.00,7.00,0
157.00,160.00,44.00,45.00,58.00,57.00,197.00,12.00,208.00,14.00,0
303.00,296.00,81.00,78.00,84.00,83.00,191.00,46.00,316.00,46.00,0
261.00,263.00,78.00,84.00,48.00,50.00,274.00,41.00,503.00,44.00,0
88.00,86.00,60.00,57.00,34.00,32.00,130.00,14.00,202.00,17.00,0
12.00,20.00,13.00,9.00,6.00,6.00,16.00,0.00,18.00,3.00,0
41.00,47.00,10.00,12.00,15.00,15.00,19.00,9.00,70.00,12.00,0
38.00,33.00,8.00,12.00,15.00,15.00,20.00,2.00,42.00,5.00,0
134.00,131.00,72.00,68.00,32.00,33.00,142.00,29.00,287.00,28.00,0
613.00,621.00,133.00,133.00,267.00,268.00,378.00,79.00,1013.00,77.00,0
234.00,236.00,72.00,71.00,50.00,55.00,174.00,30.00,199.00,29.00,0
858.00,861.00,350.00,348.00,321.00,320.00,1109.00,99.00,3049.00,101.00,0
271.00,271.00,58.00,54.00,55.00,59.00,212.00,56.00,400.00,55.00,0
251.00,253.00,103.00,104.00,124.00,123.00,126.00,35.00,308.00,34.00,0
8.00,6.00,3.00,5.00,0.00,4.00,5.00,3.00,8.00,0.00,0
24.00,32.00,11.00,16.00,7.00,2.00,21.00,2.00,47.00,6.00,0
33.00,34.00,13.00,11.00,18.00,14.00,41.00,5.00,58.00,6.00,0
84.00,83.00,40.00,40.00,44.00,41.00,67.00,2.00,136.00,4.00,0
210.00,215.00,115.00,122.00,108.00,105.00,330.00,33.00,451.00,35.00,0
65.00,63.00,17.00,22.00,30.00,27.00,53.00,12.00,94.00,12.00,0
39.00,35.00,29.00,31.00,16.00,21.00,68.00,8.00,135.00,10.00,0
1264.00,1264.00,632.00,634.00,512.00,514.00,625.00,244.00,1388.00,246.00,0
63.00,73.00,21.00,21.00,14.00,16.00,41.00,7.00,108.00,5.00,0
262.00,263.00,91.00,94.00,101.00,101.00,95.00,14.00,332.00,16.00,0
41.00,44.00,14.00,16.00,6.00,11.00,44.00,1.00,84.00,5.00,0
6.00,9.00,1.00,3.00,5.00,0.00,7.00,2.00,9.00,0.00,0
252.00,260.00,141.00,146.00,71.00,71.00,245.00,67.00,345.00,64.00,0
41.00,36.00,23.00,31.00,15.00,10.00,37.00,15.00,60.00,18.00,0
32.00,30.00,5.00,7.00,11.00,16.00,23.00,8.00,61.00,11.00,0
23.00,27.00,10.00,11.00,9.00,9.00,21.00,5.00,45.00,8.00,0
149.00,144.00,95.00,99.00,98.00,96.00,225.00,6.00,327.00,10.00,0
28.00,22.00,4.00,5.00,8.00,4.00,15.00,0.00,20.00,4.00,0
84.00,89.00,31.00,28.00,24.00,23.00,59.00,10.00,143.00,12.00,0
71.00,68.00,16.00,15.00,36.00,32.00,47.00,20.00,93.00,18.00,0
258.00,261.00,69.00,74.00,44.00,46.00,123.00,17.00,272.00,14.00,0
43.00,38.00,26.00,23.00,18.00,21.00,25.00,3.00,93.00,3.00,0
30.00,26.00,15.00,11.00,12.00,15.00,17.00,2.00,31.00,0.00,0
80.00,89.00,22.00,20.00,26.00,30.00,43.00,13.00,152.00,13.00,0
17.00,20.00,2.00,6.00,6.00,4.00,10.00,4.00,19.00,5.00,0
245.00,238.00,96.00,96.00,50.00,49.00,176.00,31.00,356.00,28.00,0
27.00,26.00,10.00,12.00,16.00,16.00,33.00,4.00,103.00,1.00,0
12.00,12.00,6.00,2.00,4.00,7.00,10.00,2.00,29.00,4.00,0
15.00,15.00,1.00,5.00,6.00,12.00,17.00,4.00,30.00,5.00,0
118.00,113.00,33.00,36.00,92.00,93.00,151.00,10.00,216.00,15.00,0
13.00,18.00,11.00,5.00,8.00,11.00,15.00,2.00,31.00,5.00,0
353.00,346.00,207.00,207.00,115.00,118.00,281.00,109.00,531.00,112.00,0
47.00,57.00,43.00,39.00,35.00,38.00,76.00,19.00,84.00,18.00,0
7.00,9.00,1.00,8.00,4.00,0.00,10.00,1.00,12.00,4.00,0
33.00,38.00,7.00,7.00,14.00,16.00,22.00,4.00,58.00,4.00,0
26.00,32.00,13.00,14.00,14.00,9.00,19.00,4.00,66.00,1.00,0
128.00,120.00,50.00,52.00,46.00,42.00,159.00,11.00,172.00,11.00,0
57.00,51.00,13.00,16.00,13.00,13.00,68.00,12.00,82.00,13.00,0
85.00,83.00,35.00,31.00,25.00,28.00,77.00,22.00,153.00,22.00,0
21.00,17.00,17.00,13.00,16.00,19.00,27.00,3.00,41.00,4.00,0
1278.00,1283.00,589.00,583.00,514.00,508.00,670.00,154.00,2632.00,151.00,0
168.00,166.00,54.00,54.00,77.00,76.00,160.00,22.00,203.00,23.00,0
16.00,25.00,6.00,10.00,13.00,7.00,16.00,1.00,53.00,0.00,0
18.00,23.00,13.00,9.00,10.00,15.00,27.00,4.00,37.00,3.00,0
39.00,34.00,10.00,11.00,6.00,6.00,31.00,6.00,62.00,7.00,0
13.00,12.00,10.00,7.00,6.00,4.00,20.00,1.00,28.00,2.00,0
147.00,152.00,39.00,45.00,48.00,54.00,153.00,56.00,422.00,54.00,0
87.00,93.00,63.00,65.00,33.00,33.00,187.00,29.00,189.00,27.00,0
258.00,259.00,157.00,160.00,80.00,87.00,129.00,71.00,521.00,71.00,0
243.00,247.00,160.00,165.00,80.00,79.00,455.00,47.00,494.00,50.00,0
420.00,422.00,91.00,93.00,91.00,91.00,361.00,35.00,572.00,38.00,0
77.00,77.00,27.00,22.00,39.00,40.00,91.00,26.00,149.00,25.00,0
1166.00,1160.00,613.00,609.00,752.00,748.00,1569.00,66.00,2371.00,69.00,0
6.00,8.00,4.00,2.00,4.00,2.00,5.00,0.00,16.00,3.00,0
44.00,39.00,16.00,14.00,18.00,14.00,36.00,2.00,69.00,1.00,0
236.00,243.00,80.00,78.00,108.00,113.00,104.00,40.00,319.00,43.00,0
23.00,30.00,7.00,14.00,12.00,14.00,24.00,8.00,68.00,8.00,0
24.00,19.00,11.00,13.00,8.00,11.00,25.00,3.00,33.00,1.00,0
34.00,34.00,14.00,13.00,5.00,8.00,18.00,5.00,65.00,5.00,0
17.00,10.00,9.00,8.00,6.00,12.00,14.00,4.00,56.00,1.00,0
149.00,156.00,50.00,47.00,45.00,45.00,108.00,45.00,178.00,48.00,0
39.00,45.00,12.00,11.00,15.00,20.00,49.00,11.00,79.00,10.00,0
149.00,143.00,24.00,28.00,52.00,49.00,179.00,24.00,203.00,25.00,0
6.00,8.00,6.00,0.00,0.00,4.00,8.00,2.00,10.00,2.00,0
167.00,168.00,43.00,45.00,69.00,66.00,110.00,36.00,248.00,34.00,0
69.00,75.00,15.00,14.00,33.00,29.00,74.00,15.00,127.00,15.00,0
45.00,37.00,15.00,14.00,10.00,13.00,25.00,8.00,26.00,7.00,0
103.00,97.00,28.00,32.00,51.00,52.00,62.00,12.00,201.00,13.00,0
22.00,15.00,8.00,6.00,5.00,9.00,8.00,2.00,16.00,6.00,0
306.00,312.00,70.00,70.00,99.00,104.00,220.00,79.00,322.00,77.00,0
184.00,188.00,29.00,29.00,52.00,49.00,195.00,9.00,274.00,10.00,0
212.00,212.00,30.00,33.00,30.00,37.00,186.00,19.00,256.00,17.00,0
24.00,30.00,14.00,14.00,11.00,16.00,31.00,4.00,33.00,7.00,0
20.00,24.00,8.00,10.00,17.00,10.00,25.00,2.00,30.00,0.00,0
189.00,186.00,51.00,54.00,110.00,106.00,165.00,22.00,298.00,20.00,0
42.00,40.00,18.00,15.00,26.00,30.00,42.00,18.00,116.00,15.00,0
6.00,9.00,1.00,7.00,3.00,8.00,10.00,2.00,27.00,0.00,0
133.00,141.00,81.00,82.00,55.00,53.00,226.00,29.00,472.00,32.00,0
14.00,7.00,7.00,1.00,4.00,3.00,6.00,1.00,18.00,0.00,0
20.00,30.00,13.00,15.00,13.00,18.00,26.00,3.00,64.00,3.00,0
108.00,101.00,34.00,35.00,18.00,15.00,53.00,5.00,212.00,6.00,0
86.00,79.00,17.00,23.00,24.00,30.00,90.00,2.00,148.00,5.00,0
9.00,5.00,14.00,14.00,135.00,301.00,14.00,41.00,23.00,41.00,1
7.00,6.00,3.00,4.00,30.00,80.00,1.00,7.00,3.00,7.00,1
0.00,0.00,0.00,0.00,0.00,6.00,0.00,0.00,0.00,0.00,1
1.00,1.00,0.00,0.00,10.00,27.00,0.00,1.00,2.00,2.00,1
41.00,36.00,34.00,36.00,209.00,887.00,24.00,57.00,38.00,57.00,1
10.00,13.00,10.00,10.00,64.00,183.00,6.00,14.00,10.00,15.00,1
108.00,113.00,34.00,35.00,664.00,1102.00,57.00,98.00,85.00,99.00,1
1.00,2.00,2.00,4.00,27.00,29.00,2.00,5.00,5.00,6.00,1
51.00,48.00,43.00,44.00,159.00,536.00,28.00,63.00,43.00,64.00,1
1.00,6.00,2.00,3.00,26.00,71.00,1.00,6.00,2.00,8.00,1
15.00,18.00,9.00,11.00,87.00,259.00,7.00,19.00,12.00,20.00,1
15.00,16.00,14.00,14.00,120.00,245.00,11.00,15.00,18.00,15.00,1
14.00,13.00,13.00,13.00,132.00,193.00,12.00,19.00,19.00,21.00,1
3.00,0.00,1.00,1.00,7.00,31.00,0.00,3.00,2.00,3.00,1
4.00,7.00,4.00,4.00,14.00,66.00,1.00,2.00,2.00,4.00,1
5.00,5.00,7.00,8.00,137.00,200.00,7.00,18.00,10.00,20.00,1
184.00,180.00,83.00,83.00,445.00,2182.00,58.00,180.00,88.00,180.00,1
29.00,24.00,13.00,14.00,99.00,219.00,5.00,29.00,7.00,29.00,1
19.00,22.00,13.00,13.00,90.00,225.00,10.00,30.00,15.00,31.00,1
10.00,10.00,6.00,6.00,29.00,113.00,6.00,11.00,9.00,11.00,1
23.00,24.00,49.00,50.00,300.00,766.00,16.00,107.00,24.00,108.00,1
13.00,10.00,2.00,2.00,62.00,98.00,6.00,11.00,9.00,11.00,1
41.00,44.00,24.00,24.00,159.00,323.00,8.00,58.00,13.00,59.00,1
3.00,9.00,10.00,11.00,83.00,137.00,10.00,9.00,15.00,9.00,1
10.00,6.00,2.00,4.00,37.00,110.00,5.00,7.00,10.00,8.00,1
35.00,34.00,23.00,24.00,194.00,693.00,22.00,80.00,34.00,81.00,1
15.00,16.00,3.00,4.00,102.00,190.00,6.00,17.00,10.00,18.00,1
34.00,39.00,20.00,21.00,143.00,330.00,8.00,58.00,14.00,59.00,1
6.00,7.00,5.00,5.00,40.00,73.00,1.00,6.00,2.00,7.00,1
11.00,9.00,4.00,4.00,52.00,165.00,9.00,15.00,14.00,16.00,1
4.00,3.00,10.00,10.00,68.00,146.00,7.00,19.00,12.00,19.00,1
17.00,13.00,3.00,3.00,51.00,178.00,9.00,10.00,15.00,11.00,1
46.00,41.00,27.00,27.00,204.00,383.00,9.00,63.00,14.00,64.00,1
130.00,133.00,66.00,66.00,883.00,1186.00,36.00,174.00,54.00,176.00,1
5.00,10.00,18.00,18.00,76.00,325.00,18.00,33.00,28.00,34.00,1
7.00,9.00,6.00,7.00,24.00,81.00,4.00,13.00,9.00,14.00,1
70.00,75.00,31.00,33.00,689.00,1076.00,22.00,155.00,34.00,156.00,1
25.00,21.00,30.00,31.00,176.00,444.00,13.00,51.00,21.00,52.00,1
3.00,4.00,7.00,7.00,37.00,157.00,6.00,15.00,10.00,15.00,1
18.00,19.00,7.00,8.00,120.00,207.00,8.00,31.00,13.00,32.00,1
116.00,120.00,43.00,43.00,487.00,968.00,59.00,154.00,91.00,155.00,1
8.00,5.00,17.00,18.00,96.00,259.00,16.00,25.00,25.00,26.00,1
25.00,25.00,30.00,30.00,223.00,404.00,11.00,25.00,18.00,25.00,1
9.00,6.00,5.00,5.00,41.00,88.00,2.00,5.00,4.00,5.00,1
10.00,16.00,11.00,12.00,79.00,224.00,10.00,25.00,17.00,25.00,1
51.00,51.00,16.00,16.00,269.00,526.00,31.00,78.00,47.00,78.00,1
64.00,61.00,38.00,39.00,343.00,613.00,40.00,63.00,60.00,63.00,1
81.00,77.00,56.00,57.00,164.00,653.00,44.00,45.00,68.00,47.00,1
8.00,3.00,8.00,10.00,42.00,89.00,3.00,8.00,6.00,8.00,1
2.00,0.00,0.00,1.00,8.00,22.00,0.00,0.00,2.00,1.00,1
234.00,237.00,414.00,416.00,1902.00,4902.00,177.00,502.00,267.00,502.00,1
105.00,103.00,29.00,29.00,593.00,1211.00,58.00,96.00,89.00,97.00,1
8.00,12.00,8.00,9.00,88.00,199.00,5.00,29.00,9.00,29.00,1
18.00,21.00,10.00,11.00,124.00,256.00,16.00,35.00,25.00,35.00,1
130.00,133.00,284.00,285.00,1443.00,2427.00,119.00,305.00,178.00,305.00,1
57.00,54.00,42.00,42.00,210.00,663.00,15.00,81.00,24.00,82.00,1
108.00,112.00,36.00,36.00,338.00,994.00,39.00,93.00,60.00,94.00,1
30.00,33.00,12.00,13.00,181.00,310.00,16.00,18.00,25.00,18.00,1
240.00,242.00,227.00,228.00,1973.00,5288.00,338.00,514.00,507.00,514.00,1
3.00,7.00,5.00,6.00,65.00,138.00,4.00,9.00,8.00,10.00,1
1.00,1.00,1.00,1.00,8.00,24.00,1.00,2.00,2.00,3.00,1
14.00,13.00,8.00,8.00,119.00,311.00,11.00,22.00,17.00,22.00,1
32.00,28.00,22.00,23.00,245.00,515.00,23.00,37.00,36.00,38.00,1
28.00,35.00,17.00,17.00,200.00,350.00,13.00,36.00,22.00,38.00,1
21.00,22.00,14.00,15.00,114.00,258.00,8.00,51.00,13.00,53.00,1
32.00,29.00,55.00,55.00,288.00,537.00,22.00,99.00,34.00,100.00,1
16.00,14.00,7.00,7.00,153.00,283.00,5.00,13.00,9.00,14.00,1
8.00,3.00,15.00,15.00,70.00,144.00,6.00,28.00,11.00,28.00,1
7.00,13.00,25.00,26.00,163.00,258.00,5.00,25.00,9.00,26.00,1
3.00,6.00,3.00,4.00,24.00,91.00,4.00,17.00,7.00,17.00,1
4.00,1.00,4.00,5.00,34.00,72.00,1.00,9.00,2.00,10.00,1
139.00,134.00,102.00,102.00,802.00,1063.00,60.00,112.00,91.00,112.00,1
10.00,5.00,6.00,7.00,35.00,131.00,1.00,16.00,3.00,16.00,1
4.00,7.00,7.00,9.00,61.00,106.00,5.00,16.00,10.00,17.00,1
14.00,20.00,11.00,11.00,184.00,262.00,22.00,54.00,33.00,54.00,1
0.00,6.00,3.00,3.00,20.00,72.00,2.00,7.00,3.00,7.00,1
5.00,1.00,5.00,7.00,35.00,97.00,4.00,7.00,8.00,7.00,1
317.00,318.00,141.00,142.00,1367.00,4007.00,163.00,386.00,246.00,386.00,1
18.00,15.00,18.00,19.00,122.00,337.00,14.00,21.00,22.00,21.00,1
6.00,1.00,3.00,5.00,53.00,178.00,5.00,23.00,9.00,23.00,1
4.00,6.00,2.00,3.00,32.00,79.00,1.00,5.00,3.00,5.00,1
34.00,39.00,10.00,10.00,82.00,353.00,24.00,27.00,37.00,28.00,1
3.00,8.00,4.00,6.00,53.00,59.00,4.00,10.00,9.00,11.00,1
37.00,35.00,23.00,24.00,464.00,749.00,41.00,99.00,61.00,100.00,1
12.00,9.00,4.00,5.00,85.00,207.00,6.00,13.00,11.00,13.00,1
13.00,18.00,8.00,8.00,128.00,278.00,13.00,28.00,22.00,28.00,1
3.00,7.00,3.00,3.00,39.00,155.00,6.00,14.00,10.00,16.00,1
28.00,27.00,10.00,11.00,165.00,340.00,15.00,45.00,25.00,47.00,1
12.00,12.00,4.00,4.00,51.00,153.00,5.00,23.00,9.00,24.00,1
45.00,46.00,94.00,95.00,277.00,848.00,66.00,143.00,100.00,144.00,1
2.00,1.00,1.00,1.00,17.00,31.00,0.00,2.00,2.00,3.00,1
4.00,7.00,8.00,10.00,74.00,96.00,6.00,8.00,11.00,8.00,1
29.00,32.00,29.00,30.00,245.00,348.00,16.00,28.00,25.00,28.00,1
5.00,5.00,2.00,3.00,31.00,93.00,1.00,7.00,2.00,7.00,1
48.00,50.00,37.00,37.00,186.00,484.00,12.00,26.00,20.00,26.00,1
8.00,13.00,17.00,17.00,74.00,229.00,12.00,19.00,19.00,19.00,1
8.00,7.00,8.00,8.00,90.00,173.00,3.00,8.00,6.00,9.00,1
9.00,5.00,6.00,7.00,61.00,141.00,4.00,18.00,7.00,18.00,1
5.00,3.00,1.00,3.00,18.00,48.00,1.00,9.00,4.00,9.00,1
50.00,49.00,20.00,20.00,198.00,547.00,25.00,39.00,40.00,40.00,1
1.00,3.00,1.00,2.00,23.00,60.00,1.00,2.00,2.00,3.00,1
41.00,46.00,51.00,52.00,401.00,723.00,38.00,92.00,59.00,93.00,1
62.00,66.00,27.00,27.00,536.00,878.00,43.00,78.00,64.00,79.00,1
39.00,35.00,43.00,44.00,207.00,611.00,21.00,58.00,32.00,58.00,1
10.00,13.00,6.00,7.00,129.00,351.00,18.00,17.00,29.00,17.00,1
8.00,12.00,2.00,3.00,25.00,123.00,6.00,11.00,9.00,11.00,1
18.00,17.00,22.00,24.00,69.00,243.00,20.00,37.00,31.00,38.00,1
21.00,17.00,15.00,16.00,111.00,277.00,8.00,31.00,13.00,32.00,1
9.00,16.00,4.00,6.00,86.00,150.00,4.00,27.00,9.00,29.00,1
58.00,64.00,29.00,29.00,210.00,916.00,39.00,42.00,60.00,43.00,1
5.00,10.00,9.00,10.00,60.00,114.00,3.00,8.00,6.00,9.00,1
14.00,10.00,12.00,13.00,77.00,143.00,6.00,29.00,11.00,29.00,1
4.00,0.00,1.00,1.00,14.00,24.00,0.00,2.00,1.00,3.00,1
48.00,48.00,184.00,184.00,1014.00,2738.00,67.00,320.00,102.00,321.00,1
8.00,9.00,1.00,2.00,24.00,104.00,6.00,10.00,9.00,10.00,1
84.00,82.00,46.00,46.00,467.00,755.00,49.00,123.00,75.00,123.00,1
54.00,56.00,89.00,90.00,757.00,1312.00,26.00,210.00,41.00,212.00,1
21.00,25.00,16.00,17.00,116.00,249.00,7.00,20.00,11.00,21.00,1
52.00,56.00,38.00,40.00,189.00,407.00,12.00,36.00,20.00,36.00,1
166.00,171.00,117.00,117.00,566.00,1750.00,78.00,329.00,119.00,330.00,1
1.00,1.00,1.00,2.00,16.00,29.00,0.00,4.00,1.00,4.00,1
107.00,109.00,76.00,78.00,506.00,753.00,37.00,121.00,56.00,122.00,1
5.00,8.00,3.00,4.00,32.00,71.00,2.00,6.00,5.00,6.00,1
8.00,9.00,8.00,8.00,79.00,195.00,10.00,26.00,18.00,28.00,1
0.00,6.00,2.00,2.00,15.00,27.00,1.00,2.00,4.00,4.00,1
4.00,1.00,4.00,5.00,33.00,46.00,3.00,5.00,7.00,7.00,1
309.00,305.00,232.00,232.00,1565.00,3388.00,165.00,226.00,248.00,226.00,1
13.00,10.00,9.00,9.00,135.00,235.00,10.00,51.00,17.00,51.00,1
17.00,18.00,4.00,4.00,68.00,118.00,5.00,23.00,10.00,23.00,1
11.00,7.00,12.00,12.00,62.00,196.00,2.00,19.00,5.00,20.00,1
1.00,2.00,1.00,2.00,15.00,29.00,1.00,4.00,2.00,4.00,1
5.00,1.00,5.00,5.00,28.00,77.00,2.00,10.00,5.00,11.00,1
2.00,6.00,6.00,7.00,26.00,92.00,5.00,8.00,8.00,8.00,1
1.00,7.00,2.00,2.00,37.00,41.00,4.00,5.00,6.00,5.00,1
6.00,4.00,3.00,4.00,25.00,67.00,1.00,9.00,3.00,9.00,1
3.00,0.00,4.00,4.00,19.00,55.00,1.00,10.00,3.00,11.00,1
1.00,5.00,4.00,5.00,64.00,94.00,7.00,6.00,11.00,6.00,1
17.00,20.00,4.00,4.00,54.00,218.00,8.00,14.00,13.00,14.00,1
6.00,11.00,15.00,15.00,117.00,159.00,6.00,19.00,10.00,19.00,1
17.00,21.00,48.00,48.00,205.00,676.00,24.00,66.00,37.00,66.00,1
27.00,28.00,87.00,88.00,363.00,1188.00,61.00,125.00,91.00,125.00,1
17.00,20.00,13.00,13.00,65.00,166.00,2.00,22.00,6.00,23.00,1
3.00,8.00,1.00,2.00,14.00,69.00,3.00,8.00,5.00,9.00,1
16.00,16.00,20.00,21.00,156.00,257.00,19.00,52.00,29.00,52.00,1
12.00,12.00,16.00,16.00,109.00,215.00,4.00,14.00,8.00,14.00,1
19.00,19.00,54.00,56.00,334.00,1043.00,16.00,58.00,23.00,59.00,1
7.00,8.00,7.00,8.00,47.00,187.00,11.00,21.00,18.00,21.00,1
16.00,19.00,10.00,10.00,62.00,215.00,3.00,17.00,5.00,18.00,1
9.00,11.00,3.00,4.00,76.00,97.00,4.00,17.00,8.00,17.00,1
5.00,2.00,2.00,2.00,43.00,89.00,4.00,13.00,8.00,14.00,1
15.00,14.00,5.00,6.00,97.00,149.00,10.00,16.00,17.00,16.00,1
17.00,19.00,13.00,14.00,105.00,164.00,3.00,25.00,6.00,25.00,1
5.00,8.00,7.00,7.00,85.00,179.00,2.00,9.00,5.00,9.00,1
358.00,358.00,212.00,212.00,1227.00,3235.00,113.00,291.00,172.00,292.00,1
0.00,5.00,5.00,5.00,42.00,75.00,3.00,7.00,7.00,8.00,1
54.00,50.00,29.00,30.00,205.00,539.00,33.00,62.00,52.00,62.00,1
20.00,20.00,17.00,17.00,240.00,530.00,28.00,52.00,44.00,53.00,1
11.00,12.00,8.00,10.00,102.00,195.00,11.00,16.00,18.00,16.00,1
14.00,12.00,9.00,11.00,120.00,223.00,15.00,36.00,24.00,36.00,1
43.00,41.00,39.00,39.00,178.00,547.00,18.00,59.00,27.00,59.00,1
6.00,1.00,2.00,4.00,22.00,35.00,1.00,4.00,4.00,5.00,1
134.00,137.00,155.00,155.00,1032.00,1998.00,175.00,349.00,263.00,349.00,1
102.00,103.00,64.00,65.00,722.00,1247.00,52.00,68.00,78.00,68.00,1
3.00,2.00,1.00,2.00,10.00,38.00,1.00,2.00,3.00,3.00,1
6.00,6.00,4.00,5.00,62.00,69.00,1.00,11.00,4.00,12.00,1
7.00,6.00,9.00,9.00,58.00,134.00,8.00,12.00,12.00,12.00,1
57.00,60.00,38.00,38.00,283.00,723.00,36.00,42.00,55.00,43.00,1
8.00,5.00,7.00,7.00,146.00,250.00,8.00,33.00,14.00,34.00,1
59.00,61.00,41.00,42.00,358.00,1017.00,19.00,51.00,28.00,51.00,1
11.00,7.00,9.00,9.00,60.00,133.00,7.00,8.00,11.00,8.00,1
9.00,8.00,3.00,5.00,91.00,125.00,5.00,17.00,8.00,18.00,1
69.00,74.00,21.00,21.00,472.00,605.00,24.00,108.00,39.00,109.00,1
28.00,26.00,15.00,16.00,148.00,359.00,5.00,27.00,9.00,27.00,1
4.00,0.00,4.00,4.00,26.00,68.00,2.00,6.00,5.00,6.00,1
11.00,14.00,4.00,4.00,85.00,124.00,7.00,11.00,12.00,12.00,1
21.00,21.00,32.00,32.00,120.00,553.00,16.00,61.00,24.00,62.00,1
6.00,8.00,1.00,3.00,28.00,51.00,4.00,4.00,8.00,4.00,1
1.00,4.00,7.00,7.00,40.00,133.00,3.00,16.00,5.00,16.00,1
66.00,65.00,52.00,52.00,356.00,1003.00,69.00,161.00,104.00,161.00,1
85.00,81.00,130.00,130.00,1011.00,1879.00,89.00,231.00,135.00,232.00,1
3.00,6.00,9.00,9.00,108.00,217.00,3.00,26.00,5.00,26.00,1
29.00,33.00,79.00,80.00,523.00,988.00,44.00,66.00,66.00,68.00,1
11.00,9.00,9.00,10.00,56.00,173.00,8.00,20.00,14.00,20.00,1
3.00,5.00,1.00,1.00,22.00,42.00,0.00,7.00,1.00,7.00,1
0.00,6.00,0.00,2.00,12.00,36.00,3.00,3.00,5.00,3.00,1
0.00,3.00,1.00,2.00,8.00,28.00,0.00,2.00,1.00,2.00,1
9.00,5.00,3.00,4.00,44.00,63.00,4.00,11.00,8.00,11.00,1
32.00,35.00,22.00,23.00,140.00,363.00,12.00,64.00,20.00,64.00,1
83.00,84.00,36.00,36.00,276.00,1248.00,38.00,64.00,60.00,64.00,1
0.00,2.00,1.00,2.00,9.00,34.00,1.00,1.00,2.00,2.00,1
13.00,11.00,18.00,18.00,124.00,383.00,20.00,57.00,30.00,57.00,1
8.00,13.00,7.00,7.00,37.00,130.00,3.00,9.00,5.00,9.00,1
8.00,13.00,5.00,5.00,47.00,77.00,5.00,16.00,8.00,16.00,1
109.00,116.00,163.00,163.00,1201.00,1883.00,79.00,155.00,120.00,155.00,1
5.00,9.00,11.00,13.00,72.00,214.00,8.00,52.00,14.00,52.00,1
8.00,4.00,4.00,4.00,43.00,72.00,4.00,10.00,6.00,10.00,1
12.00,10.00,7.00,8.00,67.00,119.00,3.00,11.00,5.00,12.00,1
20.00,20.00,17.00,18.00,157.00,376.00,7.00,31.00,13.00,32.00,1
40.00,35.00,60.00,60.00,259.00,530.00,15.00,91.00,25.00,92.00,1
6.00,3.00,7.00,7.00,55.00,118.00,2.00,12.00,3.00,12.00,1
5.00,1.00,3.00,4.00,52.00,90.00,2.00,13.00,5.00,13.00,1
58.00,60.00,67.00,67.00,533.00,997.00,43.00,125.00,66.00,126.00,1
10.00,15.00,13.00,13.00,44.00,142.00,8.00,27.00,13.00,27.00,1
11.00,7.00,6.00,7.00,31.00,119.00,4.00,6.00,6.00,6.00,1
54.00,60.00,50.00,51.00,234.00,631.00,11.00,89.00,17.00,89.00,1
13.00,9.00,10.00,10.00,129.00,215.00,3.00,15.00,6.00,16.00,1
6.00,9.00,13.00,14.00,107.00,134.00,7.00,13.00,12.00,14.00,1
6.00,9.00,6.00,8.00,40.00,95.00,4.00,12.00,6.00,12.00,1
16.00,12.00,8.00,8.00,187.00,231.00,20.00,42.00,33.00,43.00,1
86.00,83.00,37.00,38.00,746.00,1536.00,52.00,198.00,79.00,198.00,1
4.00,6.00,5.00,6.00,42.00,80.00,4.00,11.00,7.00,11.00,1
14.00,12.00,12.00,12.00,140.00,525.00,24.00,45.00,37.00,45.00,1
7.00,10.00,7.00,8.00,68.00,100.00,4.00,7.00,9.00,8.00,1
6.00,10.00,8.00,8.00,83.00,116.00,3.00,10.00,5.00,10.00,1
2.00,8.00,2.00,2.00,32.00,44.00,1.00,6.00,2.00,7.00,1
55.00,57.00,13.00,13.00,274.00,643.00,13.00,37.00,21.00,37.00,1
32.00,30.00,27.00,27.00,207.00,351.00,7.00,28.00,12.00,28.00,1
12.00,12.00,6.00,8.00,58.00,131.00,5.00,8.00,9.00,9.00,1
19.00,18.00,14.00,14.00,134.00,262.00,9.00,23.00,14.00,24.00,1
14.00,17.00,4.00,4.00,86.00,112.00,10.00,9.00,18.00,9.00,1
14.00,19.00,9.00,9.00,58.00,202.00,9.00,21.00,16.00,21.00,1
14.00,12.00,6.00,7.00,36.00,97.00,9.00,21.00,14.00,21.00,1
23.00,28.00,10.00,11.00,164.00,235.00,7.00,22.00,12.00,22.00,1
38.00,39.00,53.00,53.00,465.00,894.00,14.00,78.00,24.00,78.00,1
3.00,9.00,4.00,6.00,19.00,69.00,1.00,3.00,2.00,3.00,1
28.00,24.00,35.00,35.00,206.00,764.00,39.00,38.00,59.00,38.00,1
8.00,9.00,6.00,6.00,43.00,86.00,2.00,6.00,3.00,7.00,1
52.00,52.00,37.00,38.00,428.00,903.00,23.00,43.00,34.00,45.00,1
1.00,1.00,2.00,2.00,13.00,46.00,2.00,4.00,5.00,5.00,1
3.00,5.00,7.00,7.00,51.00,121.00,8.00,17.00,12.00,17.00,1
41.00,43.00,32.00,32.00,215.00,571.00,24.00,48.00,37.00,48.00,1
36.00,31.00,31.00,33.00,140.00,387.00,17.00,45.00,26.00,47.00,1
8.00,8.00,4.00,4.00,63.00,80.00,3.00,16.00,6.00,17.00,1
4.00,9.00,9.00,9.00,50.00,163.00,13.00,30.00,22.00,30.00,1
6.00,3.00,8.00,9.00,51.00,109.00,8.00,16.00,13.00,16.00,1
9.00,9.00,11.00,12.00,79.00,127.00,4.00,20.00,7.00,21.00,1
25.00,22.00,14.00,14.00,131.00,273.00,25.00,45.00,37.00,46.00,1
125.00,126.00,302.00,302.00,1332.00,3286.00,116.00,230.00,174.00,231.00,1
1.00,3.00,6.00,6.00,38.00,92.00,4.00,5.00,6.00,6.00,1
128.00,134.00,195.00,197.00,891.00,2671.00,260.00,247.00,392.00,249.00,1
5.00,8.00,4.00,4.00,42.00,161.00,5.00,9.00,8.00,9.00,1
70.00,66.00,60.00,61.00,420.00,1338.00,22.00,135.00,36.00,136.00,1
14.00,15.00,9.00,9.00,50.00,109.00,5.00,21.00,10.00,21.00,1
309.00,313.00,166.00,167.00,1653.00,4187.00,161.00,266.00,242.00,266.00,1
25.00,21.00,10.00,11.00,106.00,218.00,13.00,23.00,20.00,23.00,1
35.00,39.00,8.00,10.00,115.00,493.00,26.00,49.00,40.00,50.00,1
4.00,5.00,3.00,3.00,19.00,49.00,1.00,2.00,3.00,3.00,1
4.00,11.00,5.00,5.00,56.00,72.00,1.00,10.00,4.00,10.00,1
7.00,12.00,6.00,6.00,33.00,93.00,6.00,6.00,10.00,7.00,1
13.00,11.00,7.00,8.00,68.00,174.00,7.00,16.00,12.00,16.00,1
12.00,10.00,14.00,14.00,75.00,138.00,7.00,13.00,13.00,13.00,1
60.00,63.00,108.00,109.00,419.00,1602.00,79.00,122.00,121.00,124.00,1
0.00,4.00,7.00,7.00,63.00,120.00,4.00,15.00,7.00,15.00,1
5.00,4.00,3.00,3.00,21.00,47.00,2.00,3.00,4.00,4.00,1
31.00,35.00,35.00,35.00,127.00,403.00,35.00,43.00,54.00,44.00,1
0.00,0.00,0.00,0.00,1.00,10.00,0.00,0.00,1.00,1.00,1
13.00,15.00,11.00,11.00,72.00,156.00,9.00,16.00,14.00,16.00,1
33.00,29.00,66.00,66.00,329.00,652.00,53.00,130.00,79.00,131.00,1
4.00,3.00,1.00,2.00,11.00,62.00,2.00,7.00,3.00,7.00,1
2.00,8.00,7.00,8.00,50.00,134.00,3.00,13.00,7.00,13.00,1
5.00,10.00,9.00,10.00,124.00,218.00,13.00,34.00,20.00,35.00,1
9.00,10.00,7.00,7.00,24.00,65.00,3.00,9.00,4.00,9.00,1
27.00,29.00,9.00,10.00,96.00,311.00,12.00,43.00,19.00,43.00,1
31.00,37.00,44.00,44.00,472.00,670.00,31.00,142.00,47.00,142.00,1
28.00,33.00,19.00,20.00,78.00,372.00,14.00,36.00,23.00,37.00,1
31.00,30.00,33.00,33.00,277.00,399.00,23.00,80.00,35.00,81.00,1
24.00,31.00,8.00,8.00,147.00,282.00,11.00,42.00,18.00,43.00,1
3.00,7.00,9.00,9.00,52.00,108.00,2.00,6.00,3.00,7.00,1
4.00,4.00,10.00,10.00,37.00,175.00,7.00,17.00,11.00,17.00,1
32.00,28.00,11.00,11.00,151.00,292.00,13.00,30.00,20.00,30.00,1
22.00,18.00,40.00,41.00,258.00,625.00,23.00,42.00,36.00,42.00,1
274.00,277.00,227.00,227.00,2334.00,6959.00,170.00,374.00,257.00,374.00,1
5.00,2.00,1.00,1.00,14.00,55.00,1.00,5.00,4.00,6.00,1
13.00,16.00,9.00,9.00,87.00,243.00,4.00,16.00,9.00,16.00,1
0.00,2.00,0.00,0.00,4.00,12.00,0.00,0.00,0.00,2.00,1
1.00,8.00,1.00,3.00,30.00,49.00,1.00,9.00,3.00,10.00,1
10.00,13.00,20.00,21.00,179.00,403.00,16.00,24.00,25.00,25.00,1
169.00,171.00,62.00,62.00,545.00,2272.00,69.00,335.00,105.00,336.00,1
1.00,5.00,4.00,5.00,33.00,107.00,5.00,17.00,9.00,17.00,1
21.00,19.00,13.00,14.00,218.00,405.00,21.00,38.00,32.00,39.00,1
7.00,8.00,5.00,6.00,31.00,144.00,4.00,18.00,7.00,18.00,1
14.00,14.00,42.00,43.00,258.00,503.00,16.00,82.00,26.00,83.00,1
2.00,2.00,2.00,2.00,34.00,46.00,1.00,6.00,2.00,7.00,1
4.00,2.00,6.00,6.00,40.00,79.00,3.00,9.00,6.00,9.00,1
3.00,0.00,2.00,2.00,19.00,33.00,1.00,3.00,3.00,3.00,1
53.00,55.00,38.00,39.00,235.00,510.00,35.00,84.00,55.00,86.00,1
19.00,19.00,17.00,18.00,77.00,272.00,12.00,35.00,19.00,36.00,1
19.00,25.00,39.00,39.00,410.00,567.00,28.00,59.00,43.00,59.00,1
1.00,5.00,1.00,1.00,13.00,44.00,3.00,8.00,5.00,8.00,1
8.00,6.00,6.00,7.00,101.00,202.00,9.00,27.00,16.00,28.00,1
24.00,27.00,23.00,23.00,168.00,467.00,13.00,45.00,21.00,46.00,1
21.00,21.00,14.00,14.00,154.00,315.00,11.00,26.00,17.00,26.00,1
16.00,14.00,4.00,5.00,92.00,159.00,3.00,9.00,6.00,10.00,1
90.00,94.00,26.00,26.00,449.00,971.00,21.00,105.00,33.00,106.00,1
18.00,24.00,23.00,23.00,133.00,552.00,21.00,27.00,32.00,27.00,1
28.00,26.00,21.00,23.00,138.00,323.00,20.00,30.00,33.00,30.00,1
33.00,36.00,24.00,24.00,328.00,556.00,14.00,36.00,24.00,37.00,1
15.00,10.00,29.00,30.00,229.00,361.00,28.00,43.00,44.00,43.00,1
4.00,5.00,8.00,10.00,39.00,108.00,5.00,8.00,7.00,10.00,1
9.00,5.00,4.00,4.00,38.00,68.00,2.00,6.00,4.00,6.00,1
10.00,15.00,11.00,11.00,121.00,398.00,15.00,62.00,25.00,63.00,1
38.00,41.00,16.00,17.00,252.00,389.00,10.00,47.00,17.00,47.00,1
9.00,10.00,8.00,8.00,77.00,121.00,4.00,16.00,8.00,16.00,1
31.00,34.00,10.00,11.00,157.00,403.00,11.00,25.00,16.00,25.00,1
0.00,6.00,2.00,2.00,8.00,38.00,0.00,4.00,1.00,4.00,1
3.00,6.00,3.00,5.00,47.00,65.00,1.00,13.00,3.00,13.00,1
3.00,1.00,5.00,5.00,30.00,75.00,3.00,9.00,5.00,9.00,1
12.00,14.00,7.00,7.00,107.00,221.00,7.00,21.00,10.00,22.00,1
17.00,13.00,14.00,15.00,83.00,226.00,10.00,22.00,15.00,23.00,1
6.00,10.00,12.00,13.00,95.00,229.00,9.00,14.00,15.00,14.00,1
15.00,14.00,13.00,13.00,100.00,210.00,6.00,26.00,10.00,27.00,1
7.00,8.00,8.00,10.00,82.00,181.00,10.00,23.00,16.00,23.00,1
5.00,6.00,2.00,2.00,45.00,60.00,2.00,7.00,5.00,8.00,1
9.00,4.00,1.00,3.00,18.00,54.00,0.00,8.00,3.00,8.00,1
102.00,104.00,51.00,52.00,508.00,1387.00,33.00,176.00,50.00,176.00,1
4.00,9.00,2.00,2.00,24.00,79.00,2.00,5.00,3.00,6.00,1
10.00,11.00,4.00,4.00,65.00,116.00,3.00,12.00,6.00,13.00,1
4.00,1.00,0.00,1.00,12.00,40.00,0.00,1.00,1.00,3.00,1
15.00,12.00,31.00,31.00,183.00,298.00,27.00,36.00,42.00,36.00,1
1.00,1.00,1.00,1.00,15.00,28.00,0.00,1.00,2.00,2.00,1
4.00,8.00,5.00,6.00,45.00,86.00,2.00,7.00,3.00,8.00,1
2.00,3.00,3.00,4.00,41.00,98.00,2.00,11.00,3.00,12.00,1
347.00,343.00,715.00,716.00,3572.00,8989.00,378.00,830.00,567.00,831.00,1
101.00,101.00,94.00,94.00,409.00,1215.00,87.00,131.00,133.00,132.00,1
11.00,17.00,19.00,19.00,154.00,172.00,11.00,21.00,18.00,22.00,1
16.00,21.00,5.00,5.00,100.00,217.00,6.00,15.00,9.00,16.00,1
0.00,2.00,0.00,1.00,10.00,22.00,0.00,2.00,2.00,2.00,1
0.00,3.00,1.00,2.00,12.00,21.00,1.00,3.00,2.00,3.00,1
30.00,31.00,24.00,24.00,87.00,427.00,12.00,36.00,18.00,36.00,1
15.00,12.00,8.00,9.00,92.00,230.00,11.00,18.00,18.00,18.00,1
4.00,8.00,5.00,5.00,33.00,68.00,3.00,7.00,6.00,8.00,1
29.00,34.00,53.00,53.00,381.00,464.00,37.00,81.00,56.00,81.00,1
21.00,17.00,7.00,8.00,144.00,326.00,19.00,24.00,29.00,25.00,1
6.00,6.00,9.00,10.00,35.00,78.00,6.00,17.00,11.00,17.00,1
25.00,23.00,10.00,10.00,90.00,351.00,17.00,23.00,26.00,23.00,1
5.00,9.00,1.00,2.00,18.00,70.00,2.00,11.00,4.00,11.00,1
11.00,11.00,9.00,10.00,52.00,133.00,8.00,8.00,12.00,9.00,1
2.00,8.00,7.00,8.00,56.00,58.00,1.00,14.00,2.00,14.00,1
11.00,8.00,10.00,11.00,134.00,265.00,14.00,39.00,22.00,39.00,1
1.00,5.00,3.00,4.00,15.00,42.00,1.00,5.00,4.00,6.00,1
2.00,6.00,5.00,5.00,82.00,111.00,5.00,11.00,10.00,12.00,1
5.00,1.00,1.00,1.00,11.00,31.00,1.00,5.00,2.00,5.00,1
92.00,97.00,53.00,54.00,935.00,2044.00,75.00,258.00,112.00,259.00,1
3.00,3.00,2.00,2.00,38.00,63.00,1.00,5.00,2.00,5.00,1
2.00,6.00,2.00,4.00,37.00,64.00,1.00,12.00,4.00,13.00,1
98.00,98.00,61.00,61.00,631.00,1170.00,58.00,110.00,87.00,111.00,1
29.00,33.00,27.00,27.00,180.00,878.00,37.00,57.00,56.00,57.00,1
25.00,22.00,5.00,5.00,73.00,215.00,7.00,38.00,13.00,40.00,1
4.00,3.00,7.00,7.00,33.00,67.00,1.00,12.00,4.00,12.00,1
44.00,39.00,55.00,56.00,1015.00,1251.00,51.00,120.00,79.00,120.00,1
51.00,47.00,15.00,16.00,188.00,521.00,13.00,54.00,22.00,54.00,1
56.00,51.00,44.00,44.00,304.00,530.00,21.00,94.00,31.00,94.00,1
34.00,39.00,16.00,17.00,187.00,272.00,9.00,53.00,15.00,54.00,1
22.00,25.00,14.00,15.00,155.00,227.00,4.00,20.00,7.00,20.00,1
32.00,28.00,28.00,30.00,414.00,644.00,26.00,46.00,41.00,46.00,1
84.00,88.00,38.00,38.00,443.00,602.00,44.00,129.00,65.00,129.00,1
3.00,4.00,4.00,4.00,30.00,114.00,3.00,18.00,4.00,18.00,1
54.00,56.00,20.00,22.00,338.00,560.00,24.00,45.00,39.00,45.00,1
2.00,3.00,3.00,3.00,21.00,44.00,2.00,5.00,3.00,6.00,1
12.00,9.00,11.00,12.00,53.00,117.00,2.00,12.00,6.00,12.00,1
15.00,19.00,51.00,51.00,223.00,770.00,41.00,96.00,62.00,97.00,1
8.00,7.00,18.00,20.00,97.00,308.00,4.00,23.00,9.00,23.00,1
3.00,6.00,3.00,4.00,24.00,95.00,4.00,6.00,6.00,8.00,1
25.00,26.00,29.00,29.00,537.00,948.00,24.00,136.00,36.00,136.00,1
16.00,22.00,13.00,14.00,103.00,174.00,6.00,13.00,9.00,14.00,1
3.00,9.00,5.00,6.00,25.00,142.00,6.00,7.00,9.00,8.00,1
98.00,104.00,38.00,39.00,502.00,655.00,36.00,131.00,56.00,132.00,1
1.00,5.00,6.00,6.00,62.00,178.00,4.00,13.00,7.00,14.00,1
4.00,4.00,3.00,4.00,37.00,68.00,1.00,7.00,4.00,7.00,1
11.00,9.00,9.00,9.00,152.00,293.00,15.00,31.00,25.00,31.00,1
2.00,5.00,8.00,9.00,56.00,88.00,6.00,7.00,11.00,8.00,1
4.00,7.00,6.00,6.00,23.00,66.00,5.00,8.00,7.00,10.00,1
12.00,8.00,9.00,10.00,47.00,101.00,7.00,11.00,11.00,11.00,1
4.00,6.00,3.00,4.00,22.00,58.00,0.00,6.00,3.00,7.00,1
0.00,6.00,6.00,6.00,36.00,59.00,4.00,10.00,6.00,10.00,1
86.00,85.00,26.00,26.00,519.00,839.00,44.00,113.00,66.00,114.00,1
3.00,8.00,13.00,14.00,68.00,119.00,8.00,20.00,12.00,22.00,1
8.00,7.00,5.00,6.00,64.00,122.00,6.00,11.00,10.00,11.00,1
49.00,51.00,50.00,50.00,328.00,609.00,24.00,86.00,38.00,86.00,1
22.00,18.00,13.00,13.00,127.00,436.00,13.00,21.00,20.00,22.00,1
14.00,18.00,11.00,11.00,91.00,256.00,18.00,37.00,29.00,38.00,1
26.00,29.00,88.00,90.00,603.00,754.00,37.00,92.00,55.00,94.00,1
5.00,0.00,2.00,2.00,12.00,33.00,0.00,4.00,1.00,5.00,1
1.00,6.00,2.00,3.00,19.00,44.00,1.00,4.00,3.00,5.00,1
101.00,101.00,60.00,60.00,343.00,844.00,38.00,143.00,60.00,144.00,1
17.00,20.00,22.00,24.00,247.00,392.00,19.00,57.00,30.00,58.00,1
9.00,13.00,4.00,5.00,120.00,220.00,14.00,27.00,23.00,28.00,1
9.00,14.00,18.00,18.00,113.00,239.00,14.00,40.00,23.00,41.00,1
27.00,24.00,25.00,26.00,175.00,333.00,12.00,19.00,20.00,20.00,1
13.00,10.00,4.00,5.00,80.00,174.00,8.00,17.00,12.00,17.00,1
10.00,15.00,16.00,16.00,157.00,251.00,8.00,42.00,12.00,43.00,1
15.00,11.00,14.00,14.00,135.00,282.00,19.00,50.00,30.00,50.00,1
2.00,2.00,1.00,2.00,13.00,68.00,2.00,9.00,4.00,9.00,1
65.00,64.00,35.00,36.00,450.00,1037.00,38.00,67.00,59.00,68.00,1
1.00,7.00,1.00,2.00,31.00,100.00,1.00,12.00,4.00,12.00,1
54.00,54.00,52.00,53.00,159.00,797.00,50.00,81.00,74.00,81.00,1
10.00,7.00,9.00,9.00,48.00,166.00,7.00,22.00,13.00,23.00,1
16.00,16.00,6.00,6.00,91.00,185.00,8.00,11.00,12.00,11.00,1
14.00,16.00,12.00,12.00,39.00,101.00,7.00,12.00,12.00,14.00,1
13.00,18.00,22.00,22.00,114.00,307.00,16.00,60.00,25.00,61.00,1
8.00,8.00,12.00,13.00,47.00,117.00,9.00,18.00,14.00,19.00,1
5.00,2.00,3.00,4.00,21.00,108.00,1.00,13.00,3.00,14.00,1
27.00,27.00,20.00,20.00,83.00,362.00,16.00,24.00,26.00,24.00,1
31.00,31.00,52.00,53.00,467.00,531.00,19.00,120.00,28.00,122.00,1
6.00,4.00,12.00,12.00,62.00,208.00,4.00,23.00,7.00,24.00,1
3.00,2.00,2.00,3.00,11.00,57.00,2.00,3.00,3.00,5.00,1
12.00,11.00,9.00,10.00,63.00,104.00,4.00,15.00,6.00,15.00,1
2.00,2.00,2.00,3.00,15.00,32.00,0.00,3.00,2.00,4.00,1
39.00,42.00,20.00,21.00,182.00,556.00,17.00,69.00,26.00,69.00,1
53.00,60.00,25.00,26.00,177.00,652.00,30.00,78.00,47.00,79.00,1
99.00,101.00,69.00,69.00,514.00,1213.00,60.00,274.00,92.00,276.00,1
39.00,43.00,17.00,18.00,389.00,774.00,23.00,33.00,35.00,33.00,1
6.00,3.00,6.00,6.00,39.00,58.00,3.00,8.00,6.00,10.00,1
3.00,3.00,2.00,2.00,52.00,101.00,5.00,12.00,8.00,12.00,1
16.00,16.00,11.00,11.00,89.00,191.00,9.00,21.00,16.00,21.00,1
194.00,198.00,114.00,114.00,1300.00,2658.00,113.00,333.00,171.00,334.00,1
9.00,13.00,6.00,7.00,31.00,144.00,5.00,18.00,9.00,18.00,1
2.00,9.00,2.00,2.00,16.00,47.00,0.00,5.00,2.00,5.00,1
0.00,1.00,1.00,1.00,7.00,21.00,0.00,1.00,0.00,2.00,1
41.00,36.00,36.00,36.00,237.00,590.00,29.00,102.00,45.00,104.00,1
3.00,6.00,5.00,5.00,48.00,58.00,2.00,13.00,3.00,14.00,1
1.00,8.00,5.00,5.00,84.00,115.00,4.00,10.00,8.00,12.00,1
25.00,29.00,61.00,62.00,531.00,1084.00,25.00,68.00,38.00,69.00,1
12.00,12.00,4.00,4.00,42.00,105.00,2.00,11.00,4.00,12.00,1
4.00,4.00,4.00,6.00,50.00,94.00,1.00,15.00,4.00,15.00,1
8.00,6.00,2.00,3.00,57.00,77.00,1.00,7.00,3.00,8.00,1
11.00,15.00,15.00,15.00,111.00,285.00,21.00,26.00,31.00,26.00,1
15.00,18.00,7.00,8.00,36.00,149.00,2.00,18.00,5.00,18.00,1
14.00,13.00,15.00,15.00,60.00,228.00,6.00,15.00,9.00,17.00,1
3.00,4.00,6.00,8.00,44.00,61.00,1.00,8.00,3.00,8.00,1
7.00,6.00,2.00,2.00,37.00,70.00,2.00,9.00,3.00,9.00,1
7.00,5.00,4.00,5.00,29.00,79.00,1.00,6.00,3.00,7.00,1
1.00,1.00,1.00,3.00,45.00,58.00,3.00,5.00,7.00,7.00,1
6.00,4.00,2.00,2.00,27.00,53.00,4.00,6.00,7.00,6.00,1
1.00,0.00,1.00,3.00,11.00,42.00,0.00,5.00,3.00,5.00,1
25.00,25.00,25.00,25.00,128.00,430.00,13.00,44.00,21.00,44.00,1
17.00,12.00,17.00,17.00,71.00,207.00,9.00,27.00,15.00,28.00,1
3.00,7.00,3.00,3.00,19.00,55.00,3.00,4.00,6.00,6.00,1
10.00,6.00,3.00,3.00,37.00,86.00,2.00,13.00,4.00,13.00,1
4.00,7.00,5.00,5.00,31.00,69.00,1.00,5.00,2.00,6.00,1
19.00,18.00,24.00,25.00,202.00,488.00,15.00,57.00,24.00,58.00,1
272.00,271.00,284.00,284.00,1869.00,5553.00,254.00,574.00,382.00,575.00,1
15.00,10.00,15.00,17.00,49.00,148.00,6.00,34.00,11.00,34.00,1
2.00,4.00,3.00,4.00,25.00,53.00,0.00,3.00,2.00,4.00,1
17.00,19.00,18.00,19.00,144.00,389.00,17.00,19.00,27.00,20.00,1
31.00,30.00,23.00,23.00,372.00,883.00,35.00,108.00,53.00,109.00,1
0.00,2.00,1.00,2.00,16.00,68.00,1.00,6.00,2.00,7.00,1
2.00,0.00,3.00,3.00,9.00,34.00,0.00,5.00,2.00,6.00,1
20.00,24.00,17.00,18.00,260.00,372.00,27.00,60.00,43.00,61.00,1
4.00,1.00,3.00,4.00,39.00,51.00,0.00,9.00,2.00,10.00,1
8.00,12.00,6.00,6.00,47.00,87.00,4.00,17.00,6.00,17.00,1
17.00,18.00,15.00,15.00,73.00,218.00,3.00,35.00,7.00,36.00,1
28.00,29.00,11.00,11.00,175.00,281.00,16.00,29.00,23.00,29.00,1
7.00,5.00,5.00,6.00,26.00,54.00,2.00,6.00,5.00,7.00,1
10.00,14.00,4.00,5.00,94.00,132.00,3.00,29.00,5.00,30.00,1
22.00,18.00,15.00,15.00,107.00,213.00,5.00,26.00,9.00,26.00,1
6.00,8.00,5.00,5.00,16.00,90.00,2.00,6.00,3.00,6.00,1
2.00,7.00,5.00,5.00,47.00,80.00,5.00,10.00,7.00,11.00,1
3.00,8.00,3.00,4.00,32.00,72.00,3.00,9.00,5.00,11.00,1
6.00,12.00,19.00,21.00,61.00,200.00,15.00,16.00,24.00,18.00,1
54.00,58.00,67.00,67.00,372.00,1227.00,32.00,163.00,49.00,164.00,1
39.00,42.00,54.00,54.00,408.00,690.00,17.00,107.00,27.00,107.00,1
78.00,82.00,75.00,75.00,742.00,2643.00,97.00,157.00,147.00,158.00,1
1.00,0.00,1.00,1.00,12.00,18.00,0.00,1.00,1.00,2.00,1
0.00,3.00,1.00,1.00,23.00,42.00,2.00,4.00,3.00,4.00,1
5.00,11.00,16.00,18.00,103.00,252.00,23.00,45.00,36.00,45.00,1
32.00,28.00,21.00,21.00,156.00,390.00,9.00,26.00,15.00,26.00,1
109.00,109.00,98.00,98.00,534.00,1794.00,41.00,135.00,64.00,135.00,1
9.00,5.00,6.00,7.00,65.00,87.00,2.00,20.00,5.00,21.00,1
11.00,17.00,6.00,6.00,68.00,123.00,5.00,22.00,7.00,22.00,1
1.00,0.00,1.00,3.00,12.00,26.00,1.00,3.00,3.00,4.00,1
5.00,7.00,12.00,12.00,108.00,225.00,14.00,13.00,23.00,13.00,1
1.00,5.00,3.00,3.00,9.00,29.00,1.00,4.00,4.00,4.00,1
5.00,9.00,6.00,6.00,62.00,145.00,2.00,10.00,6.00,10.00,1
16.00,20.00,16.00,17.00,124.00,239.00,12.00,18.00,19.00,18.00,1
1.00,8.00,4.00,4.00,27.00,87.00,4.00,10.00,7.00,11.00,1
9.00,14.00,5.00,5.00,154.00,232.00,5.00,26.00,9.00,26.00,1
145.00,150.00,135.00,136.00,979.00,1398.00,92.00,206.00,138.00,207.00,1
10.00,11.00,5.00,6.00,64.00,142.00,3.00,10.00,6.00,10.00,1
39.00,44.00,127.00,127.00,1024.00,1094.00,60.00,108.00,92.00,108.00,1
7.00,1.00,6.00,6.00,29.00,72.00,3.00,14.00,7.00,15.00,1
20.00,21.00,14.00,15.00,129.00,276.00,12.00,22.00,18.00,22.00,1
50.00,48.00,26.00,27.00,375.00,604.00,30.00,50.00,44.00,50.00,1
20.00,19.00,5.00,5.00,91.00,274.00,12.00,22.00,19.00,23.00,1
18.00,23.00,12.00,12.00,55.00,277.00,14.00,18.00,22.00,19.00,1
19.00,20.00,36.00,37.00,370.00,533.00,35.00,50.00,53.00,51.00,1
2.00,8.00,4.00,5.00,58.00,77.00,4.00,10.00,7.00,11.00,1
5.00,5.00,9.00,10.00,41.00,107.00,5.00,20.00,10.00,20.00,1
3.00,5.00,3.00,4.00,27.00,56.00,2.00,4.00,3.00,5.00,1
1.00,9.00,1.00,3.00,31.00,99.00,4.00,16.00,9.00,16.00,1
0.00,3.00,1.00,3.00,25.00,38.00,1.00,3.00,4.00,4.00,1
5.00,9.00,5.00,6.00,39.00,102.00,6.00,16.00,11.00,16.00,1
16.00,10.00,3.00,4.00,32.00,102.00,1.00,16.00,4.00,18.00,1
13.00,15.00,8.00,8.00,104.00,326.00,5.00,18.00,10.00,18.00,1
22.00,26.00,5.00,6.00,81.00,187.00,10.00,35.00,14.00,35.00,1
35.00,34.00,14.00,14.00,195.00,454.00,15.00,28.00,23.00,28.00,1
32.00,37.00,26.00,26.00,222.00,627.00,30.00,67.00,48.00,68.00,1
9.00,10.00,23.00,23.00,172.00,274.00,15.00,43.00,24.00,44.00,1
56.00,52.00,36.00,37.00,390.00,756.00,42.00,94.00,65.00,94.00,1
43.00,38.00,12.00,12.00,90.00,334.00,23.00,56.00,35.00,57.00,1
29.00,30.00,41.00,41.00,278.00,662.00,26.00,30.00,39.00,31.00,1
15.00,13.00,8.00,8.00,63.00,95.00,3.00,19.00,7.00,19.00,1
13.00,13.00,7.00,7.00,90.00,303.00,14.00,42.00,22.00,42.00,1
64.00,60.00,94.00,94.00,724.00,1762.00,83.00,182.00,125.00,183.00,1
3.00,0.00,0.00,1.00,4.00,23.00,0.00,1.00,2.00,1.00,1
3.00,3.00,3.00,3.00,17.00,42.00,0.00,3.00,1.00,4.00,1
13.00,10.00,9.00,9.00,80.00,198.00,8.00,14.00,13.00,15.00,1
6.00,7.00,8.00,9.00,67.00,102.00,6.00,7.00,10.00,8.00,1
36.00,32.00,30.00,31.00,406.00,611.00,30.00,78.00,47.00,78.00,1
9.00,6.00,3.00,3.00,53.00,99.00,5.00,10.00,8.00,10.00,1
16.00,18.00,8.00,9.00,94.00,126.00,6.00,20.00,10.00,20.00,1
7.00,6.00,8.00,8.00,57.00,156.00,8.00,19.00,13.00,19.00,1
5.00,0.00,5.00,5.00,15.00,65.00,2.00,3.00,6.00,5.00,1
13.00,16.00,20.00,21.00,138.00,228.00,4.00,27.00,8.00,28.00,1
13.00,14.00,12.00,12.00,60.00,96.00,5.00,20.00,7.00,20.00,1
82.00,81.00,17.00,19.00,231.00,650.00,44.00,70.00,68.00,72.00,1
9.00,7.00,6.00,7.00,59.00,126.00,5.00,20.00,8.00,21.00,1
59.00,64.00,60.00,61.00,233.00,1240.00,45.00,76.00,69.00,76.00,1
210.00,208.00,91.00,91.00,648.00,2031.00,91.00,259.00,138.00,259.00,1
15.00,11.00,40.00,41.00,264.00,520.00,29.00,63.00,45.00,63.00,1
0.00,5.00,2.00,2.00,29.00,52.00,1.00,8.00,2.00,9.00,1
3.00,8.00,3.00,3.00,61.00,106.00,2.00,11.00,5.00,12.00,1
8.00,10.00,14.00,15.00,101.00,169.00,4.00,26.00,6.00,27.00,1
8.00,8.00,4.00,5.00,52.00,84.00,5.00,13.00,8.00,13.00,1
10.00,14.00,9.00,9.00,69.00,104.00,6.00,16.00,9.00,17.00,1
7.00,5.00,3.00,4.00,91.00,151.00,9.00,13.00,15.00,14.00,1
97.00,102.00,79.00,79.00,819.00,1485.00,102.00,134.00,155.00,135.00,1
21.00,17.00,21.00,22.00,277.00,613.00,22.00,40.00,33.00,40.00,1
1.00,4.00,6.00,6.00,69.00,102.00,7.00,19.00,12.00,20.00,1
41.00,38.00,18.00,18.00,219.00,566.00,23.00,47.00,35.00,48.00,1
12.00,10.00,7.00,7.00,69.00,161.00,5.00,12.00,9.00,12.00,1
117.00,120.00,103.00,104.00,615.00,2377.00,45.00,210.00,69.00,210.00,1
43.00,46.00,34.00,34.00,774.00,1411.00,73.00,121.00,110.00,122.00,1
44.00,48.00,48.00,48.00,137.00,493.00,14.00,56.00,22.00,56.00,1
16.00,13.00,7.00,7.00,109.00,231.00,4.00,30.00,7.00,30.00,1
12.00,18.00,16.00,16.00,109.00,298.00,12.00,30.00,20.00,30.00,1
5.00,0.00,4.00,4.00,13.00,46.00,1.00,7.00,4.00,7.00,1
21.00,16.00,13.00,13.00,132.00,144.00,3.00,19.00,7.00,20.00,1
22.00,26.00,13.00,14.00,152.00,200.00,16.00,39.00,25.00,39.00,1
9.00,13.00,12.00,12.00,100.00,447.00,16.00,39.00,27.00,40.00,1
2.00,3.00,3.00,3.00,38.00,65.00,2.00,7.00,4.00,7.00,1
7.00,3.00,5.00,6.00,39.00,84.00,5.00,5.00,7.00,5.00,1
3.00,1.00,4.00,4.00,53.00,92.00,5.00,9.00,9.00,10.00,1
116.00,122.00,92.00,92.00,549.00,1689.00,77.00,253.00,115.00,253.00,1
7.00,7.00,25.00,26.00,104.00,359.00,20.00,49.00,32.00,50.00,1
6.00,3.00,1.00,3.00,16.00,32.00,0.00,6.00,1.00,6.00,1
97.00,98.00,72.00,72.00,477.00,1209.00,36.00,204.00,56.00,204.00,1
48.00,49.00,19.00,21.00,194.00,518.00,14.00,74.00,21.00,75.00,1
14.00,13.00,5.00,5.00,100.00,145.00,4.00,10.00,6.00,11.00,1
7.00,13.00,2.00,3.00,48.00,177.00,5.00,13.00,8.00,13.00,1
26.00,29.00,33.00,33.00,114.00,378.00,13.00,64.00,21.00,65.00,1
183.00,183.00,181.00,181.00,870.00,1820.00,122.00,254.00,184.00,254.00,1
8.00,5.00,6.00,7.00,44.00,107.00,5.00,7.00,7.00,8.00,1
15.00,17.00,8.00,9.00,114.00,180.00,12.00,21.00,18.00,22.00,1
14.00,13.00,18.00,19.00,75.00,259.00,7.00,28.00,12.00,28.00,1
26.00,26.00,23.00,24.00,77.00,366.00,6.00,36.00,9.00,36.00,1
10.00,11.00,7.00,8.00,27.00,84.00,3.00,5.00,7.00,5.00,1
13.00,16.00,41.00,42.00,177.00,457.00,20.00,32.00,32.00,33.00,1
83.00,81.00,26.00,27.00,623.00,1281.00,42.00,152.00,64.00,153.00,1
12.00,11.00,2.00,4.00,53.00,104.00,2.00,6.00,5.00,7.00,1
3.00,9.00,3.00,4.00,36.00,51.00,0.00,4.00,3.00,4.00,1
12.00,17.00,19.00,19.00,124.00,294.00,9.00,34.00,15.00,35.00,1
4.00,1.00,0.00,1.00,15.00,28.00,0.00,2.00,1.00,3.00,1
6.00,9.00,6.00,6.00,34.00,71.00,3.00,11.00,6.00,12.00,1
4.00,3.00,3.00,4.00,37.00,88.00,1.00,4.00,3.00,5.00,1
2.00,6.00,3.00,3.00,17.00,93.00,2.00,3.00,4.00,4.00,1
9.00,5.00,3.00,4.00,64.00,119.00,7.00,15.00,12.00,16.00,1
21.00,17.00,18.00,19.00,156.00,228.00,9.00,22.00,15.00,23.00,1
0.00,6.00,0.00,1.00,16.00,31.00,0.00,1.00,1.00,3.00,1
135.00,132.00,87.00,88.00,808.00,1221.00,68.00,176.00,103.00,177.00,1
134.00,139.00,166.00,166.00,811.00,3342.00,117.00,317.00,177.00,317.00,1
5.00,7.00,15.00,16.00,108.00,303.00,7.00,25.00,11.00,25.00,1
1.00,1.00,2.00,2.00,17.00,44.00,1.00,2.00,3.00,3.00,1
29.00,27.00,6.00,7.00,122.00,294.00,4.00,34.00,8.00,34.00,1
22.00,18.00,7.00,7.00,100.00,243.00,13.00,13.00,20.00,14.00,1
24.00,28.00,15.00,16.00,139.00,362.00,17.00,28.00,28.00,28.00,1
13.00,10.00,4.00,4.00,68.00,103.00,5.00,17.00,10.00,18.00,1
15.00,14.00,5.00,5.00,81.00,227.00,12.00,20.00,18.00,20.00,1
3.00,8.00,2.00,3.00,32.00,111.00,2.00,12.00,6.00,12.00,1
26.00,31.00,21.00,21.00,187.00,257.00,8.00,52.00,12.00,52.00,1
2.00,4.00,3.00,3.00,56.00,161.00,4.00,15.00,7.00,16.00,1
9.00,8.00,9.00,9.00,99.00,247.00,11.00,16.00,18.00,18.00,1
73.00,76.00,126.00,126.00,994.00,2772.00,127.00,284.00,191.00,284.00,1
2.00,2.00,2.00,2.00,15.00,31.00,0.00,1.00,2.00,2.00,1
4.00,9.00,2.00,4.00,30.00,111.00,6.00,14.00,9.00,15.00,1
19.00,17.00,21.00,23.00,101.00,565.00,27.00,29.00,43.00,31.00,1
1.00,8.00,4.00,5.00,19.00,68.00,4.00,5.00,8.00,6.00,1
5.00,7.00,2.00,2.00,55.00,115.00,5.00,6.00,9.00,6.00,1
36.00,40.00,12.00,12.00,296.00,515.00,24.00,36.00,36.00,36.00,1
9.00,4.00,8.00,8.00,30.00,86.00,7.00,19.00,12.00,20.00,1
17.00,13.00,17.00,17.00,65.00,222.00,11.00,17.00,16.00,18.00,1
1.00,1.00,1.00,1.00,14.00,45.00,0.00,2.00,1.00,2.00,1
113.00,117.00,90.00,92.00,352.00,1018.00,45.00,113.00,70.00,115.00,1
14.00,10.00,14.00,16.00,98.00,388.00,17.00,33.00,26.00,33.00,1
16.00,15.00,15.00,16.00,94.00,447.00,11.00,31.00,17.00,32.00,1
11.00,9.00,6.00,7.00,58.00,93.00,2.00,6.00,3.00,6.00,1
21.00,16.00,7.00,8.00,69.00,198.00,11.00,16.00,17.00,17.00,1
11.00,13.00,7.00,8.00,44.00,162.00,6.00,19.00,8.00,19.00,1
13.00,18.00,12.00,13.00,89.00,138.00,2.00,9.00,4.00,9.00,1
14.00,14.00,8.00,8.00,56.00,115.00,6.00,16.00,10.00,18.00,1
54.00,50.00,65.00,66.00,467.00,1105.00,27.00,125.00,41.00,125.00,1
11.00,7.00,10.00,10.00,32.00,117.00,6.00,21.00,11.00,22.00,1
8.00,6.00,5.00,5.00,42.00,100.00,3.00,11.00,6.00,11.00,1
34.00,32.00,32.00,33.00,130.00,372.00,16.00,43.00,25.00,43.00,1
22.00,27.00,39.00,40.00,133.00,497.00,30.00,68.00,47.00,69.00,1
7.00,3.00,5.00,6.00,32.00,97.00,2.00,8.00,5.00,9.00,1
16.00,19.00,7.00,8.00,69.00,192.00,10.00,27.00,16.00,27.00,1
10.00,15.00,9.00,10.00,112.00,185.00,11.00,36.00,17.00,37.00,1
9.00,13.00,22.00,23.00,282.00,372.00,18.00,51.00,28.00,52.00,1
6.00,4.00,3.00,3.00,29.00,41.00,1.00,7.00,2.00,8.00,1
126.00,132.00,102.00,102.00,302.00,1213.00,51.00,112.00,78.00,112.00,1
1.00,5.00,4.00,4.00,33.00,67.00,1.00,8.00,2.00,10.00,1
11.00,13.00,16.00,16.00,130.00,374.00,13.00,30.00,19.00,31.00,1
7.00,7.00,1.00,1.00,32.00,74.00,4.00,6.00,6.00,7.00,1
6.00,11.00,16.00,16.00,145.00,370.00,13.00,53.00,20.00,53.00,1
1.00,7.00,3.00,3.00,25.00,40.00,2.00,7.00,3.00,8.00,1
32.00,37.00,33.00,34.00,170.00,300.00,14.00,63.00,22.00,63.00,1
23.00,27.00,26.00,27.00,192.00,598.00,25.00,58.00,38.00,58.00,1
11.00,13.00,8.00,9.00,175.00,218.00,12.00,26.00,19.00,26.00,1
15.00,15.00,9.00,9.00,52.00,160.00,3.00,21.00,8.00,21.00,1
8.00,6.00,7.00,7.00,62.00,150.00,2.00,7.00,5.00,8.00,1
1.00,6.00,5.00,6.00,36.00,64.00,2.00,7.00,5.00,8.00,1
4.00,10.00,4.00,4.00,20.00,102.00,4.00,10.00,7.00,11.00,1
3.00,5.00,8.00,9.00,99.00,191.00,5.00,17.00,9.00,17.00,1
37.00,39.00,46.00,47.00,384.00,480.00,11.00,76.00,16.00,76.00,1
2.00,1.00,0.00,1.00,6.00,22.00,0.00,2.00,2.00,2.00,1
5.00,8.00,6.00,7.00,148.00,289.00,12.00,28.00,20.00,28.00,1
28.00,27.00,45.00,46.00,325.00,417.00,13.00,65.00,22.00,65.00,1
27.00,32.00,13.00,14.00,168.00,356.00,14.00,48.00,21.00,49.00,1
3.00,1.00,1.00,2.00,22.00,43.00,1.00,5.00,2.00,6.00,1
11.00,16.00,3.00,3.00,78.00,92.00,6.00,19.00,10.00,20.00,1
8.00,8.00,6.00,7.00,97.00,173.00,6.00,27.00,9.00,28.00,1
6.00,11.00,24.00,24.00,82.00,306.00,10.00,52.00,16.00,53.00,1
9.00,10.00,26.00,26.00,186.00,422.00,10.00,34.00,16.00,35.00,1
8.00,4.00,12.00,12.00,58.00,151.00,8.00,21.00,13.00,23.00,1
33.00,30.00,80.00,81.00,430.00,1143.00,45.00,193.00,69.00,194.00,1
48.00,54.00,25.00,26.00,263.00,733.00,17.00,83.00,29.00,84.00,1
46.00,44.00,16.00,16.00,281.00,538.00,15.00,49.00,23.00,50.00,1
6.00,3.00,2.00,3.00,38.00,48.00,2.00,9.00,5.00,9.00,1
9.00,6.00,22.00,22.00,134.00,228.00,21.00,30.00,31.00,31.00,1
15.00,13.00,10.00,10.00,124.00,263.00,6.00,45.00,10.00,45.00,1
1.00,4.00,1.00,2.00,19.00,39.00,0.00,2.00,2.00,3.00,1
63.00,60.00,48.00,48.00,1100.00,1850.00,88.00,255.00,132.00,255.00,1
40.00,38.00,35.00,37.00,307.00,459.00,34.00,51.00,51.00,53.00,1
51.00,53.00,31.00,31.00,284.00,534.00,28.00,52.00,42.00,53.00,1
11.00,10.00,7.00,7.00,49.00,144.00,4.00,13.00,6.00,14.00,1
19.00,17.00,9.00,10.00,119.00,148.00,13.00,17.00,20.00,17.00,1
14.00,8.00,32.00,34.00,131.00,366.00,28.00,35.00,42.00,35.00,1
49.00,47.00,17.00,17.00,106.00,354.00,17.00,39.00,25.00,39.00,1
15.00,18.00,11.00,11.00,95.00,165.00,7.00,29.00,11.00,29.00,1
2.00,7.00,5.00,6.00,25.00,57.00,3.00,5.00,6.00,6.00,1
11.00,12.00,36.00,36.00,294.00,443.00,29.00,71.00,44.00,72.00,1
10.00,10.00,14.00,14.00,65.00,305.00,13.00,19.00,22.00,20.00,1
54.00,59.00,46.00,46.00,229.00,696.00,12.00,57.00,19.00,57.00,1
12.00,16.00,27.00,27.00,196.00,265.00,14.00,23.00,23.00,24.00,1
416.00,420.00,162.00,162.00,1019.00,4735.00,232.00,479.00,351.00,479.00,1
9.00,14.00,11.00,12.00,81.00,168.00,7.00,18.00,12.00,18.00,1
4.00,7.00,5.00,5.00,35.00,115.00,4.00,12.00,8.00,12.00,1
0.00,4.00,2.00,3.00,22.00,68.00,2.00,4.00,5.00,5.00,1
23.00,27.00,17.00,18.00,164.00,241.00,11.00,40.00,17.00,41.00,1
4.00,4.00,3.00,3.00,25.00,59.00,2.00,5.00,5.00,6.00,1
24.00,30.00,84.00,84.00,580.00,743.00,71.00,130.00,108.00,131.00,1
7.00,10.00,11.00,11.00,192.00,200.00,11.00,36.00,17.00,36.00,1
24.00,26.00,18.00,19.00,161.00,466.00,31.00,56.00,47.00,56.00,1
22.00,24.00,24.00,24.00,96.00,337.00,7.00,20.00,11.00,20.00,1
13.00,14.00,9.00,10.00,65.00,187.00,4.00,13.00,6.00,14.00,1
9.00,13.00,9.00,10.00,66.00,94.00,7.00,12.00,11.00,13.00,1
3.00,7.00,10.00,10.00,44.00,162.00,7.00,15.00,12.00,15.00,1
10.00,5.00,5.00,6.00,78.00,142.00,10.00,18.00,17.00,18.00,1
12.00,12.00,6.00,6.00,64.00,100.00,4.00,17.00,9.00,17.00,1
97.00,97.00,277.00,277.00,1332.00,3350.00,96.00,393.00,146.00,394.00,1
4.00,1.00,3.00,3.00,46.00,72.00,1.00,7.00,4.00,8.00,1
5.00,4.00,4.00,4.00,91.00,154.00,8.00,24.00,15.00,25.00,1
21.00,20.00,13.00,14.00,152.00,504.00,25.00,37.00,38.00,38.00,1
170.00,171.00,93.00,94.00,848.00,1525.00,58.00,127.00,88.00,127.00,1
6.00,7.00,2.00,2.00,26.00,96.00,1.00,7.00,3.00,8.00,1
190.00,192.00,147.00,147.00,1196.00,2153.00,142.00,130.00,212.00,131.00,1
58.00,56.00,85.00,86.00,491.00,957.00,58.00,95.00,89.00,96.00,1
31.00,28.00,6.00,6.00,91.00,232.00,9.00,33.00,15.00,33.00,1
10.00,6.00,8.00,8.00,31.00,115.00,6.00,7.00,11.00,8.00,1
1.00,7.00,7.00,7.00,33.00,98.00,2.00,8.00,6.00,9.00,1
3.00,4.00,0.00,1.00,12.00,24.00,0.00,5.00,1.00,5.00,1
58.00,55.00,41.00,42.00,377.00,777.00,16.00,57.00,26.00,57.00,1
3.00,0.00,1.00,1.00,7.00,22.00,0.00,1.00,0.00,1.00,1
2.00,4.00,2.00,3.00,76.00,96.00,8.00,19.00,12.00,19.00,1
5.00,1.00,5.00,5.00,34.00,96.00,2.00,9.00,5.00,10.00,1
10.00,14.00,10.00,11.00,39.00,140.00,10.00,24.00,16.00,25.00,1
17.00,14.00,17.00,18.00,203.00,273.00,15.00,30.00,24.00,31.00,1
229.00,229.00,130.00,130.00,1033.00,2843.00,141.00,302.00,213.00,302.00,1
22.00,22.00,32.00,32.00,179.00,576.00,20.00,33.00,33.00,34.00,1
4.00,10.00,3.00,4.00,26.00,59.00,4.00,9.00,7.00,10.00,1
218.00,220.00,153.00,154.00,972.00,1721.00,121.00,171.00,183.00,172.00,1
22.00,19.00,13.00,15.00,64.00,164.00,9.00,18.00,13.00,19.00,1
34.00,32.00,26.00,26.00,87.00,297.00,12.00,40.00,18.00,41.00,1
62.00,61.00,75.00,75.00,244.00,1080.00,50.00,79.00,77.00,79.00,1
78.00,81.00,19.00,19.00,439.00,677.00,39.00,47.00,61.00,47.00,1
5.00,3.00,5.00,6.00,40.00,122.00,3.00,18.00,5.00,20.00,1
10.00,6.00,3.00,3.00,70.00,143.00,6.00,11.00,10.00,11.00,1
47.00,44.00,16.00,17.00,343.00,429.00,22.00,70.00,34.00,70.00,1
19.00,22.00,24.00,25.00,182.00,365.00,20.00,33.00,32.00,34.00,1
24.00,23.00,14.00,15.00,103.00,222.00,5.00,28.00,9.00,28.00,1
31.00,32.00,11.00,12.00,211.00,336.00,13.00,28.00,21.00,28.00,1
7.00,3.00,2.00,3.00,38.00,52.00,3.00,4.00,6.00,5.00,1
23.00,21.00,11.00,12.00,48.00,259.00,9.00,33.00,14.00,33.00,1
9.00,12.00,11.00,11.00,108.00,160.00,5.00,28.00,9.00,28.00,1
8.00,10.00,10.00,11.00,90.00,175.00,7.00,12.00,12.00,13.00,1
139.00,140.00,58.00,59.00,1100.00,1974.00,92.00,323.00,140.00,324.00,1
79.00,77.00,73.00,74.00,779.00,1584.00,61.00,226.00,92.00,226.00,1
9.00,6.00,11.00,11.00,151.00,285.00,8.00,43.00,14.00,44.00,1
18.00,17.00,10.00,11.00,94.00,182.00,4.00,26.00,7.00,27.00,1
17.00,17.00,5.00,6.00,58.00,171.00,8.00,29.00,12.00,31.00,1
30.00,30.00,42.00,42.00,154.00,585.00,45.00,74.00,69.00,74.00,1
10.00,12.00,5.00,5.00,70.00,137.00,8.00,20.00,13.00,21.00,1
12.00,11.00,12.00,12.00,156.00,174.00,12.00,28.00,18.00,28.00,1
32.00,29.00,23.00,23.00,97.00,299.00,27.00,53.00,43.00,55.00,1
6.00,3.00,10.00,11.00,63.00,143.00,3.00,21.00,5.00,21.00,1
0.00,3.00,3.00,4.00,26.00,61.00,3.00,9.00,6.00,9.00,1
53.00,50.00,37.00,37.00,156.00,779.00,26.00,61.00,39.00,62.00,1
58.00,62.00,73.00,73.00,380.00,710.00,37.00,135.00,57.00,136.00,1
43.00,48.00,63.00,63.00,329.00,606.00,36.00,128.00,56.00,129.00,1
27.00,24.00,5.00,6.00,136.00,188.00,15.00,34.00,23.00,36.00,1
48.00,51.00,13.00,13.00,222.00,421.00,21.00,71.00,32.00,73.00,1
169.00,171.00,131.00,131.00,1095.00,2576.00,122.00,333.00,185.00,333.00,1
17.00,19.00,19.00,19.00,292.00,650.00,33.00,81.00,50.00,82.00,1
3.00,6.00,2.00,3.00,46.00,62.00,3.00,7.00,7.00,7.00,1
5.00,8.00,2.00,2.00,20.00,41.00,2.00,6.00,5.00,8.00,1
28.00,23.00,28.00,29.00,217.00,453.00,12.00,72.00,20.00,73.00,1
23.00,23.00,21.00,21.00,159.00,166.00,14.00,39.00,22.00,39.00,1
8.00,11.00,4.00,4.00,48.00,60.00,4.00,14.00,7.00,14.00,1
4.00,7.00,4.00,5.00,55.00,82.00,5.00,11.00,8.00,11.00,1
34.00,33.00,20.00,21.00,279.00,550.00,10.00,61.00,18.00,63.00,1
52.00,51.00,29.00,29.00,229.00,568.00,35.00,31.00,54.00,32.00,1
1.00,0.00,0.00,1.00,8.00,28.00,0.00,3.00,2.00,3.00,1
36.00,37.00,16.00,17.00,390.00,587.00,31.00,89.00,48.00,89.00,1
93.00,97.00,31.00,32.00,276.00,1040.00,23.00,159.00,36.00,160.00,1
4.00,1.00,0.00,1.00,25.00,34.00,1.00,4.00,2.00,4.00,1
15.00,20.00,9.00,11.00,81.00,216.00,12.00,32.00,19.00,32.00,1
36.00,40.00,56.00,56.00,311.00,779.00,38.00,66.00,58.00,66.00,1
18.00,17.00,10.00,11.00,99.00,160.00,8.00,29.00,13.00,29.00,1
9.00,13.00,11.00,13.00,140.00,318.00,20.00,26.00,33.00,26.00,1
20.00,19.00,9.00,9.00,118.00,256.00,12.00,20.00,19.00,20.00,1
21.00,20.00,14.00,15.00,59.00,232.00,5.00,26.00,9.00,26.00,1
169.00,168.00,168.00,168.00,2689.00,3144.00,96.00,493.00,146.00,494.00,1
30.00,33.00,21.00,21.00,164.00,361.00,26.00,32.00,41.00,33.00,1
4.00,7.00,8.00,8.00,34.00,67.00,3.00,12.00,5.00,13.00,1
53.00,49.00,78.00,79.00,556.00,954.00,85.00,112.00,128.00,112.00,1
8.00,4.00,2.00,2.00,48.00,77.00,2.00,11.00,4.00,12.00,1
31.00,30.00,40.00,41.00,289.00,755.00,47.00,83.00,71.00,84.00,1
5.00,4.00,4.00,4.00,31.00,47.00,2.00,10.00,4.00,10.00,1
350.00,350.00,409.00,410.00,2228.00,6416.00,318.00,326.00,478.00,326.00,1
17.00,19.00,47.00,48.00,360.00,919.00,46.00,44.00,70.00,44.00,1
26.00,25.00,19.00,20.00,198.00,345.00,25.00,21.00,38.00,21.00,1
5.00,0.00,7.00,7.00,33.00,65.00,4.00,4.00,7.00,5.00,1
13.00,17.00,4.00,5.00,50.00,210.00,13.00,31.00,19.00,32.00,1
39.00,39.00,24.00,25.00,230.00,643.00,36.00,69.00,54.00,70.00,1
5.00,10.00,16.00,16.00,53.00,235.00,10.00,26.00,16.00,27.00,1
12.00,18.00,8.00,9.00,87.00,215.00,11.00,14.00,18.00,14.00,1
5.00,6.00,9.00,9.00,25.00,90.00,6.00,13.00,11.00,14.00,1
273.00,270.00,236.00,237.00,2119.00,2956.00,125.00,435.00,189.00,436.00,1
13.00,14.00,21.00,21.00,214.00,371.00,9.00,25.00,14.00,25.00,1
52.00,52.00,42.00,42.00,286.00,689.00,25.00,53.00,38.00,53.00,1
22.00,19.00,14.00,15.00,47.00,173.00,7.00,29.00,12.00,31.00,1
354.00,354.00,255.00,255.00,2677.00,4857.00,146.00,467.00,219.00,468.00,1
3.00,8.00,2.00,3.00,65.00,69.00,6.00,15.00,9.00,15.00,1
30.00,30.00,34.00,35.00,174.00,312.00,27.00,38.00,41.00,39.00,1
11.00,5.00,19.00,19.00,125.00,259.00,16.00,42.00,26.00,43.00,1
9.00,9.00,11.00,13.00,174.00,376.00,24.00,48.00,38.00,49.00,1
4.00,8.00,5.00,6.00,22.00,62.00,3.00,9.00,5.00,10.00,1
104.00,106.00,49.00,50.00,499.00,1318.00,21.00,110.00,33.00,110.00,1
14.00,17.00,14.00,15.00,264.00,682.00,20.00,59.00,31.00,60.00,1
27.00,25.00,26.00,27.00,182.00,323.00,9.00,51.00,15.00,51.00,1
27.00,32.00,19.00,19.00,242.00,510.00,13.00,49.00,20.00,50.00,1
0.00,3.00,1.00,2.00,17.00,35.00,1.00,4.00,2.00,4.00,1
23.00,23.00,18.00,19.00,99.00,197.00,9.00,18.00,14.00,19.00,1
55.00,58.00,96.00,96.00,499.00,1612.00,74.00,191.00,112.00,191.00,1
6.00,13.00,6.00,6.00,26.00,75.00,2.00,8.00,3.00,10.00,1
38.00,40.00,28.00,28.00,245.00,705.00,39.00,43.00,59.00,43.00,1
35.00,37.00,29.00,29.00,96.00,273.00,8.00,53.00,13.00,54.00,1
24.00,21.00,23.00,23.00,109.00,380.00,14.00,54.00,22.00,55.00,1
5.00,1.00,6.00,7.00,51.00,116.00,7.00,8.00,10.00,9.00,1
3.00,2.00,1.00,2.00,12.00,29.00,0.00,4.00,1.00,4.00,1
7.00,6.00,20.00,20.00,65.00,310.00,8.00,22.00,14.00,22.00,1
7.00,3.00,3.00,5.00,24.00,63.00,5.00,11.00,7.00,11.00,1
44.00,47.00,12.00,12.00,102.00,447.00,20.00,36.00,32.00,37.00,1
6.00,11.00,9.00,10.00,53.00,104.00,6.00,17.00,11.00,18.00,1
14.00,14.00,7.00,7.00,53.00,168.00,8.00,14.00,14.00,15.00,1
22.00,21.00,21.00,21.00,184.00,364.00,22.00,28.00,34.00,28.00,1
18.00,16.00,14.00,14.00,165.00,538.00,25.00,30.00,39.00,32.00,1
20.00,18.00,9.00,10.00,62.00,281.00,13.00,16.00,19.00,18.00,1
8.00,4.00,5.00,6.00,24.00,54.00,4.00,8.00,6.00,9.00,1
48.00,52.00,80.00,81.00,510.00,1190.00,17.00,132.00,28.00,132.00,1
64.00,68.00,17.00,18.00,321.00,783.00,33.00,56.00,50.00,56.00,1
5.00,9.00,7.00,7.00,83.00,160.00,7.00,7.00,11.00,7.00,1
5.00,2.00,1.00,2.00,20.00,87.00,5.00,9.00,7.00,10.00,1
5.00,2.00,7.00,7.00,27.00,80.00,5.00,9.00,7.00,11.00,1
11.00,13.00,10.00,10.00,90.00,312.00,7.00,32.00,12.00,32.00,1
9.00,11.00,5.00,5.00,65.00,150.00,7.00,18.00,13.00,19.00,1
13.00,15.00,21.00,21.00,68.00,202.00,6.00,24.00,12.00,26.00,1
6.00,10.00,17.00,18.00,201.00,221.00,13.00,29.00,20.00,29.00,1
56.00,57.00,57.00,57.00,411.00,912.00,30.00,108.00,45.00,109.00,1
74.00,76.00,66.00,66.00,657.00,2652.00,65.00,277.00,100.00,278.00,1
11.00,14.00,8.00,9.00,88.00,227.00,14.00,25.00,23.00,26.00,1
11.00,17.00,12.00,12.00,39.00,114.00,7.00,21.00,11.00,21.00,1
10.00,12.00,13.00,14.00,85.00,201.00,9.00,20.00,15.00,21.00,1
8.00,3.00,1.00,3.00,45.00,66.00,1.00,9.00,3.00,9.00,1
4.00,5.00,6.00,6.00,40.00,112.00,5.00,8.00,8.00,9.00,1
10.00,8.00,8.00,8.00,109.00,236.00,4.00,14.00,8.00,15.00,1
13.00,14.00,26.00,27.00,210.00,438.00,25.00,41.00,39.00,42.00,1
1.00,2.00,0.00,0.00,8.00,18.00,0.00,1.00,2.00,2.00,1
3.00,2.00,3.00,4.00,27.00,59.00,2.00,4.00,5.00,4.00,1
10.00,5.00,11.00,13.00,92.00,109.00,8.00,11.00,13.00,13.00,1
1.00,0.00,1.00,1.00,12.00,20.00,0.00,2.00,2.00,3.00,1
12.00,7.00,8.00,8.00,104.00,230.00,12.00,16.00,19.00,18.00,1
17.00,21.00,24.00,24.00,137.00,296.00,9.00,32.00,14.00,32.00,1
25.00,20.00,7.00,8.00,94.00,159.00,11.00,33.00,18.00,35.00,1
9.00,9.00,10.00,11.00,70.00,83.00,2.00,10.00,6.00,10.00,1
26.00,22.00,28.00,29.00,203.00,310.00,15.00,44.00,22.00,44.00,1
40.00,36.00,35.00,35.00,327.00,386.00,9.00,59.00,15.00,59.00,1
16.00,18.00,11.00,12.00,83.00,157.00,8.00,22.00,12.00,22.00,1
19.00,16.00,24.00,24.00,126.00,399.00,10.00,72.00,18.00,73.00,1
25.00,26.00,15.00,16.00,169.00,332.00,10.00,33.00,16.00,34.00,1
8.00,12.00,16.00,16.00,93.00,324.00,8.00,22.00,14.00,22.00,1
3.00,2.00,1.00,2.00,17.00,49.00,1.00,4.00,2.00,5.00,1
3.00,8.00,7.00,7.00,83.00,260.00,13.00,28.00,21.00,28.00,1
19.00,18.00,11.00,12.00,105.00,125.00,11.00,23.00,16.00,23.00,1
7.00,8.00,7.00,8.00,50.00,177.00,11.00,18.00,16.00,19.00,1
5.00,9.00,4.00,5.00,39.00,96.00,4.00,9.00,6.00,9.00,1
62.00,65.00,35.00,35.00,364.00,750.00,21.00,83.00,32.00,83.00,1
55.00,52.00,50.00,50.00,589.00,1237.00,24.00,216.00,36.00,216.00,1
7.00,3.00,1.00,1.00,28.00,67.00,1.00,7.00,4.00,7.00,1
7.00,4.00,3.00,3.00,46.00,85.00,5.00,14.00,11.00,14.00,1
10.00,5.00,5.00,6.00,28.00,98.00,5.00,16.00,10.00,16.00,1
107.00,107.00,53.00,53.00,395.00,1614.00,24.00,210.00,37.00,211.00,1
0.00,3.00,0.00,2.00,14.00,33.00,2.00,2.00,3.00,3.00,1
11.00,11.00,6.00,6.00,53.00,141.00,5.00,14.00,8.00,15.00,1
30.00,31.00,31.00,31.00,166.00,578.00,23.00,43.00,37.00,43.00,1
34.00,35.00,36.00,38.00,186.00,456.00,11.00,84.00,16.00,85.00,1
24.00,24.00,11.00,12.00,124.00,319.00,10.00,42.00,14.00,42.00,1
5.00,3.00,3.00,3.00,19.00,43.00,1.00,6.00,3.00,7.00,1
6.00,7.00,8.00,8.00,38.00,107.00,5.00,9.00,8.00,10.00,1
5.00,0.00,5.00,5.00,33.00,64.00,4.00,8.00,8.00,10.00,1
10.00,9.00,5.00,6.00,66.00,125.00,7.00,17.00,13.00,17.00,1
5.00,3.00,5.00,6.00,57.00,96.00,4.00,14.00,8.00,15.00,1
21.00,23.00,9.00,9.00,129.00,366.00,18.00,18.00,29.00,20.00,1
17.00,22.00,42.00,43.00,509.00,690.00,49.00,141.00,74.00,141.00,1
3.00,5.00,3.00,5.00,28.00,65.00,1.00,3.00,2.00,3.00,1
157.00,163.00,70.00,71.00,484.00,1915.00,106.00,150.00,158.00,151.00,1
23.00,19.00,20.00,22.00,333.00,416.00,14.00,29.00,23.00,31.00,1
92.00,96.00,69.00,69.00,538.00,1172.00,50.00,98.00,76.00,98.00,1
78.00,81.00,136.00,137.00,1052.00,2062.00,54.00,176.00,81.00,177.00,1
0.00,1.00,1.00,1.00,10.00,29.00,0.00,1.00,3.00,3.00,1
0.00,3.00,4.00,4.00,22.00,48.00,1.00,5.00,4.00,7.00,1
30.00,34.00,20.00,20.00,123.00,492.00,14.00,52.00,20.00,53.00,1
8.00,10.00,8.00,9.00,35.00,128.00,6.00,10.00,9.00,11.00,1
208.00,207.00,229.00,230.00,1027.00,3470.00,144.00,366.00,219.00,366.00,1
15.00,17.00,32.00,32.00,228.00,447.00,24.00,50.00,36.00,51.00,1
28.00,28.00,46.00,47.00,380.00,749.00,30.00,92.00,48.00,93.00,1
55.00,62.00,22.00,24.00,190.00,422.00,24.00,37.00,36.00,38.00,1
20.00,23.00,9.00,9.00,61.00,275.00,15.00,40.00,24.00,40.00,1
43.00,48.00,29.00,29.00,236.00,497.00,27.00,30.00,42.00,31.00,1
5.00,3.00,6.00,8.00,35.00,106.00,5.00,8.00,8.00,8.00,1
11.00,16.00,16.00,17.00,116.00,189.00,7.00,12.00,12.00,13.00,1
4.00,11.00,4.00,5.00,53.00,170.00,7.00,23.00,12.00,23.00,1
9.00,11.00,5.00,5.00,45.00,155.00,8.00,13.00,11.00,13.00,1
12.00,11.00,9.00,11.00,72.00,176.00,12.00,28.00,20.00,28.00,1
7.00,12.00,14.00,14.00,117.00,155.00,12.00,27.00,18.00,28.00,1
21.00,22.00,37.00,37.00,505.00,537.00,48.00,95.00,72.00,97.00,1
21.00,25.00,14.00,15.00,145.00,288.00,12.00,26.00,20.00,27.00,1
291.00,287.00,80.00,80.00,880.00,3327.00,137.00,383.00,208.00,383.00,1
37.00,35.00,37.00,38.00,225.00,471.00,13.00,56.00,19.00,56.00,1
17.00,19.00,13.00,14.00,113.00,208.00,9.00,15.00,16.00,15.00,1
91.00,91.00,92.00,93.00,476.00,1014.00,39.00,122.00,60.00,122.00,1
98.00,95.00,48.00,49.00,415.00,1041.00,44.00,56.00,67.00,56.00,1
4.00,8.00,7.00,7.00,50.00,84.00,6.00,8.00,10.00,8.00,1
5.00,5.00,2.00,4.00,16.00,52.00,2.00,8.00,5.00,8.00,1
5.00,5.00,15.00,16.00,131.00,165.00,12.00,34.00,20.00,34.00,1
13.00,13.00,11.00,11.00,203.00,563.00,16.00,28.00,27.00,28.00,1
4.00,1.00,1.00,1.00,16.00,34.00,1.00,3.00,2.00,3.00,1
12.00,17.00,25.00,25.00,163.00,292.00,13.00,39.00,22.00,39.00,1
23.00,28.00,22.00,22.00,411.00,829.00,40.00,56.00,61.00,57.00,1
12.00,12.00,5.00,5.00,44.00,122.00,2.00,9.00,3.00,10.00,1
5.00,6.00,7.00,8.00,35.00,103.00,1.00,5.00,3.00,6.00,1
90.00,91.00,43.00,43.00,528.00,878.00,43.00,96.00,64.00,96.00,1
37.00,34.00,32.00,32.00,249.00,653.00,14.00,59.00,21.00,60.00,1
37.00,37.00,14.00,16.00,94.00,281.00,17.00,36.00,26.00,36.00,1
1.00,4.00,2.00,2.00,21.00,79.00,2.00,10.00,5.00,10.00,1
27.00,30.00,61.00,61.00,450.00,806.00,46.00,184.00,70.00,184.00,1
11.00,17.00,10.00,11.00,87.00,198.00,11.00,24.00,18.00,25.00,1
3.00,4.00,1.00,1.00,20.00,67.00,2.00,4.00,4.00,4.00,1
93.00,92.00,106.00,106.00,341.00,1414.00,68.00,139.00,103.00,139.00,1
6.00,9.00,22.00,24.00,78.00,225.00,9.00,16.00,16.00,18.00,1
6.00,5.00,3.00,3.00,28.00,66.00,1.00,5.00,2.00,6.00,1
11.00,7.00,21.00,21.00,98.00,341.00,5.00,18.00,10.00,19.00,1
23.00,24.00,32.00,33.00,155.00,452.00,27.00,36.00,43.00,38.00,1
32.00,34.00,28.00,28.00,102.00,265.00,20.00,58.00,32.00,58.00,1
6.00,12.00,4.00,5.00,73.00,155.00,6.00,18.00,10.00,19.00,1
9.00,8.00,10.00,11.00,75.00,140.00,7.00,21.00,11.00,21.00,1
8.00,6.00,5.00,5.00,41.00,45.00,1.00,7.00,3.00,8.00,1
18.00,15.00,14.00,15.00,201.00,443.00,19.00,41.00,28.00,41.00,1
29.00,31.00,45.00,45.00,396.00,734.00,55.00,62.00,83.00,62.00,1
12.00,8.00,13.00,15.00,115.00,438.00,8.00,56.00,15.00,56.00,1
58.00,60.00,40.00,40.00,255.00,454.00,27.00,38.00,41.00,38.00,1
13.00,14.00,16.00,17.00,155.00,365.00,13.00,68.00,22.00,69.00,1
6.00,8.00,7.00,8.00,27.00,92.00,3.00,7.00,6.00,7.00,1
4.00,0.00,2.00,4.00,39.00,54.00,1.00,4.00,4.00,4.00,1
56.00,61.00,46.00,47.00,315.00,597.00,19.00,80.00,28.00,80.00,1
1.00,3.00,2.00,3.00,19.00,75.00,2.00,8.00,3.00,9.00,1
19.00,19.00,6.00,8.00,44.00,183.00,3.00,19.00,6.00,19.00,1
48.00,51.00,36.00,37.00,103.00,568.00,8.00,28.00,12.00,28.00,1
52.00,57.00,20.00,20.00,271.00,580.00,23.00,78.00,35.00,79.00,1
13.00,11.00,15.00,15.00,53.00,188.00,9.00,27.00,14.00,27.00,1
17.00,19.00,5.00,6.00,64.00,283.00,6.00,24.00,11.00,24.00,1
4.00,5.00,5.00,6.00,57.00,115.00,2.00,7.00,5.00,7.00,1
6.00,12.00,5.00,6.00,80.00,196.00,5.00,17.00,7.00,19.00,1
21.00,18.00,21.00,22.00,65.00,221.00,13.00,18.00,19.00,18.00,1
22.00,20.00,17.00,18.00,57.00,241.00,11.00,26.00,16.00,26.00,1
27.00,32.00,26.00,27.00,193.00,379.00,24.00,55.00,38.00,55.00,1
35.00,29.00,12.00,12.00,95.00,324.00,12.00,39.00,18.00,41.00,1
8.00,12.00,6.00,6.00,23.00,115.00,2.00,8.00,4.00,9.00,1
12.00,17.00,43.00,43.00,279.00,478.00,32.00,61.00,48.00,62.00,1
4.00,3.00,4.00,4.00,26.00,56.00,3.00,5.00,4.00,6.00,1
18.00,19.00,10.00,11.00,129.00,239.00,9.00,31.00,16.00,32.00,1
1.00,0.00,2.00,2.00,12.00,34.00,1.00,2.00,2.00,2.00,1
13.00,10.00,4.00,4.00,28.00,143.00,2.00,7.00,6.00,7.00,1
2.00,9.00,2.00,2.00,44.00,58.00,2.00,11.00,5.00,12.00,1
1.00,6.00,2.00,2.00,14.00,56.00,2.00,5.00,4.00,6.00,1
19.00,20.00,12.00,14.00,69.00,134.00,10.00,25.00,17.00,26.00,1
7.00,8.00,23.00,23.00,149.00,354.00,21.00,29.00,33.00,29.00,1
3.00,3.00,3.00,4.00,26.00,37.00,2.00,5.00,4.00,6.00,1
16.00,14.00,12.00,13.00,186.00,306.00,7.00,24.00,10.00,25.00,1
11.00,10.00,6.00,7.00,87.00,112.00,7.00,19.00,12.00,20.00,1
9.00,8.00,4.00,5.00,107.00,222.00,8.00,30.00,13.00,31.00,1
69.00,72.00,80.00,81.00,818.00,1741.00,120.00,290.00,181.00,290.00,1
20.00,19.00,18.00,18.00,169.00,326.00,17.00,27.00,26.00,28.00,1
2.00,7.00,6.00,6.00,74.00,169.00,5.00,27.00,8.00,29.00,1
48.00,52.00,42.00,43.00,210.00,660.00,37.00,84.00,56.00,84.00,1
49.00,54.00,44.00,44.00,132.00,655.00,36.00,58.00,54.00,58.00,1
1.00,1.00,2.00,3.00,21.00,32.00,0.00,4.00,2.00,5.00,1
8.00,6.00,3.00,3.00,40.00,66.00,2.00,7.00,5.00,8.00,1
18.00,16.00,13.00,13.00,72.00,230.00,13.00,41.00,21.00,42.00,1
9.00,12.00,1.00,3.00,25.00,83.00,4.00,9.00,7.00,9.00,1
14.00,11.00,9.00,10.00,73.00,172.00,6.00,13.00,10.00,13.00,1
9.00,7.00,4.00,5.00,36.00,54.00,2.00,10.00,5.00,10.00,1
3.00,1.00,6.00,6.00,22.00,76.00,5.00,5.00,8.00,5.00,1
59.00,54.00,15.00,15.00,161.00,524.00,21.00,79.00,34.00,80.00,1
71.00,67.00,34.00,35.00,373.00,754.00,37.00,38.00,57.00,39.00,1
4.00,1.00,2.00,2.00,19.00,32.00,0.00,4.00,1.00,4.00,1
20.00,18.00,17.00,18.00,103.00,347.00,17.00,19.00,26.00,19.00,1
25.00,23.00,17.00,17.00,142.00,168.00,13.00,15.00,21.00,15.00,1
11.00,7.00,10.00,10.00,67.00,183.00,4.00,22.00,5.00,22.00,1
3.00,4.00,5.00,5.00,48.00,87.00,4.00,12.00,9.00,13.00,1
10.00,7.00,4.00,4.00,41.00,105.00,2.00,12.00,4.00,12.00,1
143.00,142.00,107.00,107.00,805.00,2370.00,71.00,160.00,108.00,161.00,1
50.00,49.00,83.00,84.00,918.00,1639.00,46.00,222.00,72.00,223.00,1
28.00,29.00,27.00,28.00,132.00,464.00,28.00,70.00,44.00,72.00,1
6.00,11.00,2.00,2.00,48.00,78.00,5.00,9.00,9.00,9.00,1
36.00,29.00,29.00,31.00,189.00,511.00,12.00,43.00,19.00,43.00,1
26.00,26.00,26.00,27.00,369.00,574.00,16.00,101.00,26.00,102.00,1
6.00,7.00,9.00,10.00,21.00,21.00,10.00,138.00,10.00,256.00,2
3.00,3.00,5.00,5.00,27.00,27.00,3.00,48.00,3.00,288.00,2
45.00,47.00,75.00,76.00,165.00,167.00,143.00,531.00,143.00,2450.00,2
22.00,23.00,14.00,14.00,37.00,39.00,14.00,192.00,14.00,320.00,2
15.00,15.00,3.00,5.00,38.00,38.00,9.00,90.00,11.00,211.00,2
7.00,7.00,3.00,5.00,14.00,16.00,5.00,31.00,5.00,115.00,2
6.00,8.00,3.00,4.00,17.00,18.00,5.00,31.00,5.00,196.00,2
8.00,10.00,4.00,5.00,26.00,26.00,5.00,89.00,5.00,153.00,2
1.00,2.00,1.00,1.00,10.00,11.00,1.00,39.00,2.00,91.00,2
19.00,20.00,25.00,25.00,74.00,75.00,11.00,430.00,11.00,869.00,2
98.00,100.00,32.00,32.00,122.00,124.00,44.00,228.00,44.00,2049.00,2
8.00,8.00,13.00,13.00,21.00,22.00,14.00,93.00,15.00,391.00,2
12.00,13.00,13.00,13.00,67.00,67.00,7.00,209.00,7.00,435.00,2
19.00,20.00,20.00,22.00,99.00,100.00,12.00,132.00,12.00,998.00,2
29.00,29.00,23.00,23.00,47.00,48.00,10.00,363.00,10.00,571.00,2
5.00,5.00,7.00,9.00,28.00,28.00,12.00,68.00,12.00,224.00,2
15.00,17.00,11.00,11.00,23.00,23.00,6.00,89.00,6.00,273.00,2
69.00,71.00,45.00,45.00,332.00,333.00,49.00,378.00,49.00,1875.00,2
70.00,70.00,96.00,96.00,336.00,338.00,64.00,1062.00,64.00,1674.00,2
4.00,6.00,14.00,15.00,45.00,46.00,7.00,96.00,7.00,374.00,2
1.00,1.00,0.00,1.00,7.00,7.00,1.00,23.00,3.00,36.00,2
10.00,12.00,15.00,16.00,72.00,73.00,10.00,202.00,10.00,980.00,2
27.00,29.00,23.00,23.00,57.00,57.00,12.00,107.00,12.00,681.00,2
44.00,45.00,15.00,16.00,111.00,111.00,24.00,173.00,26.00,767.00,2
3.00,4.00,1.00,1.00,11.00,11.00,1.00,36.00,3.00,58.00,2
6.00,7.00,10.00,12.00,30.00,31.00,13.00,58.00,15.00,230.00,2
31.00,33.00,24.00,26.00,45.00,45.00,26.00,251.00,26.00,391.00,2
3.00,3.00,4.00,4.00,18.00,19.00,6.00,41.00,7.00,173.00,2
22.00,24.00,7.00,9.00,29.00,31.00,22.00,147.00,22.00,332.00,2
7.00,7.00,6.00,7.00,13.00,14.00,7.00,36.00,7.00,253.00,2
8.00,8.00,8.00,8.00,24.00,25.00,6.00,73.00,6.00,205.00,2
6.00,7.00,4.00,5.00,19.00,19.00,13.00,178.00,13.00,271.00,2
1.00,1.00,1.00,1.00,9.00,10.00,0.00,16.00,1.00,54.00,2
29.00,29.00,25.00,26.00,51.00,53.00,30.00,285.00,32.00,553.00,2
13.00,13.00,14.00,14.00,42.00,42.00,8.00,81.00,8.00,320.00,2
6.00,6.00,2.00,3.00,19.00,19.00,10.00,84.00,10.00,219.00,2
23.00,23.00,16.00,16.00,70.00,71.00,23.00,140.00,24.00,490.00,2
21.00,21.00,6.00,6.00,39.00,40.00,5.00,223.00,5.00,337.00,2
14.00,14.00,5.00,5.00,33.00,33.00,6.00,157.00,7.00,337.00,2
13.00,14.00,4.00,5.00,24.00,24.00,18.00,164.00,18.00,348.00,2
5.00,6.00,2.00,4.00,8.00,9.00,2.00,60.00,2.00,98.00,2
3.00,3.00,2.00,3.00,10.00,11.00,3.00,42.00,4.00,87.00,2
49.00,49.00,27.00,28.00,146.00,146.00,27.00,458.00,28.00,1107.00,2
5.00,5.00,6.00,6.00,27.00,28.00,2.00,75.00,2.00,261.00,2
47.00,47.00,14.00,16.00,130.00,130.00,29.00,257.00,29.00,1506.00,2
8.00,10.00,18.00,18.00,116.00,118.00,18.00,228.00,20.00,569.00,2
17.00,17.00,30.00,32.00,72.00,74.00,12.00,351.00,13.00,808.00,2
3.00,5.00,2.00,2.00,10.00,11.00,3.00,30.00,3.00,68.00,2
8.00,8.00,5.00,7.00,15.00,16.00,5.00,52.00,7.00,181.00,2
3.00,4.00,10.00,12.00,29.00,29.00,10.00,75.00,12.00,209.00,2
19.00,19.00,41.00,41.00,155.00,156.00,35.00,255.00,35.00,749.00,2
3.00,3.00,2.00,2.00,8.00,8.00,0.00,24.00,2.00,55.00,2
1.00,2.00,1.00,1.00,2.00,4.00,1.00,15.00,1.00,68.00,2
3.00,3.00,0.00,2.00,7.00,8.00,3.00,22.00,3.00,56.00,2
17.00,18.00,7.00,8.00,43.00,43.00,17.00,233.00,18.00,457.00,2
1.00,2.00,2.00,4.00,15.00,17.00,2.00,63.00,4.00,97.00,2
5.00,5.00,2.00,3.00,22.00,22.00,3.00,32.00,3.00,113.00,2
7.00,8.00,3.00,4.00,28.00,28.00,4.00,45.00,5.00,285.00,2
9.00,9.00,15.00,15.00,31.00,31.00,15.00,65.00,16.00,387.00,2
1.00,1.00,2.00,2.00,14.00,14.00,5.00,32.00,6.00,153.00,2
8.00,10.00,14.00,15.00,44.00,45.00,14.00,201.00,15.00,303.00,2
11.00,11.00,16.00,16.00,36.00,36.00,14.00,92.00,14.00,541.00,2
2.00,3.00,3.00,3.00,14.00,15.00,3.00,31.00,3.00,255.00,2
4.00,4.00,2.00,3.00,15.00,15.00,4.00,44.00,4.00,121.00,2
6.00,6.00,3.00,3.00,13.00,13.00,1.00,62.00,1.00,125.00,2
1.00,2.00,3.00,4.00,17.00,18.00,6.00,57.00,7.00,131.00,2
47.00,48.00,54.00,55.00,139.00,140.00,32.00,402.00,33.00,1870.00,2
1.00,2.00,7.00,7.00,20.00,21.00,2.00,67.00,2.00,189.00,2
83.00,83.00,23.00,23.00,171.00,172.00,70.00,244.00,71.00,1654.00,2
14.00,14.00,3.00,5.00,25.00,25.00,6.00,44.00,6.00,329.00,2
11.00,11.00,29.00,30.00,80.00,80.00,39.00,138.00,39.00,1064.00,2
1.00,2.00,1.00,2.00,6.00,6.00,5.00,62.00,5.00,104.00,2
2.00,3.00,3.00,4.00,25.00,25.00,3.00,46.00,3.00,223.00,2
2.00,4.00,0.00,2.00,6.00,6.00,0.00,23.00,2.00,71.00,2
1.00,1.00,1.00,3.00,19.00,19.00,1.00,31.00,1.00,118.00,2
1.00,1.00,0.00,1.00,9.00,10.00,1.00,24.00,3.00,111.00,2
9.00,10.00,10.00,12.00,89.00,89.00,17.00,258.00,17.00,688.00,2
9.00,11.00,5.00,6.00,44.00,45.00,11.00,39.00,11.00,313.00,2
0.00,0.00,0.00,0.00,2.00,3.00,0.00,10.00,0.00,14.00,2
5.00,5.00,0.00,2.00,8.00,9.00,2.00,29.00,3.00,115.00,2
8.00,8.00,28.00,28.00,92.00,92.00,20.00,256.00,22.00,486.00,2
3.00,3.00,2.00,3.00,7.00,7.00,1.00,55.00,2.00,83.00,2
84.00,84.00,45.00,46.00,93.00,93.00,34.00,268.00,36.00,1182.00,2
9.00,9.00,12.00,12.00,49.00,49.00,17.00,56.00,17.00,445.00,2
0.00,0.00,0.00,0.00,2.00,4.00,0.00,5.00,0.00,18.00,2
32.00,32.00,36.00,36.00,81.00,82.00,18.00,256.00,18.00,1024.00,2
15.00,15.00,15.00,17.00,43.00,43.00,10.00,234.00,10.00,486.00,2
2.00,2.00,2.00,3.00,9.00,9.00,2.00,35.00,3.00,107.00,2
16.00,16.00,7.00,7.00,33.00,34.00,22.00,188.00,23.00,558.00,2
7.00,8.00,8.00,9.00,45.00,46.00,16.00,209.00,17.00,413.00,2
6.00,6.00,10.00,10.00,26.00,26.00,14.00,146.00,15.00,468.00,2
4.00,4.00,3.00,3.00,7.00,9.00,3.00,18.00,4.00,117.00,2
18.00,20.00,47.00,49.00,170.00,170.00,60.00,270.00,62.00,1463.00,2
19.00,21.00,17.00,18.00,69.00,69.00,22.00,87.00,23.00,428.00,2
12.00,14.00,14.00,14.00,79.00,79.00,30.00,166.00,30.00,628.00,2
9.00,9.00,3.00,5.00,31.00,33.00,9.00,68.00,9.00,233.00,2
14.00,15.00,16.00,16.00,39.00,40.00,16.00,177.00,18.00,859.00,2
5.00,5.00,1.00,2.00,14.00,14.00,6.00,55.00,6.00,140.00,2
3.00,3.00,1.00,1.00,9.00,10.00,3.00,13.00,3.00,88.00,2
1.00,3.00,3.00,3.00,7.00,7.00,1.00,37.00,3.00,86.00,2
3.00,5.00,3.00,5.00,14.00,14.00,5.00,12.00,5.00,77.00,2
7.00,7.00,7.00,7.00,14.00,14.00,5.00,46.00,6.00,271.00,2
2.00,2.00,7.00,7.00,13.00,14.00,5.00,92.00,5.00,203.00,2
13.00,14.00,2.00,4.00,30.00,31.00,5.00,75.00,6.00,287.00,2
0.00,0.00,0.00,0.00,6.00,6.00,2.00,8.00,2.00,32.00,2
5.00,6.00,8.00,8.00,38.00,40.00,8.00,56.00,8.00,167.00,2
69.00,69.00,36.00,36.00,126.00,126.00,20.00,592.00,21.00,1698.00,2
2.00,3.00,4.00,5.00,15.00,15.00,6.00,37.00,7.00,180.00,2
25.00,25.00,11.00,12.00,46.00,47.00,21.00,400.00,21.00,630.00,2
2.00,3.00,0.00,2.00,13.00,13.00,3.00,29.00,3.00,47.00,2
14.00,15.00,11.00,12.00,23.00,23.00,9.00,83.00,9.00,321.00,2
129.00,129.00,62.00,62.00,328.00,328.00,68.00,1042.00,69.00,3063.00,2
2.00,3.00,1.00,2.00,7.00,7.00,1.00,26.00,2.00,70.00,2
5.00,5.00,14.00,15.00,28.00,29.00,6.00,196.00,7.00,398.00,2
1.00,1.00,1.00,1.00,8.00,10.00,3.00,15.00,4.00,62.00,2
1.00,1.00,3.00,3.00,7.00,8.00,1.00,12.00,3.00,83.00,2
4.00,4.00,2.00,2.00,7.00,8.00,2.00,27.00,2.00,128.00,2
1.00,1.00,1.00,1.00,15.00,16.00,3.00,30.00,3.00,141.00,2
7.00,7.00,9.00,9.00,39.00,41.00,19.00,114.00,20.00,498.00,2
22.00,23.00,33.00,34.00,89.00,89.00,40.00,167.00,41.00,744.00,2
260.00,262.00,160.00,160.00,456.00,458.00,176.00,1587.00,176.00,3980.00,2
29.00,31.00,16.00,16.00,70.00,70.00,18.00,55.00,19.00,457.00,2
2.00,3.00,0.00,1.00,7.00,8.00,2.00,23.00,2.00,74.00,2
18.00,19.00,39.00,40.00,104.00,104.00,53.00,450.00,53.00,767.00,2
4.00,6.00,0.00,1.00,14.00,16.00,3.00,18.00,4.00,99.00,2
5.00,6.00,2.00,3.00,16.00,17.00,5.00,62.00,6.00,129.00,2
0.00,0.00,0.00,1.00,3.00,3.00,0.00,4.00,0.00,27.00,2
2.00,3.00,2.00,2.00,10.00,11.00,3.00,57.00,3.00,90.00,2
8.00,10.00,23.00,23.00,57.00,58.00,14.00,183.00,14.00,608.00,2
19.00,20.00,14.00,15.00,57.00,57.00,5.00,100.00,6.00,467.00,2
5.00,5.00,10.00,10.00,32.00,34.00,13.00,69.00,13.00,223.00,2
2.00,3.00,4.00,6.00,12.00,13.00,2.00,48.00,3.00,151.00,2
3.00,3.00,3.00,4.00,10.00,12.00,6.00,26.00,7.00,150.00,2
6.00,7.00,6.00,6.00,24.00,25.00,7.00,60.00,7.00,209.00,2
2.00,3.00,5.00,5.00,8.00,8.00,6.00,43.00,7.00,193.00,2
21.00,21.00,22.00,22.00,57.00,58.00,25.00,118.00,25.00,903.00,2
47.00,48.00,64.00,64.00,142.00,142.00,67.00,574.00,67.00,1029.00,2
28.00,28.00,26.00,28.00,89.00,91.00,32.00,151.00,32.00,581.00,2
4.00,4.00,3.00,4.00,31.00,33.00,3.00,81.00,3.00,157.00,2
7.00,9.00,7.00,7.00,29.00,30.00,13.00,109.00,14.00,217.00,2
0.00,0.00,0.00,2.00,3.00,3.00,0.00,7.00,0.00,33.00,2
4.00,4.00,1.00,1.00,12.00,14.00,4.00,16.00,4.00,85.00,2
1.00,3.00,3.00,3.00,5.00,5.00,0.00,18.00,1.00,73.00,2
2.00,4.00,4.00,4.00,12.00,12.00,4.00,54.00,4.00,137.00,2
7.00,7.00,2.00,2.00,28.00,29.00,8.00,32.00,9.00,262.00,2
6.00,8.00,2.00,3.00,19.00,20.00,9.00,81.00,9.00,129.00,2
11.00,12.00,5.00,5.00,31.00,32.00,9.00,60.00,9.00,359.00,2
2.00,4.00,4.00,4.00,8.00,10.00,1.00,25.00,2.00,114.00,2
6.00,6.00,7.00,7.00,17.00,17.00,4.00,99.00,5.00,149.00,2
2.00,2.00,2.00,3.00,11.00,12.00,2.00,20.00,2.00,56.00,2
6.00,7.00,5.00,6.00,9.00,9.00,2.00,68.00,3.00,138.00,2
23.00,25.00,7.00,7.00,50.00,50.00,17.00,145.00,18.00,316.00,2
17.00,19.00,11.00,11.00,63.00,63.00,9.00,219.00,9.00,397.00,2
8.00,8.00,17.00,17.00,55.00,55.00,20.00,194.00,20.00,379.00,2
13.00,13.00,10.00,10.00,37.00,37.00,13.00,94.00,13.00,210.00,2
3.00,3.00,8.00,9.00,27.00,27.00,2.00,99.00,3.00,335.00,2
0.00,1.00,0.00,1.00,5.00,6.00,0.00,18.00,1.00,35.00,2
7.00,7.00,4.00,4.00,25.00,27.00,8.00,76.00,8.00,465.00,2
601.00,601.00,454.00,456.00,1812.00,1813.00,555.00,4410.00,555.00,7877.00,2
4.00,6.00,3.00,4.00,10.00,11.00,1.00,27.00,3.00,72.00,2
3.00,3.00,3.00,4.00,23.00,23.00,3.00,26.00,3.00,154.00,2
1.00,3.00,1.00,3.00,15.00,15.00,3.00,31.00,3.00,116.00,2
3.00,3.00,6.00,6.00,32.00,32.00,10.00,47.00,10.00,246.00,2
10.00,10.00,25.00,26.00,67.00,69.00,36.00,110.00,36.00,916.00,2
38.00,38.00,15.00,15.00,71.00,71.00,32.00,146.00,32.00,865.00,2
17.00,17.00,36.00,37.00,164.00,164.00,38.00,226.00,39.00,1817.00,2
15.00,15.00,13.00,13.00,64.00,64.00,9.00,111.00,10.00,555.00,2
28.00,30.00,11.00,13.00,101.00,101.00,13.00,273.00,14.00,524.00,2
3.00,4.00,3.00,4.00,18.00,19.00,5.00,29.00,6.00,191.00,2
55.00,57.00,32.00,32.00,129.00,129.00,77.00,312.00,78.00,1125.00,2
0.00,0.00,0.00,0.00,1.00,1.00,0.00,10.00,0.00,18.00,2
6.00,6.00,1.00,3.00,24.00,26.00,6.00,68.00,6.00,101.00,2
2.00,3.00,5.00,6.00,20.00,20.00,3.00,39.00,3.00,159.00,2
2.00,2.00,2.00,2.00,29.00,30.00,9.00,48.00,10.00,237.00,2
46.00,46.00,22.00,22.00,161.00,163.00,27.00,572.00,29.00,935.00,2
19.00,20.00,8.00,10.00,50.00,52.00,11.00,404.00,12.00,607.00,2
6.00,7.00,4.00,5.00,7.00,8.00,5.00,74.00,6.00,130.00,2
1.00,3.00,0.00,1.00,4.00,5.00,1.00,10.00,3.00,39.00,2
2.00,2.00,0.00,2.00,2.00,3.00,0.00,10.00,2.00,28.00,2
7.00,7.00,4.00,4.00,14.00,14.00,7.00,86.00,7.00,188.00,2
7.00,7.00,3.00,3.00,14.00,15.00,2.00,82.00,3.00,191.00,2
5.00,6.00,3.00,5.00,13.00,13.00,7.00,76.00,8.00,154.00,2
16.00,16.00,15.00,16.00,47.00,47.00,10.00,126.00,12.00,246.00,2
53.00,54.00,26.00,27.00,72.00,72.00,40.00,429.00,40.00,890.00,2
4.00,4.00,4.00,4.00,24.00,24.00,4.00,25.00,4.00,186.00,2
4.00,4.00,4.00,6.00,11.00,13.00,1.00,59.00,3.00,114.00,2
161.00,163.00,158.00,159.00,564.00,565.00,232.00,1975.00,234.00,3791.00,2
7.00,7.00,6.00,6.00,23.00,23.00,7.00,129.00,8.00,364.00,2
2.00,3.00,2.00,3.00,7.00,8.00,2.00,12.00,2.00,60.00,2
1.00,1.00,1.00,1.00,9.00,9.00,2.00,24.00,2.00,59.00,2
0.00,2.00,2.00,2.00,3.00,5.00,2.00,18.00,2.00,25.00,2
62.00,62.00,37.00,39.00,101.00,102.00,40.00,251.00,40.00,1253.00,2
1.00,1.00,0.00,1.00,4.00,4.00,1.00,39.00,1.00,67.00,2
1.00,1.00,4.00,4.00,14.00,16.00,1.00,46.00,1.00,96.00,2
30.00,31.00,34.00,34.00,127.00,127.00,37.00,215.00,37.00,508.00,2
6.00,8.00,11.00,13.00,16.00,16.00,14.00,32.00,14.00,256.00,2
2.00,3.00,2.00,2.00,6.00,6.00,2.00,16.00,2.00,50.00,2
28.00,28.00,22.00,24.00,83.00,84.00,35.00,173.00,35.00,610.00,2
2.00,2.00,1.00,2.00,8.00,8.00,1.00,22.00,2.00,97.00,2
0.00,0.00,0.00,0.00,2.00,2.00,0.00,5.00,0.00,18.00,2
2.00,4.00,5.00,5.00,14.00,14.00,2.00,47.00,4.00,211.00,2
0.00,1.00,0.00,0.00,3.00,4.00,0.00,13.00,1.00,37.00,2
2.00,4.00,8.00,9.00,14.00,14.00,4.00,136.00,4.00,235.00,2
1.00,1.00,2.00,2.00,7.00,8.00,1.00,36.00,2.00,87.00,2
0.00,0.00,0.00,2.00,2.00,2.00,0.00,11.00,2.00,18.00,2
8.00,9.00,5.00,5.00,15.00,15.00,2.00,85.00,3.00,226.00,2
8.00,8.00,3.00,4.00,21.00,21.00,3.00,35.00,3.00,188.00,2
13.00,14.00,13.00,13.00,35.00,35.00,17.00,88.00,17.00,593.00,2
1.00,3.00,3.00,3.00,5.00,5.00,3.00,22.00,4.00,78.00,2
22.00,22.00,20.00,20.00,50.00,50.00,20.00,142.00,22.00,439.00,2
2.00,2.00,0.00,2.00,8.00,8.00,2.00,28.00,3.00,43.00,2
4.00,6.00,19.00,21.00,30.00,30.00,15.00,84.00,16.00,478.00,2
6.00,6.00,2.00,3.00,12.00,14.00,2.00,31.00,3.00,123.00,2
93.00,95.00,61.00,63.00,182.00,182.00,59.00,1073.00,59.00,1609.00,2
23.00,23.00,16.00,17.00,69.00,69.00,10.00,122.00,10.00,380.00,2
5.00,5.00,5.00,6.00,30.00,30.00,3.00,138.00,3.00,279.00,2
1.00,3.00,3.00,4.00,12.00,12.00,1.00,27.00,3.00,136.00,2
28.00,28.00,10.00,10.00,50.00,50.00,34.00,390.00,35.00,942.00,2
6.00,6.00,1.00,3.00,18.00,18.00,6.00,42.00,6.00,137.00,2
7.00,7.00,5.00,5.00,11.00,11.00,8.00,27.00,8.00,176.00,2
0.00,1.00,0.00,0.00,5.00,5.00,0.00,13.00,1.00,44.00,2
0.00,0.00,0.00,0.00,1.00,1.00,0.00,3.00,1.00,22.00,2
9.00,9.00,2.00,2.00,22.00,23.00,3.00,87.00,4.00,193.00,2
19.00,19.00,5.00,7.00,26.00,28.00,17.00,59.00,19.00,303.00,2
0.00,1.00,0.00,1.00,4.00,5.00,0.00,10.00,0.00,27.00,2
4.00,5.00,5.00,5.00,40.00,41.00,4.00,92.00,5.00,215.00,2
7.00,9.00,5.00,7.00,18.00,18.00,4.00,74.00,4.00,157.00,2
2.00,3.00,6.00,8.00,17.00,17.00,5.00,40.00,5.00,145.00,2
14.00,15.00,30.00,32.00,53.00,54.00,40.00,150.00,40.00,818.00,2
13.00,14.00,4.00,4.00,37.00,38.00,17.00,61.00,17.00,321.00,2
0.00,0.00,0.00,1.00,3.00,3.00,0.00,14.00,0.00,33.00,2
16.00,18.00,19.00,19.00,38.00,40.00,10.00,105.00,10.00,512.00,2
54.00,54.00,16.00,17.00,131.00,132.00,47.00,347.00,47.00,1061.00,2
27.00,27.00,13.00,15.00,42.00,43.00,12.00,186.00,12.00,293.00,2
0.00,1.00,1.00,1.00,5.00,5.00,0.00,13.00,1.00,47.00,2
2.00,4.00,2.00,4.00,7.00,9.00,0.00,31.00,2.00,60.00,2
12.00,13.00,17.00,17.00,72.00,73.00,14.00,90.00,16.00,681.00,2
12.00,12.00,18.00,18.00,182.00,183.00,15.00,173.00,15.00,1002.00,2
1.00,2.00,1.00,1.00,9.00,10.00,4.00,28.00,4.00,131.00,2
9.00,9.00,3.00,4.00,26.00,26.00,8.00,68.00,8.00,258.00,2
2.00,3.00,2.00,2.00,7.00,8.00,7.00,23.00,7.00,119.00,2
7.00,7.00,3.00,3.00,11.00,11.00,7.00,53.00,8.00,219.00,2
5.00,5.00,3.00,3.00,19.00,19.00,6.00,55.00,6.00,108.00,2
5.00,6.00,8.00,10.00,32.00,32.00,11.00,51.00,13.00,234.00,2
7.00,8.00,3.00,3.00,14.00,14.00,5.00,108.00,5.00,184.00,2
6.00,6.00,5.00,5.00,22.00,23.00,5.00,71.00,6.00,158.00,2
16.00,16.00,6.00,6.00,49.00,49.00,19.00,79.00,19.00,538.00,2
57.00,57.00,24.00,24.00,144.00,144.00,17.00,311.00,17.00,709.00,2
0.00,1.00,1.00,1.00,9.00,10.00,3.00,21.00,4.00,81.00,2
15.00,15.00,7.00,8.00,45.00,45.00,7.00,118.00,8.00,226.00,2
4.00,4.00,4.00,6.00,28.00,28.00,3.00,74.00,4.00,113.00,2
0.00,0.00,0.00,1.00,1.00,1.00,0.00,11.00,1.00,19.00,2
8.00,8.00,6.00,6.00,27.00,27.00,9.00,53.00,9.00,214.00,2
128.00,128.00,128.00,130.00,202.00,202.00,47.00,1617.00,48.00,3599.00,2
2.00,2.00,3.00,3.00,6.00,7.00,2.00,17.00,3.00,131.00,2
5.00,6.00,5.00,5.00,25.00,26.00,5.00,77.00,6.00,194.00,2
6.00,6.00,5.00,5.00,13.00,13.00,4.00,20.00,4.00,128.00,2
2.00,2.00,2.00,2.00,3.00,3.00,2.00,10.00,3.00,85.00,2
0.00,2.00,0.00,2.00,9.00,11.00,2.00,9.00,3.00,53.00,2
10.00,10.00,12.00,13.00,51.00,51.00,21.00,248.00,21.00,378.00,2
21.00,21.00,18.00,20.00,58.00,58.00,25.00,223.00,27.00,696.00,2
1.00,2.00,0.00,0.00,5.00,5.00,1.00,11.00,1.00,54.00,2
4.00,4.00,3.00,4.00,21.00,23.00,4.00,21.00,6.00,136.00,2
8.00,9.00,4.00,4.00,39.00,41.00,5.00,47.00,7.00,283.00,2
10.00,11.00,15.00,15.00,54.00,54.00,7.00,90.00,8.00,260.00,2
65.00,66.00,54.00,55.00,296.00,298.00,97.00,221.00,97.00,1890.00,2
14.00,15.00,13.00,13.00,28.00,28.00,21.00,219.00,21.00,442.00,2
165.00,167.00,74.00,75.00,274.00,276.00,106.00,1151.00,108.00,3075.00,2
36.00,38.00,104.00,106.00,254.00,255.00,132.00,1016.00,132.00,1529.00,2
20.00,21.00,25.00,26.00,87.00,88.00,50.00,543.00,52.00,1032.00,2
14.00,14.00,9.00,9.00,44.00,45.00,12.00,106.00,12.00,236.00,2
13.00,13.00,7.00,9.00,23.00,23.00,6.00,140.00,6.00,255.00,2
9.00,9.00,6.00,8.00,51.00,51.00,20.00,154.00,20.00,230.00,2
0.00,1.00,0.00,1.00,1.00,2.00,0.00,8.00,0.00,31.00,2
72.00,74.00,45.00,45.00,134.00,134.00,57.00,256.00,57.00,1807.00,2
29.00,29.00,21.00,21.00,47.00,47.00,13.00,324.00,13.00,540.00,2
1.00,2.00,1.00,1.00,5.00,5.00,1.00,33.00,2.00,55.00,2
8.00,8.00,7.00,7.00,14.00,14.00,8.00,40.00,8.00,206.00,2
16.00,16.00,16.00,17.00,40.00,41.00,7.00,164.00,8.00,400.00,2
25.00,26.00,31.00,33.00,108.00,108.00,8.00,273.00,10.00,580.00,2
15.00,17.00,10.00,12.00,28.00,30.00,9.00,44.00,10.00,370.00,2
16.00,16.00,24.00,25.00,84.00,85.00,10.00,232.00,10.00,581.00,2
3.00,4.00,1.00,3.00,6.00,6.00,3.00,34.00,3.00,86.00,2
0.00,1.00,0.00,1.00,6.00,6.00,0.00,18.00,1.00,42.00,2
31.00,31.00,15.00,15.00,77.00,78.00,17.00,344.00,17.00,515.00,2
21.00,22.00,43.00,43.00,77.00,77.00,63.00,164.00,63.00,1143.00,2
3.00,3.00,0.00,2.00,8.00,8.00,3.00,28.00,3.00,37.00,2
6.00,7.00,12.00,13.00,42.00,42.00,21.00,150.00,21.00,314.00,2
6.00,7.00,5.00,6.00,13.00,13.00,2.00,44.00,2.00,215.00,2
2.00,2.00,0.00,2.00,3.00,3.00,0.00,25.00,2.00,40.00,2
2.00,4.00,1.00,2.00,17.00,17.00,1.00,31.00,1.00,124.00,2
0.00,0.00,0.00,0.00,3.00,3.00,0.00,13.00,0.00,17.00,2
1.00,1.00,1.00,2.00,19.00,20.00,2.00,34.00,4.00,147.00,2
23.00,25.00,14.00,15.00,76.00,76.00,11.00,328.00,12.00,548.00,2
4.00,4.00,1.00,3.00,13.00,14.00,3.00,54.00,3.00,90.00,2
26.00,26.00,8.00,9.00,53.00,53.00,14.00,113.00,15.00,503.00,2
0.00,0.00,0.00,0.00,1.00,1.00,0.00,6.00,1.00,13.00,2
1.00,1.00,1.00,3.00,4.00,4.00,3.00,17.00,3.00,65.00,2
1.00,1.00,0.00,1.00,6.00,7.00,1.00,15.00,1.00,50.00,2
46.00,46.00,38.00,38.00,80.00,80.00,20.00,407.00,21.00,934.00,2
3.00,3.00,0.00,1.00,6.00,6.00,0.00,20.00,1.00,102.00,2
2.00,2.00,1.00,2.00,10.00,11.00,3.00,17.00,3.00,104.00,2
1.00,3.00,1.00,1.00,3.00,3.00,1.00,10.00,3.00,59.00,2
35.00,36.00,31.00,31.00,60.00,61.00,9.00,205.00,9.00,848.00,2
17.00,17.00,7.00,8.00,52.00,52.00,8.00,76.00,8.00,443.00,2
16.00,17.00,11.00,11.00,53.00,54.00,21.00,374.00,23.00,651.00,2
4.00,4.00,10.00,11.00,41.00,42.00,13.00,72.00,14.00,424.00,2
17.00,19.00,11.00,13.00,57.00,59.00,10.00,75.00,11.00,291.00,2
46.00,46.00,36.00,36.00,119.00,120.00,16.00,724.00,17.00,1509.00,2
0.00,1.00,1.00,1.00,7.00,7.00,2.00,14.00,2.00,61.00,2
0.00,1.00,1.00,2.00,7.00,7.00,2.00,20.00,2.00,60.00,2
9.00,9.00,8.00,9.00,48.00,49.00,5.00,157.00,6.00,343.00,2
1.00,2.00,1.00,2.00,7.00,7.00,4.00,24.00,4.00,98.00,2
0.00,0.00,0.00,0.00,2.00,4.00,0.00,6.00,2.00,13.00,2
1.00,1.00,1.00,1.00,10.00,11.00,1.00,13.00,1.00,104.00,2
51.00,51.00,29.00,30.00,225.00,225.00,78.00,232.00,80.00,2005.00,2
9.00,9.00,14.00,14.00,30.00,31.00,18.00,200.00,18.00,439.00,2
6.00,6.00,1.00,2.00,16.00,17.00,5.00,56.00,5.00,174.00,2
0.00,1.00,0.00,1.00,3.00,4.00,1.00,16.00,1.00,29.00,2
0.00,0.00,0.00,0.00,0.00,2.00,0.00,4.00,0.00,19.00,2
4.00,6.00,2.00,2.00,8.00,8.00,3.00,41.00,4.00,117.00,2
18.00,18.00,12.00,12.00,27.00,27.00,13.00,206.00,14.00,381.00,2
3.00,4.00,5.00,5.00,19.00,20.00,5.00,59.00,6.00,105.00,2
2.00,2.00,1.00,2.00,11.00,11.00,3.00,47.00,3.00,103.00,2
1.00,2.00,2.00,3.00,6.00,7.00,0.00,15.00,1.00,104.00,2
2.00,4.00,2.00,4.00,8.00,8.00,2.00,55.00,4.00,93.00,2
0.00,1.00,3.00,3.00,5.00,5.00,3.00,16.00,4.00,97.00,2
0.00,1.00,1.00,1.00,8.00,10.00,0.00,15.00,1.00,74.00,2
0.00,0.00,0.00,0.00,0.00,1.00,0.00,4.00,0.00,13.00,2
8.00,10.00,7.00,7.00,33.00,35.00,26.00,131.00,26.00,621.00,2
8.00,9.00,2.00,3.00,30.00,31.00,7.00,83.00,7.00,286.00,2
1.00,1.00,0.00,0.00,4.00,4.00,1.00,25.00,1.00,43.00,2
1.00,1.00,1.00,1.00,6.00,6.00,1.00,13.00,1.00,43.00,2
1.00,2.00,1.00,2.00,15.00,15.00,4.00,22.00,4.00,129.00,2
19.00,19.00,12.00,14.00,75.00,77.00,41.00,175.00,43.00,578.00,2
4.00,4.00,6.00,6.00,43.00,43.00,10.00,158.00,10.00,263.00,2
57.00,57.00,48.00,48.00,248.00,248.00,120.00,621.00,122.00,1993.00,2
1.00,1.00,0.00,0.00,3.00,4.00,0.00,17.00,1.00,25.00,2
42.00,43.00,23.00,25.00,191.00,191.00,54.00,572.00,54.00,1078.00,2
0.00,0.00,0.00,0.00,0.00,2.00,0.00,5.00,0.00,12.00,2
24.00,25.00,6.00,7.00,88.00,88.00,21.00,129.00,21.00,855.00,2
49.00,49.00,15.00,17.00,90.00,91.00,33.00,609.00,33.00,933.00,2
3.00,3.00,2.00,2.00,7.00,9.00,2.00,22.00,2.00,47.00,2
1.00,3.00,1.00,1.00,4.00,5.00,1.00,22.00,3.00,36.00,2
0.00,2.00,2.00,2.00,4.00,4.00,2.00,19.00,4.00,41.00,2
61.00,61.00,28.00,30.00,92.00,94.00,28.00,266.00,30.00,918.00,2
26.00,28.00,71.00,71.00,146.00,148.00,78.00,391.00,78.00,1179.00,2
15.00,17.00,10.00,10.00,25.00,27.00,7.00,91.00,7.00,315.00,2
13.00,14.00,12.00,12.00,22.00,22.00,5.00,128.00,5.00,316.00,2
23.00,24.00,7.00,7.00,39.00,40.00,13.00,173.00,13.00,504.00,2
20.00,21.00,9.00,11.00,28.00,30.00,21.00,295.00,23.00,493.00,2
4.00,6.00,6.00,7.00,22.00,24.00,7.00,53.00,7.00,111.00,2
19.00,19.00,16.00,16.00,94.00,95.00,27.00,279.00,28.00,433.00,2
3.00,5.00,3.00,3.00,8.00,9.00,2.00,58.00,3.00,132.00,2
5.00,5.00,4.00,5.00,40.00,40.00,14.00,54.00,15.00,362.00,2
16.00,17.00,7.00,8.00,66.00,66.00,11.00,139.00,12.00,555.00,2
24.00,24.00,23.00,24.00,70.00,70.00,14.00,85.00,14.00,613.00,2
8.00,9.00,3.00,3.00,25.00,26.00,6.00,98.00,6.00,167.00,2
3.00,4.00,1.00,3.00,6.00,7.00,0.00,22.00,1.00,61.00,2
11.00,12.00,14.00,15.00,87.00,88.00,17.00,130.00,18.00,537.00,2
4.00,4.00,2.00,3.00,9.00,9.00,8.00,109.00,8.00,166.00,2
3.00,3.00,2.00,2.00,19.00,20.00,2.00,50.00,2.00,90.00,2
29.00,29.00,26.00,26.00,80.00,80.00,15.00,209.00,16.00,370.00,2
9.00,9.00,7.00,9.00,19.00,19.00,4.00,72.00,6.00,285.00,2
0.00,0.00,0.00,0.00,3.00,3.00,0.00,4.00,0.00,25.00,2
15.00,17.00,10.00,10.00,64.00,66.00,14.00,138.00,15.00,318.00,2
3.00,4.00,2.00,2.00,35.00,35.00,10.00,52.00,11.00,294.00,2
104.00,104.00,65.00,65.00,227.00,228.00,126.00,925.00,127.00,3083.00,2
15.00,15.00,4.00,4.00,20.00,21.00,15.00,144.00,16.00,424.00,2
84.00,85.00,117.00,118.00,323.00,323.00,194.00,2300.00,196.00,4836.00,2
5.00,6.00,4.00,4.00,10.00,11.00,5.00,51.00,5.00,128.00,2
6.00,8.00,1.00,2.00,24.00,24.00,2.00,82.00,2.00,148.00,2
3.00,5.00,2.00,3.00,7.00,7.00,3.00,22.00,3.00,93.00,2
25.00,26.00,49.00,49.00,305.00,305.00,25.00,800.00,26.00,1815.00,2
1.00,1.00,0.00,1.00,3.00,4.00,1.00,15.00,1.00,54.00,2
25.00,25.00,12.00,12.00,67.00,67.00,18.00,184.00,19.00,436.00,2
1.00,2.00,2.00,2.00,12.00,12.00,4.00,64.00,5.00,104.00,2
16.00,17.00,6.00,6.00,42.00,42.00,17.00,213.00,18.00,445.00,2
0.00,1.00,0.00,0.00,1.00,1.00,0.00,5.00,1.00,31.00,2
3.00,5.00,6.00,7.00,11.00,11.00,2.00,37.00,2.00,240.00,2
14.00,15.00,18.00,19.00,38.00,38.00,25.00,160.00,25.00,826.00,2
2.00,2.00,0.00,1.00,7.00,7.00,1.00,21.00,2.00,58.00,2
0.00,0.00,0.00,0.00,8.00,8.00,2.00,8.00,3.00,47.00,2
3.00,3.00,2.00,2.00,6.00,6.00,2.00,14.00,3.00,52.00,2
4.00,5.00,2.00,3.00,19.00,19.00,1.00,39.00,1.00,166.00,2
2.00,3.00,8.00,9.00,15.00,15.00,8.00,46.00,8.00,199.00,2
17.00,18.00,26.00,26.00,117.00,118.00,44.00,441.00,44.00,746.00,2
21.00,22.00,7.00,8.00,25.00,27.00,10.00,172.00,10.00,611.00,2
3.00,5.00,5.00,5.00,51.00,53.00,5.00,80.00,7.00,272.00,2
25.00,25.00,14.00,14.00,64.00,64.00,11.00,195.00,11.00,693.00,2
6.00,7.00,5.00,6.00,16.00,16.00,6.00,32.00,6.00,257.00,2
7.00,8.00,28.00,29.00,77.00,77.00,13.00,182.00,14.00,811.00,2
5.00,5.00,4.00,4.00,10.00,10.00,1.00,59.00,1.00,103.00,2
2.00,4.00,2.00,2.00,7.00,9.00,2.00,30.00,4.00,84.00,2
13.00,15.00,16.00,18.00,42.00,44.00,10.00,147.00,12.00,341.00,2
3.00,3.00,2.00,2.00,13.00,14.00,9.00,111.00,9.00,192.00,2
8.00,8.00,5.00,5.00,31.00,32.00,3.00,61.00,4.00,265.00,2
2.00,4.00,2.00,2.00,2.00,4.00,2.00,24.00,2.00,32.00,2
3.00,4.00,3.00,4.00,13.00,13.00,1.00,38.00,3.00,130.00,2
6.00,6.00,5.00,5.00,10.00,11.00,3.00,36.00,3.00,104.00,2
6.00,6.00,4.00,4.00,20.00,22.00,3.00,22.00,4.00,152.00,2
2.00,3.00,1.00,1.00,9.00,10.00,1.00,19.00,2.00,79.00,2
1.00,1.00,2.00,3.00,8.00,9.00,2.00,16.00,3.00,92.00,2
45.00,46.00,79.00,79.00,164.00,164.00,48.00,468.00,49.00,3322.00,2
0.00,2.00,0.00,2.00,7.00,7.00,2.00,21.00,2.00,54.00,2
18.00,18.00,9.00,11.00,51.00,51.00,7.00,113.00,8.00,703.00,2
5.00,7.00,5.00,5.00,20.00,20.00,9.00,80.00,11.00,158.00,2
22.00,24.00,16.00,17.00,39.00,39.00,6.00,97.00,6.00,524.00,2
19.00,19.00,16.00,18.00,62.00,63.00,5.00,162.00,5.00,341.00,2
1.00,1.00,3.00,3.00,9.00,10.00,1.00,23.00,1.00,70.00,2
3.00,3.00,3.00,5.00,11.00,13.00,3.00,33.00,5.00,238.00,2
45.00,46.00,34.00,34.00,89.00,89.00,44.00,611.00,45.00,1435.00,2
26.00,28.00,22.00,23.00,79.00,79.00,23.00,88.00,23.00,630.00,2
9.00,11.00,20.00,21.00,83.00,83.00,21.00,110.00,23.00,518.00,2
4.00,4.00,0.00,1.00,7.00,7.00,3.00,44.00,3.00,68.00,2
8.00,9.00,8.00,9.00,31.00,31.00,2.00,142.00,2.00,214.00,2
2.00,2.00,1.00,1.00,9.00,9.00,2.00,65.00,2.00,100.00,2
43.00,43.00,34.00,35.00,84.00,86.00,25.00,339.00,25.00,1048.00,2
0.00,2.00,0.00,2.00,10.00,10.00,0.00,13.00,2.00,58.00,2
3.00,5.00,3.00,3.00,10.00,10.00,0.00,19.00,2.00,68.00,2
14.00,15.00,18.00,18.00,40.00,41.00,8.00,117.00,9.00,570.00,2
23.00,23.00,21.00,22.00,55.00,55.00,17.00,220.00,17.00,759.00,2
3.00,3.00,10.00,10.00,24.00,24.00,16.00,118.00,18.00,242.00,2
21.00,22.00,9.00,10.00,43.00,43.00,9.00,163.00,10.00,366.00,2
23.00,24.00,26.00,26.00,59.00,60.00,7.00,371.00,8.00,600.00,2
8.00,9.00,3.00,5.00,17.00,19.00,9.00,50.00,9.00,226.00,2
2.00,2.00,1.00,1.00,9.00,10.00,2.00,43.00,2.00,65.00,2
1.00,1.00,1.00,1.00,8.00,9.00,1.00,17.00,3.00,138.00,2
38.00,39.00,18.00,20.00,71.00,71.00,30.00,141.00,32.00,979.00,2
5.00,5.00,5.00,5.00,18.00,18.00,6.00,85.00,6.00,148.00,2
17.00,18.00,8.00,8.00,97.00,97.00,8.00,138.00,8.00,398.00,2
0.00,1.00,0.00,1.00,3.00,4.00,0.00,7.00,0.00,38.00,2
5.00,5.00,6.00,6.00,26.00,27.00,16.00,50.00,17.00,400.00,2
11.00,11.00,5.00,6.00,18.00,19.00,11.00,60.00,11.00,310.00,2
9.00,10.00,12.00,12.00,50.00,52.00,21.00,243.00,21.00,483.00,2
1.00,1.00,2.00,3.00,8.00,8.00,3.00,42.00,3.00,80.00,2
29.00,29.00,21.00,22.00,41.00,42.00,16.00,149.00,16.00,644.00,2
15.00,15.00,5.00,5.00,26.00,27.00,12.00,51.00,12.00,330.00,2
0.00,1.00,0.00,0.00,4.00,6.00,0.00,11.00,1.00,37.00,2
3.00,4.00,10.00,11.00,23.00,24.00,9.00,111.00,9.00,220.00,2
9.00,10.00,3.00,3.00,26.00,27.00,3.00,104.00,3.00,212.00,2
45.00,46.00,19.00,19.00,80.00,80.00,42.00,174.00,43.00,815.00,2
10.00,10.00,9.00,10.00,46.00,46.00,4.00,32.00,6.00,277.00,2
4.00,5.00,3.00,3.00,13.00,13.00,3.00,51.00,3.00,106.00,2
4.00,5.00,0.00,1.00,8.00,8.00,2.00,42.00,2.00,84.00,2
41.00,43.00,14.00,16.00,111.00,111.00,49.00,387.00,49.00,749.00,2
0.00,1.00,0.00,1.00,4.00,4.00,2.00,25.00,2.00,62.00,2
3.00,3.00,10.00,11.00,32.00,32.00,3.00,35.00,5.00,221.00,2
10.00,10.00,15.00,17.00,62.00,62.00,17.00,98.00,18.00,360.00,2
3.00,3.00,2.00,3.00,13.00,14.00,3.00,23.00,3.00,139.00,2
5.00,5.00,7.00,7.00,33.00,35.00,8.00,35.00,8.00,296.00,2
0.00,0.00,0.00,0.00,1.00,2.00,0.00,4.00,1.00,19.00,2
4.00,4.00,1.00,1.00,11.00,11.00,3.00,21.00,4.00,102.00,2
0.00,2.00,2.00,2.00,4.00,5.00,0.00,13.00,2.00,46.00,2
2.00,2.00,2.00,2.00,11.00,11.00,3.00,26.00,3.00,61.00,2
14.00,15.00,12.00,14.00,71.00,71.00,27.00,137.00,27.00,374.00,2
21.00,21.00,16.00,17.00,43.00,44.00,22.00,276.00,22.00,452.00,2
8.00,8.00,17.00,18.00,56.00,57.00,21.00,252.00,21.00,504.00,2
67.00,68.00,65.00,67.00,305.00,306.00,81.00,362.00,81.00,2248.00,2
21.00,22.00,25.00,26.00,84.00,84.00,17.00,269.00,17.00,645.00,2
1.00,1.00,0.00,1.00,3.00,3.00,0.00,7.00,0.00,42.00,2
0.00,2.00,2.00,2.00,6.00,7.00,4.00,11.00,6.00,70.00,2
25.00,25.00,7.00,7.00,78.00,78.00,29.00,262.00,31.00,453.00,2
29.00,30.00,25.00,26.00,102.00,102.00,24.00,288.00,24.00,1005.00,2
0.00,2.00,2.00,3.00,6.00,6.00,3.00,16.00,3.00,57.00,2
15.00,16.00,11.00,11.00,46.00,46.00,16.00,187.00,16.00,339.00,2
21.00,21.00,23.00,23.00,152.00,153.00,43.00,176.00,44.00,1124.00,2
86.00,87.00,50.00,50.00,402.00,402.00,65.00,418.00,66.00,1967.00,2
15.00,15.00,15.00,15.00,31.00,32.00,8.00,96.00,8.00,414.00,2
6.00,6.00,6.00,8.00,15.00,15.00,3.00,73.00,5.00,123.00,2
6.00,6.00,1.00,3.00,22.00,22.00,3.00,46.00,3.00,139.00,2
124.00,124.00,118.00,119.00,396.00,398.00,225.00,497.00,225.00,4434.00,2
2.00,2.00,1.00,1.00,12.00,13.00,1.00,64.00,2.00,99.00,2
30.00,32.00,40.00,42.00,159.00,160.00,67.00,201.00,69.00,1207.00,2
7.00,7.00,5.00,5.00,10.00,10.00,3.00,41.00,5.00,86.00,2
57.00,57.00,34.00,35.00,173.00,173.00,15.00,241.00,15.00,1776.00,2
8.00,10.00,12.00,14.00,43.00,43.00,6.00,60.00,7.00,294.00,2
6.00,6.00,9.00,10.00,32.00,33.00,3.00,69.00,4.00,250.00,2
122.00,124.00,95.00,96.00,242.00,244.00,74.00,1176.00,74.00,1820.00,2
5.00,5.00,5.00,5.00,31.00,33.00,8.00,38.00,9.00,140.00,2
1.00,1.00,0.00,0.00,1.00,3.00,0.00,13.00,0.00,24.00,2
9.00,9.00,24.00,25.00,79.00,80.00,32.00,127.00,32.00,851.00,2
78.00,80.00,89.00,91.00,230.00,230.00,114.00,326.00,116.00,2759.00,2
6.00,7.00,6.00,6.00,13.00,13.00,4.00,94.00,5.00,145.00,2
44.00,46.00,84.00,84.00,231.00,231.00,85.00,850.00,86.00,1710.00,2
62.00,62.00,139.00,140.00,376.00,376.00,179.00,1985.00,179.00,4357.00,2
2.00,4.00,0.00,2.00,6.00,6.00,2.00,15.00,2.00,49.00,2
6.00,6.00,6.00,6.00,25.00,25.00,4.00,46.00,4.00,223.00,2
33.00,34.00,32.00,33.00,157.00,158.00,46.00,309.00,46.00,1108.00,2
3.00,3.00,3.00,3.00,10.00,12.00,0.00,41.00,1.00,60.00,2
4.00,6.00,6.00,6.00,27.00,27.00,3.00,22.00,4.00,178.00,2
0.00,2.00,0.00,0.00,4.00,4.00,0.00,9.00,2.00,18.00,2
49.00,49.00,42.00,44.00,166.00,167.00,53.00,435.00,55.00,836.00,2
17.00,19.00,8.00,10.00,24.00,24.00,7.00,110.00,8.00,233.00,2
18.00,18.00,9.00,9.00,35.00,35.00,12.00,101.00,14.00,672.00,2
8.00,9.00,2.00,3.00,27.00,28.00,6.00,55.00,6.00,108.00,2
3.00,4.00,3.00,3.00,12.00,12.00,1.00,28.00,1.00,72.00,2
1.00,1.00,0.00,0.00,4.00,4.00,0.00,5.00,1.00,26.00,2
10.00,10.00,16.00,18.00,130.00,131.00,28.00,185.00,28.00,551.00,2
7.00,8.00,16.00,16.00,71.00,71.00,19.00,257.00,20.00,486.00,2
14.00,14.00,49.00,49.00,142.00,142.00,68.00,176.00,68.00,1112.00,2
5.00,5.00,1.00,1.00,8.00,8.00,3.00,47.00,3.00,96.00,2
9.00,9.00,7.00,7.00,18.00,18.00,6.00,117.00,7.00,391.00,2
0.00,1.00,1.00,1.00,5.00,5.00,1.00,17.00,1.00,29.00,2
3.00,5.00,5.00,5.00,35.00,35.00,5.00,26.00,5.00,206.00,2
5.00,5.00,7.00,8.00,33.00,34.00,7.00,45.00,7.00,310.00,2
0.00,2.00,0.00,0.00,2.00,3.00,2.00,15.00,2.00,32.00,2
0.00,1.00,1.00,1.00,7.00,9.00,1.00,10.00,1.00,71.00,2
0.00,0.00,0.00,1.00,4.00,4.00,0.00,11.00,1.00,39.00,2
6.00,7.00,16.00,16.00,51.00,52.00,18.00,196.00,18.00,518.00,2
0.00,2.00,0.00,2.00,6.00,8.00,0.00,20.00,2.00,83.00,2
9.00,10.00,11.00,13.00,50.00,50.00,7.00,126.00,7.00,335.00,2
239.00,240.00,153.00,154.00,873.00,875.00,322.00,1998.00,323.00,6126.00,2
2.00,2.00,1.00,2.00,14.00,14.00,4.00,24.00,4.00,148.00,2
18.00,19.00,5.00,5.00,52.00,53.00,11.00,123.00,11.00,352.00,2
1.00,1.00,1.00,2.00,4.00,6.00,1.00,10.00,1.00,68.00,2
0.00,2.00,0.00,0.00,3.00,3.00,0.00,7.00,2.00,15.00,2
5.00,6.00,8.00,9.00,28.00,29.00,12.00,78.00,12.00,238.00,2
1.00,3.00,4.00,4.00,12.00,13.00,3.00,32.00,3.00,100.00,2
81.00,81.00,63.00,63.00,126.00,126.00,52.00,625.00,53.00,1800.00,2
9.00,11.00,2.00,3.00,27.00,27.00,9.00,43.00,11.00,142.00,2
20.00,20.00,12.00,12.00,88.00,89.00,25.00,295.00,26.00,723.00,2
3.00,3.00,3.00,3.00,7.00,8.00,3.00,21.00,3.00,94.00,2
0.00,1.00,0.00,1.00,6.00,6.00,1.00,19.00,1.00,56.00,2
54.00,54.00,66.00,67.00,352.00,352.00,113.00,438.00,115.00,1672.00,2
1.00,2.00,5.00,6.00,16.00,17.00,3.00,81.00,3.00,133.00,2
3.00,4.00,1.00,1.00,9.00,10.00,1.00,37.00,3.00,66.00,2
7.00,9.00,2.00,3.00,15.00,16.00,3.00,28.00,3.00,240.00,2
10.00,10.00,7.00,7.00,30.00,30.00,5.00,74.00,5.00,385.00,2
21.00,21.00,12.00,13.00,46.00,46.00,19.00,132.00,21.00,296.00,2
24.00,24.00,19.00,19.00,51.00,51.00,14.00,280.00,14.00,535.00,2
82.00,84.00,48.00,48.00,142.00,143.00,68.00,288.00,68.00,1557.00,2
8.00,10.00,5.00,7.00,22.00,24.00,8.00,116.00,10.00,218.00,2
2.00,3.00,4.00,4.00,12.00,12.00,2.00,75.00,3.00,131.00,2
29.00,31.00,27.00,28.00,52.00,52.00,21.00,370.00,22.00,652.00,2
29.00,29.00,29.00,30.00,73.00,74.00,28.00,322.00,28.00,695.00,2
0.00,0.00,0.00,2.00,3.00,5.00,0.00,17.00,2.00,22.00,2
10.00,10.00,8.00,8.00,43.00,43.00,10.00,155.00,11.00,265.00,2
5.00,5.00,6.00,8.00,36.00,37.00,3.00,59.00,3.00,313.00,2
14.00,16.00,22.00,22.00,91.00,91.00,30.00,274.00,31.00,504.00,2
34.00,34.00,8.00,9.00,93.00,93.00,13.00,128.00,15.00,860.00,2
4.00,4.00,3.00,4.00,11.00,13.00,1.00,69.00,3.00,128.00,2
4.00,5.00,1.00,1.00,15.00,16.00,7.00,47.00,7.00,125.00,2
1.00,1.00,1.00,2.00,3.00,5.00,1.00,25.00,1.00,40.00,2
2.00,2.00,2.00,4.00,5.00,5.00,2.00,38.00,2.00,86.00,2
22.00,22.00,20.00,20.00,97.00,97.00,36.00,203.00,38.00,876.00,2
30.00,32.00,41.00,42.00,189.00,191.00,42.00,176.00,44.00,1159.00,2
4.00,5.00,4.00,4.00,20.00,20.00,11.00,45.00,11.00,191.00,2
2.00,3.00,1.00,2.00,13.00,14.00,3.00,34.00,4.00,107.00,2
22.00,22.00,13.00,14.00,59.00,60.00,22.00,227.00,23.00,662.00,2
2.00,2.00,1.00,2.00,12.00,13.00,1.00,42.00,2.00,69.00,2
10.00,11.00,4.00,4.00,30.00,31.00,7.00,144.00,8.00,243.00,2
14.00,16.00,8.00,8.00,51.00,51.00,17.00,53.00,18.00,375.00,2
34.00,35.00,24.00,24.00,85.00,85.00,21.00,239.00,21.00,496.00,2
0.00,1.00,0.00,1.00,2.00,3.00,0.00,9.00,1.00,25.00,2
7.00,7.00,4.00,4.00,17.00,18.00,3.00,66.00,3.00,97.00,2
24.00,25.00,19.00,20.00,87.00,88.00,49.00,464.00,49.00,873.00,2
3.00,3.00,2.00,2.00,8.00,10.00,2.00,18.00,2.00,65.00,2
14.00,14.00,31.00,31.00,129.00,129.00,48.00,150.00,48.00,1208.00,2
6.00,7.00,9.00,10.00,62.00,64.00,11.00,232.00,12.00,518.00,2
5.00,7.00,0.00,2.00,12.00,12.00,5.00,38.00,7.00,89.00,2
7.00,7.00,7.00,8.00,33.00,34.00,10.00,52.00,11.00,356.00,2
5.00,7.00,4.00,4.00,24.00,24.00,4.00,45.00,4.00,169.00,2
5.00,6.00,13.00,13.00,49.00,49.00,5.00,40.00,6.00,269.00,2
28.00,28.00,20.00,21.00,79.00,79.00,23.00,202.00,23.00,499.00,2
1.00,1.00,0.00,0.00,3.00,3.00,0.00,21.00,1.00,40.00,2
0.00,0.00,0.00,0.00,1.00,2.00,0.00,12.00,0.00,23.00,2
2.00,3.00,1.00,2.00,27.00,27.00,8.00,45.00,8.00,208.00,2
1.00,3.00,0.00,1.00,5.00,6.00,0.00,14.00,1.00,60.00,2
1.00,1.00,1.00,2.00,8.00,8.00,2.00,70.00,2.00,136.00,2
1.00,1.00,1.00,2.00,12.00,12.00,2.00,19.00,2.00,131.00,2
2.00,3.00,1.00,2.00,10.00,10.00,0.00,12.00,1.00,94.00,2
0.00,0.00,0.00,1.00,3.00,3.00,0.00,9.00,1.00,50.00,2
121.00,121.00,97.00,97.00,424.00,424.00,106.00,378.00,106.00,3291.00,2
6.00,8.00,5.00,6.00,38.00,38.00,6.00,115.00,8.00,260.00,2
11.00,11.00,11.00,11.00,48.00,49.00,19.00,177.00,20.00,339.00,2
0.00,1.00,0.00,1.00,2.00,2.00,1.00,20.00,1.00,34.00,2
30.00,30.00,13.00,14.00,60.00,61.00,31.00,321.00,31.00,644.00,2
2.00,3.00,2.00,3.00,20.00,20.00,5.00,55.00,5.00,95.00,2
18.00,18.00,9.00,9.00,27.00,27.00,23.00,139.00,23.00,262.00,2
1.00,2.00,0.00,1.00,4.00,4.00,1.00,12.00,2.00,47.00,2
10.00,11.00,4.00,6.00,46.00,46.00,4.00,125.00,4.00,425.00,2
49.00,49.00,36.00,36.00,92.00,92.00,56.00,368.00,57.00,866.00,2
17.00,17.00,10.00,10.00,28.00,28.00,9.00,84.00,9.00,536.00,2
2.00,3.00,5.00,6.00,9.00,11.00,5.00,24.00,6.00,117.00,2
5.00,6.00,8.00,8.00,27.00,28.00,10.00,114.00,10.00,521.00,2
1.00,1.00,0.00,1.00,6.00,6.00,0.00,9.00,1.00,41.00,2
22.00,22.00,17.00,18.00,84.00,85.00,14.00,258.00,16.00,1343.00,2
8.00,8.00,11.00,12.00,29.00,30.00,7.00,54.00,7.00,313.00,2
1.00,2.00,1.00,2.00,7.00,9.00,4.00,11.00,4.00,92.00,2
7.00,9.00,13.00,13.00,36.00,36.00,13.00,63.00,14.00,336.00,2
10.00,10.00,10.00,12.00,50.00,50.00,9.00,32.00,9.00,275.00,2
13.00,14.00,8.00,9.00,14.00,14.00,8.00,111.00,8.00,241.00,2
34.00,35.00,32.00,34.00,91.00,93.00,51.00,130.00,51.00,917.00,2
7.00,7.00,14.00,14.00,55.00,56.00,10.00,152.00,11.00,374.00,2
20.00,21.00,35.00,36.00,88.00,88.00,39.00,186.00,39.00,1371.00,2
0.00,0.00,0.00,1.00,4.00,4.00,0.00,9.00,0.00,35.00,2
5.00,6.00,4.00,5.00,9.00,9.00,4.00,66.00,4.00,124.00,2
4.00,4.00,4.00,4.00,22.00,22.00,3.00,27.00,3.00,218.00,2
2.00,2.00,2.00,2.00,5.00,7.00,0.00,19.00,2.00,26.00,2
0.00,1.00,0.00,1.00,1.00,2.00,0.00,9.00,0.00,23.00,2
20.00,21.00,46.00,46.00,116.00,116.00,73.00,520.00,75.00,875.00,2
4.00,4.00,4.00,5.00,7.00,9.00,4.00,43.00,5.00,77.00,2
3.00,3.00,1.00,1.00,9.00,9.00,0.00,12.00,1.00,97.00,2
9.00,11.00,7.00,7.00,44.00,45.00,11.00,106.00,12.00,258.00,2
0.00,0.00,0.00,0.00,1.00,2.00,0.00,5.00,1.00,34.00,2
0.00,1.00,1.00,1.00,9.00,9.00,1.00,24.00,3.00,48.00,2
4.00,4.00,1.00,1.00,14.00,14.00,5.00,59.00,5.00,108.00,2
7.00,7.00,8.00,10.00,27.00,29.00,12.00,64.00,14.00,214.00,2
86.00,87.00,64.00,64.00,166.00,166.00,43.00,706.00,43.00,1774.00,2
93.00,93.00,65.00,65.00,119.00,120.00,61.00,549.00,61.00,2270.00,2
1.00,1.00,3.00,3.00,9.00,10.00,5.00,44.00,5.00,112.00,2
5.00,6.00,4.00,5.00,15.00,16.00,5.00,62.00,5.00,146.00,2
2.00,3.00,2.00,3.00,9.00,9.00,3.00,30.00,5.00,55.00,2
5.00,5.00,7.00,7.00,20.00,20.00,18.00,45.00,20.00,289.00,2
0.00,0.00,1.00,1.00,3.00,3.00,1.00,17.00,1.00,39.00,2
26.00,28.00,12.00,14.00,116.00,116.00,31.00,178.00,33.00,605.00,2
13.00,13.00,10.00,10.00,28.00,28.00,19.00,85.00,20.00,689.00,2
3.00,3.00,0.00,1.00,10.00,10.00,3.00,10.00,3.00,59.00,2
6.00,6.00,8.00,9.00,19.00,19.00,8.00,52.00,8.00,154.00,2
2.00,3.00,2.00,2.00,8.00,9.00,2.00,34.00,3.00,89.00,2
14.00,14.00,3.00,5.00,17.00,17.00,15.00,71.00,15.00,258.00,2
47.00,47.00,29.00,29.00,240.00,240.00,79.00,337.00,80.00,1440.00,2
7.00,7.00,8.00,8.00,24.00,25.00,5.00,87.00,7.00,222.00,2
56.00,56.00,20.00,22.00,85.00,86.00,46.00,409.00,48.00,790.00,2
1.00,1.00,0.00,1.00,11.00,11.00,2.00,25.00,2.00,94.00,2
15.00,17.00,26.00,27.00,56.00,57.00,48.00,274.00,48.00,998.00,2
9.00,10.00,5.00,7.00,30.00,30.00,3.00,85.00,4.00,153.00,2
47.00,47.00,149.00,151.00,355.00,355.00,144.00,958.00,146.00,2737.00,2
0.00,1.00,1.00,1.00,5.00,7.00,3.00,17.00,3.00,55.00,2
15.00,16.00,4.00,4.00,35.00,35.00,6.00,142.00,6.00,243.00,2
3.00,5.00,2.00,3.00,8.00,10.00,2.00,56.00,3.00,101.00,2
14.00,14.00,9.00,9.00,26.00,26.00,5.00,103.00,5.00,292.00,2
28.00,28.00,22.00,22.00,169.00,170.00,70.00,469.00,71.00,1111.00,2
2.00,3.00,0.00,2.00,12.00,12.00,2.00,36.00,2.00,72.00,2
8.00,9.00,6.00,6.00,31.00,31.00,5.00,77.00,6.00,288.00,2
19.00,20.00,36.00,36.00,186.00,186.00,44.00,508.00,45.00,1334.00,2
19.00,20.00,43.00,43.00,172.00,173.00,23.00,184.00,23.00,1351.00,2
2.00,2.00,1.00,1.00,10.00,10.00,2.00,32.00,4.00,54.00,2
1.00,2.00,2.00,4.00,24.00,24.00,11.00,35.00,12.00,273.00,2
2.00,2.00,2.00,2.00,8.00,9.00,2.00,12.00,3.00,48.00,2
11.00,11.00,11.00,11.00,25.00,25.00,5.00,138.00,5.00,307.00,2
2.00,2.00,2.00,3.00,5.00,7.00,3.00,41.00,3.00,69.00,2
2.00,3.00,3.00,5.00,9.00,10.00,3.00,31.00,5.00,94.00,2
18.00,19.00,11.00,11.00,68.00,69.00,14.00,232.00,15.00,612.00,2
0.00,2.00,0.00,0.00,3.00,3.00,0.00,5.00,0.00,21.00,2
0.00,2.00,0.00,2.00,8.00,8.00,0.00,8.00,2.00,41.00,2
5.00,7.00,1.00,3.00,18.00,19.00,5.00,45.00,7.00,90.00,2
1.00,2.00,2.00,2.00,19.00,20.00,3.00,39.00,3.00,190.00,2
3.00,3.00,4.00,5.00,10.00,10.00,6.00,90.00,8.00,186.00,2
1.00,1.00,0.00,1.00,2.00,2.00,0.00,17.00,1.00,35.00,2
7.00,7.00,10.00,11.00,71.00,71.00,13.00,91.00,13.00,518.00,2
8.00,9.00,1.00,2.00,23.00,25.00,4.00,97.00,5.00,161.00,2
3.00,5.00,2.00,3.00,6.00,6.00,1.00,46.00,2.00,97.00,2
13.00,13.00,16.00,18.00,56.00,56.00,23.00,137.00,23.00,409.00,2
0.00,2.00,0.00,2.00,7.00,8.00,2.00,12.00,2.00,53.00,2
3.00,3.00,5.00,6.00,25.00,26.00,15.00,189.00,15.00,368.00,2
5.00,5.00,5.00,6.00,38.00,38.00,6.00,116.00,7.00,222.00,2
41.00,41.00,36.00,38.00,160.00,160.00,24.00,467.00,25.00,2144.00,2
6.00,6.00,10.00,11.00,64.00,64.00,22.00,102.00,22.00,514.00,2
1.00,2.00,2.00,3.00,14.00,15.00,8.00,42.00,8.00,229.00,2
65.00,65.00,49.00,50.00,130.00,130.00,56.00,317.00,58.00,926.00,2
1.00,1.00,1.00,3.00,3.00,4.00,0.00,10.00,0.00,65.00,2
11.00,12.00,6.00,6.00,30.00,31.00,20.00,291.00,21.00,443.00,2
5.00,6.00,17.00,17.00,46.00,48.00,26.00,94.00,26.00,677.00,2
14.00,14.00,7.00,7.00,48.00,48.00,8.00,183.00,9.00,308.00,2
14.00,14.00,9.00,9.00,74.00,75.00,12.00,100.00,14.00,502.00,2
46.00,46.00,38.00,39.00,110.00,112.00,18.00,380.00,18.00,901.00,2
3.00,4.00,4.00,4.00,13.00,14.00,1.00,81.00,1.00,137.00,2
8.00,9.00,3.00,5.00,30.00,32.00,8.00,40.00,8.00,164.00,2
70.00,72.00,152.00,152.00,686.00,686.00,139.00,2704.00,139.00,5908.00,2
0.00,1.00,0.00,1.00,1.00,2.00,1.00,20.00,1.00,34.00,2
37.00,38.00,30.00,30.00,138.00,138.00,19.00,445.00,20.00,1043.00,2
28.00,29.00,12.00,14.00,112.00,112.00,12.00,178.00,12.00,765.00,2
1.00,1.00,3.00,3.00,18.00,20.00,3.00,44.00,3.00,113.00,2
3.00,4.00,10.00,11.00,30.00,31.00,15.00,105.00,15.00,243.00,2
5.00,5.00,5.00,5.00,12.00,13.00,10.00,105.00,10.00,171.00,2
7.00,8.00,9.00,10.00,32.00,32.00,4.00,140.00,6.00,563.00,2
12.00,13.00,13.00,15.00,51.00,51.00,15.00,120.00,16.00,523.00,2
9.00,10.00,6.00,6.00,25.00,26.00,11.00,107.00,11.00,318.00,2
3.00,5.00,1.00,1.00,9.00,9.00,1.00,17.00,2.00,114.00,2
5.00,5.00,2.00,3.00,13.00,13.00,2.00,87.00,3.00,147.00,2
11.00,12.00,2.00,3.00,36.00,37.00,3.00,150.00,4.00,289.00,2
2.00,2.00,2.00,4.00,5.00,5.00,0.00,28.00,2.00,52.00,2
16.00,18.00,7.00,7.00,52.00,52.00,11.00,62.00,13.00,323.00,2
1.00,2.00,1.00,2.00,6.00,7.00,0.00,12.00,1.00,51.00,2
0.00,0.00,0.00,0.00,5.00,5.00,2.00,5.00,2.00,25.00,2
104.00,104.00,88.00,88.00,152.00,152.00,115.00,700.00,117.00,1347.00,2
21.00,21.00,8.00,9.00,30.00,30.00,21.00,173.00,21.00,382.00,2
2.00,2.00,0.00,2.00,8.00,9.00,0.00,16.00,2.00,42.00,2
14.00,15.00,16.00,16.00,32.00,32.00,20.00,133.00,20.00,461.00,2
0.00,0.00,0.00,0.00,3.00,4.00,1.00,9.00,1.00,30.00,2
7.00,7.00,11.00,11.00,48.00,48.00,8.00,81.00,8.00,623.00,2
0.00,1.00,1.00,3.00,3.00,4.00,1.00,14.00,3.00,61.00,2
83.00,85.00,40.00,42.00,291.00,291.00,56.00,1077.00,58.00,1638.00,2
16.00,16.00,13.00,14.00,42.00,42.00,16.00,137.00,17.00,377.00,2
6.00,6.00,2.00,2.00,20.00,20.00,7.00,87.00,7.00,166.00,2
0.00,2.00,0.00,2.00,2.00,4.00,0.00,12.00,2.00,15.00,2
0.00,1.00,1.00,1.00,6.00,7.00,1.00,11.00,2.00,58.00,2
16.00,16.00,8.00,10.00,23.00,24.00,16.00,133.00,16.00,228.00,2
0.00,0.00,0.00,0.00,2.00,2.00,0.00,6.00,0.00,11.00,2
12.00,13.00,18.00,18.00,54.00,54.00,6.00,128.00,6.00,325.00,2
4.00,5.00,2.00,4.00,13.00,13.00,5.00,62.00,5.00,114.00,2
1.00,1.00,4.00,4.00,11.00,11.00,4.00,32.00,5.00,98.00,2
3.00,4.00,0.00,1.00,9.00,10.00,0.00,28.00,1.00,79.00,2
4.00,4.00,0.00,1.00,7.00,8.00,3.00,25.00,4.00,74.00,2
1.00,2.00,3.00,5.00,17.00,17.00,3.00,17.00,5.00,139.00,2
35.00,36.00,27.00,27.00,66.00,67.00,35.00,276.00,35.00,732.00,2
29.00,29.00,23.00,23.00,41.00,41.00,24.00,145.00,26.00,457.00,2
10.00,10.00,31.00,33.00,112.00,112.00,45.00,307.00,47.00,888.00,2
2.00,2.00,2.00,3.00,28.00,28.00,8.00,31.00,8.00,253.00,2
34.00,34.00,16.00,17.00,85.00,86.00,26.00,140.00,26.00,601.00,2
4.00,6.00,4.00,6.00,33.00,34.00,12.00,40.00,12.00,228.00,2
5.00,5.00,2.00,2.00,8.00,9.00,5.00,31.00,6.00,116.00,2
53.00,53.00,38.00,38.00,101.00,101.00,12.00,241.00,12.00,1103.00,2
17.00,18.00,12.00,12.00,25.00,26.00,18.00,179.00,18.00,306.00,2
4.00,4.00,6.00,6.00,27.00,28.00,3.00,55.00,4.00,147.00,2
0.00,2.00,0.00,2.00,2.00,2.00,0.00,10.00,0.00,35.00,2
1.00,1.00,4.00,4.00,12.00,12.00,1.00,30.00,1.00,123.00,2
7.00,8.00,5.00,7.00,12.00,12.00,3.00,23.00,4.00,168.00,2
349.00,349.00,252.00,252.00,1009.00,1009.00,300.00,3303.00,300.00,7389.00,2
38.00,39.00,31.00,32.00,94.00,95.00,16.00,179.00,16.00,1204.00,2
19.00,20.00,6.00,8.00,53.00,53.00,9.00,96.00,11.00,240.00,2
5.00,5.00,3.00,5.00,16.00,17.00,3.00,28.00,5.00,87.00,2
6.00,7.00,5.00,6.00,12.00,12.00,1.00,51.00,2.00,149.00,2
30.00,30.00,50.00,50.00,155.00,156.00,33.00,340.00,34.00,1625.00,2
44.00,45.00,42.00,43.00,200.00,201.00,51.00,436.00,51.00,1356.00,2
1.00,2.00,0.00,1.00,6.00,6.00,2.00,13.00,2.00,52.00,2
7.00,8.00,2.00,2.00,26.00,26.00,5.00,57.00,6.00,175.00,2
4.00,5.00,3.00,4.00,16.00,17.00,3.00,19.00,4.00,139.00,2
2.00,3.00,5.00,6.00,25.00,25.00,9.00,38.00,9.00,132.00,2
2.00,2.00,0.00,2.00,7.00,7.00,0.00,24.00,2.00,47.00,2
20.00,22.00,20.00,20.00,76.00,76.00,30.00,216.00,31.00,1128.00,2
4.00,4.00,4.00,4.00,17.00,18.00,2.00,20.00,2.00,146.00,2
3.00,3.00,2.00,3.00,3.00,4.00,2.00,45.00,2.00,77.00,2
3.00,3.00,3.00,4.00,8.00,8.00,3.00,31.00,3.00,61.00,2
0.00,2.00,0.00,0.00,2.00,2.00,0.00,9.00,0.00,14.00,2
56.00,57.00,49.00,49.00,74.00,74.00,21.00,513.00,23.00,1019.00,2
2.00,3.00,3.00,3.00,14.00,15.00,3.00,48.00,5.00,194.00,2
89.00,89.00,44.00,46.00,158.00,158.00,65.00,571.00,67.00,1307.00,2
22.00,23.00,11.00,11.00,33.00,33.00,12.00,65.00,14.00,407.00,2
4.00,5.00,1.00,3.00,20.00,21.00,6.00,51.00,6.00,179.00,2
9.00,10.00,4.00,6.00,28.00,29.00,9.00,28.00,9.00,155.00,2
3.00,3.00,6.00,6.00,33.00,33.00,8.00,74.00,9.00,256.00,2
23.00,23.00,15.00,16.00,45.00,45.00,18.00,82.00,19.00,448.00,2
5.00,5.00,2.00,2.00,20.00,20.00,3.00,20.00,3.00,96.00,2
27.00,27.00,19.00,20.00,54.00,54.00,19.00,296.00,19.00,517.00,2
6.00,7.00,2.00,3.00,18.00,19.00,4.00,91.00,4.00,194.00,2
27.00,29.00,30.00,30.00,59.00,60.00,29.00,172.00,29.00,634.00,2
33.00,34.00,24.00,25.00,100.00,101.00,43.00,272.00,44.00,1308.00,2
3.00,3.00,10.00,12.00,16.00,18.00,12.00,66.00,13.00,242.00,2
101.00,101.00,52.00,52.00,139.00,139.00,33.00,608.00,33.00,2011.00,2
7.00,8.00,21.00,22.00,74.00,75.00,14.00,282.00,14.00,770.00,2
46.00,46.00,21.00,22.00,60.00,61.00,43.00,275.00,44.00,1195.00,2
3.00,3.00,0.00,1.00,11.00,11.00,3.00,59.00,3.00,101.00,2
3.00,5.00,0.00,2.00,12.00,12.00,2.00,23.00,2.00,59.00,2
1.00,2.00,1.00,2.00,7.00,9.00,0.00,21.00,1.00,52.00,2
139.00,139.00,133.00,133.00,335.00,335.00,111.00,1423.00,112.00,3713.00,2
6.00,8.00,3.00,4.00,13.00,14.00,9.00,27.00,9.00,207.00,2
21.00,21.00,15.00,16.00,64.00,65.00,20.00,108.00,20.00,462.00,2
35.00,35.00,34.00,35.00,72.00,74.00,22.00,120.00,24.00,629.00,2
16.00,16.00,4.00,5.00,23.00,23.00,7.00,124.00,9.00,250.00,2
6.00,6.00,13.00,13.00,64.00,66.00,19.00,128.00,19.00,433.00,2
98.00,100.00,68.00,68.00,281.00,281.00,101.00,432.00,101.00,2089.00,2
11.00,11.00,12.00,14.00,61.00,62.00,14.00,256.00,14.00,468.00,2
26.00,26.00,21.00,21.00,73.00,73.00,21.00,94.00,22.00,740.00,2
3.00,4.00,4.00,5.00,12.00,13.00,9.00,102.00,9.00,180.00,2
1.00,2.00,2.00,2.00,11.00,12.00,4.00,26.00,4.00,93.00,2
2.00,4.00,2.00,2.00,9.00,9.00,5.00,48.00,5.00,71.00,2
28.00,28.00,10.00,12.00,66.00,66.00,23.00,251.00,24.00,885.00,2
0.00,1.00,0.00,1.00,2.00,2.00,1.00,14.00,1.00,46.00,2
2.00,2.00,2.00,2.00,4.00,5.00,1.00,29.00,2.00,71.00,2
0.00,1.00,1.00,3.00,7.00,7.00,1.00,30.00,3.00,99.00,2
8.00,10.00,18.00,19.00,50.00,51.00,24.00,159.00,26.00,486.00,2
31.00,32.00,9.00,9.00,82.00,83.00,24.00,313.00,24.00,765.00,2
17.00,17.00,4.00,6.00,39.00,39.00,12.00,188.00,12.00,465.00,2
2.00,2.00,3.00,3.00,10.00,10.00,5.00,43.00,5.00,157.00,2
0.00,1.00,0.00,1.00,7.00,7.00,1.00,23.00,3.00,46.00,2
258.00,259.00,104.00,104.00,782.00,782.00,278.00,2795.00,278.00,5474.00,2
2.00,2.00,0.00,1.00,7.00,7.00,2.00,13.00,2.00,95.00,2
1.00,2.00,0.00,1.00,10.00,11.00,3.00,60.00,4.00,101.00,2
2.00,2.00,0.00,2.00,7.00,9.00,2.00,10.00,2.00,79.00,2
10.00,12.00,5.00,6.00,23.00,24.00,4.00,120.00,5.00,193.00,2
6.00,6.00,2.00,2.00,7.00,8.00,5.00,36.00,6.00,158.00,2
33.00,33.00,20.00,20.00,94.00,95.00,43.00,224.00,43.00,763.00,2
8.00,8.00,6.00,8.00,24.00,24.00,2.00,58.00,3.00,126.00,2
8.00,8.00,6.00,8.00,17.00,19.00,5.00,73.00,5.00,108.00,2
115.00,116.00,104.00,105.00,422.00,423.00,89.00,957.00,90.00,2634.00,2
2.00,2.00,2.00,3.00,7.00,7.00,2.00,23.00,2.00,101.00,2
77.00,77.00,66.00,66.00,346.00,347.00,109.00,952.00,109.00,2089.00,2
11.00,11.00,6.00,6.00,16.00,16.00,11.00,92.00,11.00,180.00,2
3.00,5.00,3.00,3.00,19.00,20.00,0.00,32.00,2.00,83.00,2
1.00,2.00,3.00,4.00,14.00,15.00,1.00,48.00,1.00,136.00,2
1.00,2.00,0.00,1.00,7.00,7.00,2.00,28.00,2.00,49.00,2
16.00,16.00,18.00,19.00,65.00,66.00,18.00,270.00,19.00,628.00,2
5.00,5.00,4.00,4.00,34.00,34.00,10.00,149.00,10.00,227.00,2
9.00,11.00,8.00,8.00,22.00,22.00,5.00,69.00,6.00,182.00,2
6.00,6.00,3.00,3.00,13.00,14.00,7.00,86.00,8.00,168.00,2
66.00,66.00,42.00,43.00,100.00,100.00,23.00,365.00,23.00,763.00,2
5.00,7.00,2.00,2.00,7.00,7.00,2.00,18.00,2.00,98.00,2
22.00,22.00,20.00,21.00,60.00,60.00,16.00,152.00,16.00,801.00,2
86.00,86.00,42.00,42.00,154.00,154.00,42.00,677.00,43.00,1330.00,2
35.00,37.00,23.00,24.00,47.00,48.00,27.00,338.00,28.00,716.00,2
17.00,17.00,13.00,13.00,46.00,46.00,11.00,68.00,11.00,301.00,2
20.00,20.00,12.00,13.00,64.00,64.00,22.00,82.00,23.00,314.00,2
2.00,2.00,0.00,2.00,11.00,13.00,2.00,22.00,3.00,57.00,2
21.00,21.00,17.00,17.00,89.00,89.00,29.00,163.00,30.00,405.00,2
26.00,27.00,32.00,32.00,87.00,87.00,24.00,294.00,26.00,1032.00,2
2.00,2.00,0.00,0.00,3.00,5.00,0.00,12.00,0.00,27.00,2
22.00,22.00,10.00,11.00,63.00,63.00,11.00,157.00,11.00,328.00,2
10.00,11.00,12.00,12.00,22.00,22.00,4.00,137.00,4.00,291.00,2
17.00,17.00,30.00,30.00,82.00,83.00,41.00,652.00,41.00,1401.00,2
45.00,45.00,10.00,10.00,82.00,82.00,28.00,109.00,30.00,788.00,2
15.00,15.00,16.00,17.00,86.00,86.00,28.00,275.00,29.00,733.00,2
55.00,56.00,64.00,64.00,159.00,161.00,35.00,652.00,36.00,1194.00,2
27.00,27.00,23.00,23.00,32.00,32.00,12.00,120.00,12.00,638.00,2
3.00,5.00,3.00,5.00,8.00,8.00,5.00,40.00,5.00,105.00,2
15.00,15.00,21.00,22.00,74.00,74.00,14.00,215.00,15.00,334.00,2
23.00,24.00,6.00,6.00,64.00,64.00,20.00,175.00,21.00,285.00,2
4.00,4.00,3.00,4.00,10.00,10.00,2.00,67.00,2.00,116.00,2
16.00,17.00,10.00,11.00,51.00,52.00,6.00,129.00,6.00,383.00,2
2.00,3.00,1.00,2.00,7.00,7.00,2.00,15.00,3.00,79.00,2
22.00,22.00,12.00,12.00,141.00,143.00,13.00,242.00,13.00,577.00,2
28.00,30.00,55.00,55.00,130.00,130.00,54.00,647.00,54.00,1235.00,2
16.00,16.00,16.00,17.00,37.00,39.00,17.00,114.00,19.00,736.00,2
6.00,8.00,2.00,3.00,14.00,16.00,8.00,63.00,8.00,124.00,2
28.00,28.00,20.00,20.00,88.00,89.00,50.00,473.00,51.00,992.00,2
123.00,123.00,264.00,266.00,657.00,659.00,342.00,2673.00,342.00,5179.00,2
3.00,4.00,1.00,3.00,4.00,5.00,4.00,24.00,4.00,96.00,2
1.00,1.00,2.00,3.00,13.00,13.00,2.00,20.00,2.00,130.00,2
0.00,0.00,0.00,0.00,1.00,2.00,0.00,8.00,0.00,15.00,2
36.00,37.00,22.00,22.00,42.00,44.00,24.00,172.00,26.00,911.00,2
0.00,2.00,0.00,2.00,7.00,9.00,2.00,24.00,3.00,38.00,2
0.00,0.00,0.00,0.00,0.00,2.00,0.00,3.00,0.00,10.00,2
1.00,3.00,1.00,3.00,22.00,22.00,4.00,60.00,5.00,98.00,2
297.00,298.00,123.00,123.00,578.00,578.00,139.00,1581.00,139.00,5452.00,2
24.00,25.00,25.00,26.00,94.00,95.00,28.00,308.00,28.00,652.00,2
12.00,14.00,4.00,5.00,19.00,19.00,12.00,83.00,12.00,389.00,2
24.00,25.00,5.00,6.00,76.00,76.00,10.00,152.00,11.00,647.00,2
2.00,2.00,0.00,0.00,2.00,2.00,0.00,8.00,0.00,37.00,2
23.00,24.00,11.00,12.00,39.00,39.00,24.00,195.00,24.00,484.00,2
29.00,31.00,23.00,23.00,88.00,90.00,21.00,235.00,21.00,466.00,2
0.00,0.00,0.00,1.00,1.00,2.00,0.00,6.00,1.00,29.00,2
6.00,8.00,2.00,3.00,15.00,17.00,3.00,29.00,3.00,120.00,2
3.00,3.00,1.00,2.00,13.00,13.00,7.00,40.00,7.00,175.00,2
10.00,10.00,18.00,18.00,113.00,114.00,19.00,356.00,19.00,986.00,2
5.00,7.00,2.00,2.00,14.00,16.00,9.00,34.00,11.00,144.00,2
4.00,4.00,3.00,4.00,5.00,5.00,1.00,24.00,3.00,80.00,2
1.00,3.00,5.00,5.00,18.00,18.00,7.00,44.00,7.00,151.00,2
1.00,1.00,2.00,2.00,3.00,4.00,2.00,24.00,3.00,89.00,2
3.00,5.00,7.00,8.00,15.00,17.00,2.00,64.00,2.00,109.00,2
5.00,5.00,4.00,5.00,17.00,18.00,7.00,151.00,9.00,268.00,2
3.00,4.00,2.00,2.00,11.00,11.00,3.00,33.00,3.00,88.00,2
7.00,7.00,7.00,7.00,36.00,36.00,4.00,36.00,6.00,202.00,2
41.00,42.00,31.00,31.00,88.00,89.00,26.00,520.00,27.00,808.00,2
3.00,3.00,2.00,2.00,15.00,15.00,4.00,37.00,5.00,121.00,2
16.00,18.00,6.00,7.00,34.00,36.00,18.00,88.00,19.00,369.00,2
7.00,7.00,10.00,11.00,27.00,28.00,11.00,99.00,12.00,273.00,2
26.00,26.00,19.00,21.00,26.00,27.00,13.00,105.00,13.00,534.00,2
83.00,84.00,88.00,89.00,363.00,364.00,75.00,746.00,76.00,3058.00,2
1.00,3.00,0.00,1.00,3.00,3.00,1.00,27.00,3.00,43.00,2
11.00,11.00,11.00,12.00,37.00,38.00,6.00,123.00,6.00,286.00,2
304.00,304.00,245.00,247.00,534.00,534.00,212.00,893.00,214.00,4823.00,2
3.00,4.00,5.00,5.00,11.00,13.00,5.00,29.00,6.00,229.00,2
7.00,7.00,2.00,4.00,21.00,21.00,2.00,27.00,4.00,210.00,2
10.00,11.00,4.00,6.00,29.00,29.00,8.00,114.00,8.00,216.00,2
0.00,1.00,1.00,1.00,6.00,6.00,1.00,19.00,1.00,63.00,2
17.00,17.00,16.00,16.00,91.00,92.00,25.00,147.00,26.00,656.00,2
9.00,9.00,5.00,5.00,15.00,15.00,2.00,97.00,4.00,205.00,2
13.00,14.00,9.00,9.00,24.00,25.00,18.00,70.00,18.00,483.00,2
22.00,22.00,5.00,5.00,50.00,51.00,12.00,111.00,14.00,284.00,2
18.00,19.00,16.00,18.00,56.00,58.00,21.00,97.00,22.00,376.00,2
2.00,3.00,2.00,2.00,12.00,12.00,1.00,63.00,1.00,136.00,2
0.00,1.00,1.00,1.00,7.00,7.00,1.00,9.00,2.00,66.00,2
7.00,7.00,3.00,3.00,25.00,26.00,8.00,36.00,10.00,201.00,2
24.00,26.00,24.00,24.00,86.00,88.00,24.00,329.00,24.00,557.00,2
4.00,4.00,3.00,4.00,31.00,33.00,6.00,74.00,7.00,161.00,2
2.00,4.00,1.00,1.00,8.00,9.00,1.00,15.00,2.00,82.00,2
26.00,26.00,24.00,24.00,100.00,101.00,22.00,111.00,22.00,652.00,2
5.00,6.00,2.00,4.00,14.00,14.00,5.00,107.00,5.00,244.00,2
71.00,71.00,22.00,23.00,165.00,167.00,38.00,299.00,40.00,998.00,2
13.00,14.00,4.00,5.00,43.00,44.00,11.00,136.00,12.00,321.00,2
3.00,3.00,6.00,6.00,15.00,15.00,9.00,44.00,9.00,160.00,2
11.00,11.00,11.00,11.00,27.00,27.00,9.00,88.00,10.00,362.00,2
4.00,4.00,2.00,3.00,15.00,15.00,2.00,26.00,3.00,125.00,2
21.00,21.00,11.00,11.00,73.00,74.00,21.00,162.00,21.00,289.00,2
1.00,3.00,1.00,1.00,4.00,4.00,0.00,7.00,1.00,51.00,2
4.00,4.00,11.00,11.00,32.00,33.00,10.00,81.00,11.00,288.00,2
7.00,8.00,12.00,13.00,31.00,31.00,13.00,87.00,14.00,289.00,2
12.00,12.00,11.00,12.00,55.00,55.00,17.00,89.00,17.00,563.00,2
28.00,29.00,28.00,28.00,229.00,229.00,51.00,576.00,51.00,1759.00,2
3.00,3.00,7.00,8.00,18.00,20.00,15.00,197.00,15.00,298.00,2
0.00,1.00,1.00,1.00,3.00,4.00,0.00,9.00,1.00,45.00,2
102.00,104.00,23.00,23.00,219.00,219.00,83.00,434.00,83.00,1312.00,2
1.00,1.00,0.00,1.00,5.00,5.00,0.00,16.00,1.00,30.00,2
3.00,4.00,7.00,7.00,23.00,23.00,4.00,55.00,4.00,149.00,2
17.00,17.00,35.00,35.00,65.00,66.00,19.00,574.00,19.00,942.00,2
3.00,3.00,1.00,1.00,7.00,9.00,3.00,21.00,3.00,65.00,2
24.00,25.00,17.00,17.00,80.00,80.00,11.00,229.00,11.00,600.00,2
1.00,1.00,2.00,2.00,7.00,8.00,2.00,33.00,3.00,63.00,2
144.00,144.00,80.00,81.00,242.00,244.00,78.00,1153.00,78.00,1817.00,2
19.00,20.00,15.00,17.00,53.00,53.00,29.00,338.00,30.00,680.00,2
13.00,14.00,8.00,10.00,33.00,33.00,13.00,185.00,13.00,309.00,2
0.00,2.00,2.00,3.00,6.00,8.00,3.00,30.00,3.00,68.00,2
54.00,55.00,121.00,121.00,438.00,439.00,79.00,1434.00,80.00,4905.00,2
1.00,2.00,0.00,0.00,5.00,6.00,1.00,16.00,2.00,42.00,2
11.00,11.00,4.00,5.00,20.00,21.00,5.00,56.00,7.00,235.00,2
3.00,5.00,2.00,3.00,12.00,13.00,2.00,35.00,2.00,141.00,2
9.00,9.00,12.00,13.00,39.00,39.00,9.00,78.00,9.00,300.00,2
0.00,0.00,0.00,0.00,0.00,1.00,0.00,4.00,0.00,6.00,2
0.00,1.00,1.00,1.00,9.00,10.00,2.00,38.00,3.00,55.00,2
94.00,94.00,66.00,66.00,277.00,277.00,28.00,531.00,28.00,1269.00,2
0.00,2.00,0.00,0.00,0.00,2.00,0.00,9.00,0.00,16.00,2
8.00,8.00,5.00,6.00,69.00,69.00,8.00,145.00,8.00,341.00,2
19.00,20.00,10.00,11.00,34.00,36.00,7.00,145.00,7.00,539.00,2
2.00,3.00,2.00,2.00,13.00,14.00,2.00,38.00,2.00,137.00,2
6.00,7.00,6.00,7.00,25.00,26.00,6.00,54.00,6.00,157.00,2
10.00,10.00,11.00,11.00,30.00,31.00,3.00,45.00,4.00,276.00,2
0.00,1.00,0.00,1.00,5.00,5.00,2.00,27.00,2.00,65.00,2
8.00,8.00,2.00,3.00,18.00,18.00,11.00,38.00,12.00,225.00,2
3.00,3.00,1.00,2.00,11.00,11.00,2.00,48.00,3.00,74.00,2
6.00,7.00,10.00,11.00,35.00,35.00,8.00,87.00,9.00,350.00,2
19.00,21.00,6.00,6.00,36.00,38.00,6.00,43.00,8.00,357.00,2
63.00,63.00,30.00,31.00,73.00,73.00,67.00,210.00,67.00,1478.00,2
2.00,3.00,2.00,3.00,11.00,11.00,2.00,18.00,2.00,93.00,2
24.00,24.00,29.00,31.00,131.00,131.00,61.00,441.00,63.00,2199.00,2
4.00,4.00,5.00,7.00,46.00,46.00,9.00,105.00,9.00,269.00,2
17.00,18.00,20.00,22.00,95.00,95.00,25.00,281.00,25.00,935.00,2
2.00,3.00,1.00,2.00,9.00,9.00,2.00,36.00,2.00,85.00,2
8.00,8.00,8.00,10.00,68.00,70.00,12.00,151.00,13.00,405.00,2
5.00,6.00,2.00,4.00,11.00,12.00,5.00,22.00,5.00,144.00,2
2.00,4.00,2.00,2.00,15.00,15.00,1.00,58.00,1.00,123.00,2
2.00,3.00,0.00,1.00,6.00,7.00,1.00,19.00,2.00,65.00,2
10.00,10.00,3.00,4.00,18.00,19.00,16.00,75.00,18.00,314.00,2
16.00,16.00,40.00,40.00,85.00,86.00,45.00,346.00,47.00,807.00,2
3.00,5.00,2.00,3.00,15.00,15.00,7.00,46.00,7.00,78.00,2
1.00,2.00,0.00,1.00,8.00,8.00,0.00,26.00,1.00,54.00,2
56.00,56.00,14.00,16.00,188.00,188.00,27.00,182.00,27.00,863.00,2
12.00,14.00,4.00,5.00,36.00,36.00,6.00,99.00,6.00,265.00,2
3.00,3.00,4.00,6.00,11.00,13.00,7.00,27.00,7.00,232.00,2
2.00,2.00,1.00,1.00,6.00,6.00,0.00,17.00,1.00,94.00,2
0.00,2.00,0.00,2.00,5.00,5.00,4.00,13.00,4.00,51.00,2
42.00,42.00,17.00,19.00,147.00,147.00,12.00,210.00,12.00,726.00,2
11.00,12.00,3.00,4.00,23.00,24.00,8.00,80.00,9.00,358.00,2
8.00,9.00,7.00,8.00,32.00,32.00,8.00,38.00,8.00,283.00,2
6.00,6.00,5.00,6.00,28.00,29.00,5.00,84.00,6.00,144.00,2
5.00,7.00,8.00,10.00,25.00,25.00,3.00,79.00,5.00,155.00,2
28.00,28.00,20.00,22.00,35.00,37.00,18.00,273.00,19.00,515.00,2
1.00,1.00,4.00,4.00,15.00,17.00,5.00,69.00,5.00,122.00,2
29.00,30.00,13.00,14.00,78.00,79.00,7.00,78.00,7.00,571.00,2
3.00,4.00,0.00,1.00,7.00,7.00,3.00,21.00,4.00,68.00,2
3.00,5.00,9.00,9.00,48.00,48.00,19.00,132.00,20.00,413.00,2
14.00,15.00,8.00,9.00,105.00,107.00,26.00,169.00,28.00,465.00,2
1.00,1.00,1.00,1.00,3.00,5.00,3.00,15.00,3.00,105.00,2
5.00,5.00,5.00,5.00,22.00,23.00,12.00,59.00,12.00,420.00,2
8.00,8.00,14.00,15.00,48.00,48.00,20.00,145.00,20.00,361.00,2
8.00,10.00,5.00,5.00,30.00,30.00,3.00,69.00,5.00,207.00,2
4.00,5.00,4.00,4.00,27.00,28.00,12.00,130.00,13.00,282.00,2
6.00,7.00,8.00,8.00,59.00,60.00,3.00,178.00,5.00,384.00,2
15.00,16.00,5.00,5.00,41.00,42.00,18.00,248.00,18.00,481.00,2
68.00,69.00,66.00,68.00,431.00,432.00,96.00,428.00,97.00,3143.00,2
4.00,5.00,4.00,5.00,14.00,14.00,4.00,48.00,5.00,224.00,2
3.00,3.00,1.00,3.00,9.00,9.00,1.00,26.00,3.00,51.00,2
12.00,12.00,34.00,35.00,129.00,130.00,40.00,415.00,40.00,896.00,2
1.00,1.00,1.00,2.00,5.00,5.00,3.00,27.00,4.00,129.00,2
9.00,9.00,11.00,11.00,26.00,27.00,17.00,101.00,19.00,339.00,2
10.00,11.00,6.00,6.00,36.00,36.00,8.00,139.00,8.00,448.00,2
3.00,5.00,8.00,8.00,35.00,35.00,3.00,38.00,3.00,197.00,2
1.00,2.00,1.00,1.00,12.00,13.00,3.00,19.00,3.00,122.00,2
3.00,5.00,2.00,2.00,8.00,8.00,5.00,20.00,5.00,75.00,2
2.00,4.00,14.00,14.00,46.00,46.00,6.00,144.00,6.00,280.00,2
4.00,5.00,3.00,4.00,15.00,15.00,4.00,17.00,5.00,123.00,2
6.00,6.00,6.00,6.00,21.00,21.00,4.00,182.00,5.00,278.00,2
3.00,3.00,1.00,1.00,4.00,4.00,0.00,24.00,1.00,49.00,2
45.00,45.00,39.00,39.00,70.00,71.00,52.00,545.00,52.00,1024.00,2
2.00,2.00,2.00,2.00,15.00,16.00,2.00,38.00,2.00,79.00,2
125.00,125.00,60.00,60.00,307.00,308.00,72.00,536.00,72.00,3581.00,2
20.00,21.00,18.00,18.00,39.00,41.00,18.00,126.00,18.00,472.00,2
51.00,51.00,12.00,14.00,110.00,110.00,39.00,302.00,39.00,716.00,2
3.00,3.00,3.00,3.00,9.00,9.00,2.00,29.00,2.00,74.00,2
3.00,3.00,4.00,6.00,21.00,21.00,3.00,43.00,4.00,129.00,2
78.00,79.00,36.00,36.00,225.00,225.00,29.00,742.00,30.00,1857.00,2
17.00,18.00,17.00,17.00,30.00,30.00,20.00,74.00,20.00,542.00,2
16.00,17.00,13.00,14.00,53.00,54.00,10.00,95.00,10.00,605.00,2
21.00,22.00,24.00,25.00,54.00,55.00,8.00,207.00,9.00,711.00,2
2.00,2.00,2.00,2.00,4.00,5.00,2.00,11.00,2.00,85.00,2
3.00,5.00,2.00,3.00,11.00,11.00,2.00,46.00,2.00,141.00,2
49.00,49.00,51.00,51.00,116.00,117.00,28.00,269.00,29.00,1417.00,2
1.00,2.00,0.00,1.00,7.00,8.00,1.00,15.00,2.00,56.00,2
22.00,23.00,21.00,21.00,91.00,91.00,7.00,177.00,7.00,825.00,2
46.00,46.00,37.00,39.00,75.00,77.00,14.00,240.00,14.00,572.00,2
5.00,7.00,4.00,5.00,24.00,25.00,7.00,24.00,7.00,206.00,2
8.00,9.00,9.00,11.00,30.00,32.00,2.00,84.00,3.00,156.00,2
11.00,11.00,10.00,11.00,22.00,22.00,11.00,74.00,11.00,505.00,2
3.00,4.00,1.00,3.00,6.00,8.00,1.00,30.00,3.00,100.00,2
66.00,67.00,104.00,104.00,397.00,399.00,168.00,1534.00,169.00,3443.00,2
6.00,6.00,2.00,2.00,20.00,20.00,2.00,71.00,2.00,160.00,2
1.00,1.00,1.00,1.00,3.00,3.00,1.00,24.00,1.00,42.00,2
4.00,4.00,5.00,5.00,18.00,18.00,4.00,59.00,5.00,194.00,2
13.00,13.00,3.00,3.00,39.00,39.00,5.00,85.00,5.00,182.00,2
219.00,223.00,124.00,124.00,356.00,356.00,225.00,333.00,167.00,448.00,3
6.00,15.00,4.00,4.00,9.00,9.00,12.00,18.00,20.00,19.00,3
216.00,209.00,108.00,109.00,135.00,135.00,206.00,164.00,161.00,179.00,3
155.00,161.00,93.00,94.00,143.00,144.00,198.00,222.00,196.00,202.00,3
37.00,39.00,15.00,17.00,51.00,53.00,43.00,37.00,34.00,28.00,3
10.00,3.00,5.00,5.00,6.00,6.00,6.00,10.00,18.00,12.00,3
66.00,73.00,36.00,37.00,73.00,74.00,73.00,109.00,134.00,82.00,3
49.00,56.00,76.00,77.00,93.00,95.00,97.00,63.00,101.00,73.00,3
59.00,56.00,19.00,19.00,49.00,51.00,67.00,59.00,48.00,48.00,3
99.00,102.00,68.00,68.00,61.00,63.00,75.00,99.00,140.00,91.00,3
20.00,13.00,18.00,20.00,29.00,30.00,11.00,41.00,21.00,32.00,3
42.00,38.00,17.00,17.00,60.00,62.00,62.00,59.00,55.00,73.00,3
381.00,376.00,298.00,300.00,425.00,425.00,462.00,443.00,413.00,354.00,3
7.00,10.00,4.00,4.00,4.00,6.00,4.00,10.00,9.00,14.00,3
3.00,6.00,1.00,3.00,3.00,4.00,6.00,4.00,11.00,7.00,3
141.00,141.00,70.00,71.00,114.00,115.00,89.00,145.00,118.00,144.00,3
132.00,137.00,161.00,162.00,163.00,165.00,257.00,192.00,178.00,188.00,3
24.00,15.00,10.00,11.00,21.00,21.00,8.00,12.00,17.00,19.00,3
13.00,6.00,6.00,8.00,13.00,13.00,10.00,19.00,15.00,14.00,3
155.00,159.00,52.00,52.00,116.00,117.00,129.00,91.00,223.00,79.00,3
8.00,12.00,8.00,9.00,11.00,12.00,7.00,19.00,9.00,19.00,3
29.00,28.00,17.00,18.00,17.00,17.00,32.00,27.00,29.00,40.00,3
25.00,21.00,11.00,11.00,16.00,16.00,32.00,16.00,27.00,24.00,3
509.00,511.00,155.00,156.00,392.00,392.00,351.00,292.00,765.00,371.00,3
89.00,90.00,33.00,34.00,86.00,87.00,99.00,140.00,127.00,146.00,3
7.00,12.00,6.00,6.00,8.00,8.00,11.00,10.00,11.00,16.00,3
47.00,44.00,35.00,36.00,45.00,46.00,40.00,43.00,76.00,62.00,3
100.00,99.00,83.00,83.00,107.00,108.00,115.00,219.00,175.00,156.00,3
31.00,35.00,25.00,26.00,21.00,21.00,21.00,41.00,40.00,52.00,3
104.00,112.00,32.00,32.00,122.00,124.00,114.00,111.00,140.00,124.00,3
18.00,24.00,12.00,12.00,27.00,28.00,24.00,34.00,43.00,35.00,3
10.00,9.00,8.00,8.00,10.00,12.00,12.00,10.00,14.00,9.00,3
61.00,53.00,28.00,30.00,53.00,53.00,58.00,38.00,41.00,35.00,3
303.00,297.00,376.00,376.00,463.00,463.00,238.00,721.00,373.00,487.00,3
29.00,25.00,33.00,33.00,42.00,42.00,27.00,43.00,66.00,43.00,3
3.00,3.00,2.00,2.00,7.00,7.00,3.00,7.00,7.00,8.00,3
251.00,243.00,331.00,333.00,395.00,396.00,375.00,485.00,304.00,339.00,3
28.00,24.00,14.00,14.00,24.00,25.00,36.00,17.00,30.00,22.00,3
10.00,8.00,9.00,9.00,6.00,6.00,9.00,16.00,13.00,13.00,3
3.00,4.00,3.00,3.00,3.00,3.00,3.00,3.00,4.00,4.00,3
52.00,57.00,58.00,59.00,81.00,81.00,93.00,57.00,88.00,47.00,3
42.00,45.00,19.00,20.00,33.00,33.00,61.00,36.00,57.00,51.00,3
15.00,23.00,26.00,27.00,29.00,29.00,36.00,37.00,57.00,31.00,3
9.00,13.00,4.00,4.00,13.00,15.00,7.00,23.00,13.00,20.00,3
41.00,35.00,39.00,39.00,60.00,60.00,64.00,44.00,79.00,42.00,3
28.00,24.00,19.00,19.00,39.00,40.00,32.00,20.00,71.00,21.00,3
30.00,27.00,12.00,12.00,34.00,34.00,23.00,27.00,46.00,30.00,3
36.00,34.00,20.00,21.00,28.00,28.00,17.00,40.00,41.00,48.00,3
34.00,27.00,22.00,23.00,17.00,17.00,32.00,40.00,22.00,34.00,3
8.00,9.00,6.00,6.00,12.00,12.00,10.00,9.00,10.00,15.00,3
309.00,308.00,99.00,99.00,345.00,345.00,153.00,274.00,336.00,398.00,3
13.00,6.00,6.00,6.00,8.00,10.00,6.00,11.00,6.00,8.00,3
64.00,65.00,44.00,46.00,46.00,47.00,28.00,55.00,48.00,81.00,3
121.00,122.00,114.00,114.00,177.00,176.00,147.00,112.00,100.00,85.00,3
20.00,21.00,11.00,13.00,18.00,20.00,21.00,25.00,28.00,20.00,3
656.00,661.00,544.00,544.00,1048.00,1049.00,818.00,987.00,1873.00,1480.00,3
29.00,24.00,15.00,16.00,23.00,23.00,25.00,36.00,45.00,28.00,3
11.00,2.00,6.00,6.00,9.00,11.00,3.00,5.00,8.00,8.00,3
32.00,44.00,16.00,16.00,23.00,24.00,23.00,37.00,23.00,31.00,3
51.00,55.00,49.00,51.00,68.00,68.00,55.00,90.00,66.00,128.00,3
6.00,3.00,4.00,6.00,6.00,7.00,4.00,6.00,9.00,7.00,3
34.00,40.00,40.00,41.00,69.00,69.00,46.00,74.00,73.00,101.00,3
65.00,58.00,33.00,35.00,47.00,48.00,68.00,84.00,116.00,62.00,3
56.00,62.00,48.00,48.00,48.00,50.00,126.00,70.00,91.00,76.00,3
67.00,58.00,22.00,22.00,47.00,47.00,47.00,48.00,71.00,34.00,3
165.00,164.00,60.00,61.00,139.00,139.00,194.00,236.00,231.00,242.00,3
17.00,10.00,4.00,4.00,11.00,11.00,14.00,16.00,20.00,20.00,3
49.00,50.00,30.00,31.00,35.00,36.00,67.00,90.00,65.00,66.00,3
46.00,40.00,30.00,31.00,38.00,40.00,41.00,87.00,43.00,64.00,3
64.00,70.00,19.00,19.00,48.00,50.00,29.00,42.00,52.00,38.00,3
37.00,30.00,25.00,25.00,33.00,35.00,20.00,43.00,40.00,44.00,3
23.00,22.00,10.00,10.00,27.00,29.00,42.00,20.00,35.00,30.00,3
39.00,34.00,14.00,14.00,50.00,50.00,31.00,43.00,32.00,54.00,3
0.00,2.00,0.00,2.00,2.00,2.00,2.00,2.00,4.00,4.00,3
50.00,46.00,27.00,27.00,53.00,53.00,40.00,58.00,94.00,40.00,3
105.00,100.00,61.00,62.00,119.00,120.00,92.00,126.00,165.00,105.00,3
45.00,48.00,32.00,33.00,31.00,31.00,65.00,59.00,59.00,51.00,3
37.00,38.00,39.00,39.00,58.00,59.00,66.00,66.00,71.00,49.00,3
64.00,64.00,70.00,70.00,73.00,74.00,56.00,88.00,85.00,123.00,3
90.00,96.00,79.00,79.00,135.00,135.00,98.00,94.00,137.00,80.00,3
24.00,26.00,10.00,12.00,21.00,22.00,28.00,16.00,28.00,24.00,3
228.00,228.00,164.00,164.00,122.00,123.00,245.00,217.00,276.00,302.00,3
20.00,22.00,11.00,11.00,22.00,22.00,17.00,28.00,41.00,38.00,3
103.00,99.00,66.00,66.00,122.00,125.00,71.00,84.00,122.00,116.00,3
4.00,1.00,3.00,3.00,3.00,4.00,4.00,3.00,5.00,4.00,3
202.00,212.00,77.00,77.00,184.00,184.00,324.00,165.00,282.00,138.00,3
220.00,227.00,187.00,187.00,282.00,284.00,411.00,239.00,371.00,170.00,3
16.00,17.00,16.00,16.00,16.00,16.00,14.00,24.00,13.00,26.00,3
187.00,181.00,109.00,110.00,111.00,113.00,194.00,170.00,212.00,239.00,3
161.00,170.00,142.00,143.00,121.00,123.00,131.00,161.00,127.00,117.00,3
20.00,19.00,10.00,11.00,16.00,17.00,21.00,15.00,15.00,12.00,3
53.00,53.00,58.00,58.00,60.00,60.00,73.00,66.00,67.00,58.00,3
142.00,149.00,100.00,102.00,124.00,125.00,109.00,192.00,189.00,208.00,3
1.00,11.00,4.00,6.00,7.00,7.00,3.00,3.00,7.00,6.00,3
9.00,17.00,13.00,14.00,17.00,19.00,10.00,34.00,21.00,26.00,3
11.00,12.00,15.00,17.00,12.00,12.00,24.00,11.00,20.00,17.00,3
101.00,93.00,56.00,56.00,127.00,127.00,118.00,113.00,167.00,106.00,3
71.00,77.00,40.00,40.00,101.00,103.00,55.00,92.00,85.00,120.00,3
3.00,9.00,2.00,3.00,3.00,5.00,3.00,3.00,3.00,7.00,3
56.00,58.00,36.00,37.00,47.00,47.00,44.00,42.00,33.00,29.00,3
66.00,59.00,45.00,45.00,64.00,64.00,80.00,103.00,91.00,73.00,3
4.00,3.00,1.00,3.00,4.00,5.00,4.00,4.00,4.00,5.00,3
238.00,243.00,113.00,115.00,204.00,204.00,402.00,263.00,307.00,286.00,3
55.00,65.00,62.00,64.00,70.00,72.00,48.00,53.00,83.00,58.00,3
19.00,26.00,19.00,20.00,14.00,15.00,23.00,23.00,42.00,34.00,3
88.00,84.00,69.00,70.00,65.00,65.00,80.00,152.00,76.00,104.00,3
1118.00,1109.00,476.00,476.00,653.00,654.00,874.00,635.00,880.00,928.00,3
83.00,83.00,91.00,91.00,70.00,70.00,104.00,73.00,134.00,51.00,3
12.00,18.00,14.00,15.00,14.00,15.00,12.00,17.00,21.00,20.00,3
205.00,211.00,92.00,92.00,127.00,127.00,237.00,200.00,176.00,168.00,3
187.00,189.00,85.00,85.00,103.00,105.00,115.00,91.00,220.00,115.00,3
13.00,9.00,12.00,13.00,14.00,16.00,21.00,18.00,17.00,22.00,3
16.00,11.00,7.00,8.00,14.00,15.00,14.00,14.00,20.00,12.00,3
63.00,68.00,68.00,69.00,74.00,74.00,56.00,85.00,63.00,78.00,3
2.00,11.00,8.00,8.00,7.00,7.00,7.00,5.00,10.00,7.00,3
177.00,170.00,96.00,98.00,185.00,187.00,95.00,180.00,212.00,149.00,3
9.00,15.00,8.00,8.00,11.00,11.00,15.00,16.00,15.00,15.00,3
9.00,12.00,3.00,3.00,5.00,6.00,14.00,10.00,14.00,16.00,3
8.00,12.00,6.00,6.00,12.00,12.00,21.00,8.00,18.00,9.00,3
194.00,201.00,174.00,174.00,148.00,150.00,261.00,315.00,396.00,353.00,3
53.00,59.00,45.00,45.00,62.00,62.00,68.00,62.00,48.00,45.00,3
60.00,63.00,46.00,47.00,71.00,71.00,71.00,64.00,64.00,74.00,3
38.00,40.00,26.00,26.00,30.00,32.00,56.00,22.00,54.00,30.00,3
49.00,54.00,33.00,34.00,36.00,36.00,37.00,64.00,61.00,73.00,3
78.00,86.00,66.00,68.00,150.00,151.00,98.00,139.00,219.00,133.00,3
9.00,2.00,3.00,5.00,6.00,8.00,6.00,10.00,8.00,11.00,3
185.00,190.00,206.00,206.00,344.00,345.00,146.00,193.00,297.00,243.00,3
38.00,36.00,31.00,31.00,36.00,36.00,58.00,22.00,62.00,27.00,3
74.00,79.00,46.00,46.00,58.00,58.00,97.00,50.00,79.00,51.00,3
54.00,50.00,24.00,25.00,56.00,58.00,43.00,52.00,35.00,71.00,3
696.00,702.00,403.00,403.00,526.00,528.00,547.00,636.00,856.00,525.00,3
265.00,264.00,103.00,104.00,285.00,283.00,107.00,210.00,250.00,146.00,3
36.00,36.00,31.00,31.00,45.00,46.00,42.00,31.00,45.00,28.00,3
13.00,7.00,4.00,4.00,9.00,9.00,12.00,11.00,19.00,11.00,3
62.00,62.00,22.00,22.00,58.00,59.00,50.00,73.00,47.00,62.00,3
20.00,12.00,12.00,12.00,18.00,20.00,9.00,18.00,23.00,21.00,3
66.00,68.00,33.00,33.00,60.00,61.00,72.00,66.00,78.00,74.00,3
79.00,75.00,29.00,29.00,62.00,63.00,118.00,48.00,85.00,60.00,3
66.00,69.00,64.00,64.00,111.00,111.00,83.00,66.00,186.00,94.00,3
245.00,248.00,230.00,230.00,415.00,415.00,389.00,528.00,549.00,465.00,3
168.00,173.00,73.00,73.00,108.00,108.00,133.00,148.00,125.00,196.00,3
462.00,462.00,385.00,386.00,268.00,269.00,435.00,567.00,619.00,455.00,3
37.00,42.00,46.00,46.00,53.00,53.00,58.00,76.00,96.00,100.00,3
8.00,3.00,1.00,3.00,5.00,7.00,8.00,5.00,7.00,8.00,3
71.00,81.00,34.00,34.00,70.00,70.00,64.00,71.00,54.00,67.00,3
21.00,22.00,22.00,24.00,27.00,27.00,18.00,42.00,31.00,40.00,3
30.00,36.00,21.00,23.00,45.00,45.00,26.00,59.00,34.00,45.00,3
3.00,5.00,1.00,3.00,4.00,5.00,4.00,3.00,8.00,7.00,3
51.00,43.00,24.00,25.00,37.00,39.00,25.00,58.00,43.00,74.00,3
34.00,41.00,28.00,28.00,40.00,41.00,19.00,39.00,30.00,58.00,3
293.00,290.00,103.00,103.00,313.00,313.00,297.00,199.00,416.00,210.00,3
14.00,5.00,3.00,4.00,5.00,5.00,10.00,13.00,9.00,10.00,3
26.00,34.00,20.00,21.00,23.00,25.00,29.00,42.00,44.00,33.00,3
14.00,10.00,6.00,7.00,21.00,21.00,25.00,20.00,23.00,26.00,3
82.00,87.00,26.00,26.00,77.00,78.00,73.00,98.00,140.00,85.00,3
8.00,6.00,4.00,6.00,6.00,6.00,10.00,12.00,14.00,12.00,3
34.00,39.00,14.00,15.00,28.00,28.00,45.00,62.00,31.00,43.00,3
182.00,192.00,136.00,136.00,208.00,210.00,201.00,123.00,176.00,162.00,3
621.00,617.00,361.00,362.00,401.00,402.00,671.00,527.00,583.00,722.00,3
52.00,49.00,39.00,40.00,62.00,62.00,54.00,34.00,99.00,39.00,3
93.00,90.00,67.00,68.00,85.00,87.00,52.00,47.00,59.00,67.00,3
118.00,122.00,73.00,73.00,70.00,70.00,109.00,109.00,109.00,153.00,3
18.00,18.00,14.00,14.00,20.00,22.00,8.00,12.00,17.00,11.00,3
67.00,71.00,36.00,37.00,76.00,76.00,84.00,57.00,71.00,53.00,3
28.00,29.00,11.00,12.00,25.00,26.00,19.00,37.00,24.00,32.00,3
115.00,113.00,84.00,84.00,75.00,75.00,133.00,153.00,96.00,105.00,3
310.00,315.00,123.00,124.00,222.00,222.00,389.00,271.00,307.00,399.00,3
220.00,222.00,99.00,99.00,186.00,188.00,276.00,191.00,327.00,189.00,3
353.00,350.00,123.00,124.00,366.00,368.00,286.00,517.00,215.00,369.00,3
224.00,218.00,126.00,128.00,239.00,240.00,249.00,203.00,346.00,240.00,3
264.00,270.00,172.00,173.00,268.00,268.00,169.00,181.00,256.00,125.00,3
27.00,36.00,16.00,16.00,39.00,39.00,21.00,42.00,39.00,54.00,3
41.00,34.00,20.00,21.00,28.00,29.00,22.00,41.00,39.00,38.00,3
53.00,63.00,17.00,18.00,37.00,38.00,35.00,38.00,53.00,28.00,3
50.00,46.00,26.00,26.00,32.00,32.00,40.00,45.00,51.00,46.00,3
60.00,53.00,55.00,56.00,93.00,94.00,121.00,129.00,113.00,108.00,3
43.00,37.00,38.00,38.00,28.00,28.00,30.00,43.00,44.00,67.00,3
22.00,17.00,14.00,16.00,22.00,22.00,29.00,19.00,24.00,26.00,3
40.00,32.00,18.00,18.00,40.00,41.00,19.00,31.00,43.00,23.00,3
19.00,17.00,7.00,7.00,17.00,18.00,11.00,29.00,22.00,26.00,3
29.00,30.00,32.00,33.00,32.00,32.00,50.00,35.00,51.00,52.00,3
16.00,10.00,7.00,7.00,8.00,10.00,11.00,10.00,13.00,11.00,3
15.00,23.00,24.00,26.00,29.00,29.00,23.00,41.00,27.00,40.00,3
27.00,30.00,22.00,24.00,22.00,24.00,28.00,22.00,31.00,24.00,3
428.00,428.00,264.00,264.00,658.00,659.00,407.00,435.00,496.00,489.00,3
158.00,158.00,99.00,99.00,190.00,191.00,232.00,240.00,180.00,320.00,3
23.00,20.00,21.00,21.00,17.00,18.00,31.00,23.00,27.00,35.00,3
6.00,6.00,7.00,7.00,10.00,12.00,6.00,9.00,7.00,12.00,3
22.00,30.00,10.00,10.00,26.00,27.00,20.00,30.00,46.00,44.00,3
61.00,57.00,54.00,54.00,49.00,49.00,57.00,57.00,99.00,54.00,3
43.00,43.00,50.00,50.00,39.00,39.00,32.00,65.00,72.00,76.00,3
238.00,238.00,236.00,238.00,272.00,273.00,138.00,386.00,315.00,307.00,3
86.00,90.00,69.00,69.00,100.00,101.00,112.00,70.00,79.00,73.00,3
51.00,56.00,20.00,20.00,44.00,44.00,85.00,37.00,67.00,32.00,3
5.00,2.00,3.00,5.00,3.00,5.00,5.00,3.00,5.00,4.00,3
41.00,50.00,35.00,36.00,46.00,46.00,36.00,45.00,50.00,46.00,3
28.00,34.00,22.00,22.00,26.00,28.00,29.00,42.00,56.00,48.00,3
11.00,14.00,10.00,11.00,12.00,14.00,15.00,10.00,17.00,14.00,3
30.00,25.00,10.00,11.00,24.00,25.00,44.00,43.00,48.00,43.00,3
130.00,130.00,43.00,43.00,90.00,92.00,102.00,152.00,90.00,121.00,3
27.00,31.00,37.00,37.00,44.00,44.00,28.00,22.00,25.00,34.00,3
84.00,85.00,109.00,110.00,114.00,115.00,160.00,145.00,154.00,203.00,3
9.00,14.00,9.00,9.00,11.00,11.00,11.00,9.00,19.00,9.00,3
7.00,9.00,3.00,4.00,11.00,13.00,11.00,7.00,17.00,7.00,3
166.00,162.00,141.00,141.00,196.00,195.00,97.00,160.00,133.00,112.00,3
18.00,26.00,12.00,12.00,18.00,19.00,18.00,27.00,38.00,22.00,3
16.00,22.00,17.00,19.00,22.00,23.00,24.00,44.00,27.00,33.00,3
223.00,218.00,236.00,236.00,405.00,406.00,319.00,494.00,596.00,432.00,3
71.00,68.00,39.00,39.00,74.00,75.00,83.00,47.00,65.00,65.00,3
194.00,186.00,228.00,228.00,247.00,247.00,248.00,215.00,275.00,232.00,3
144.00,150.00,106.00,107.00,79.00,79.00,74.00,71.00,103.00,98.00,3
146.00,146.00,83.00,84.00,150.00,150.00,98.00,150.00,167.00,112.00,3
262.00,260.00,144.00,144.00,219.00,220.00,273.00,363.00,275.00,299.00,3
35.00,39.00,14.00,15.00,44.00,44.00,61.00,31.00,71.00,46.00,3
8.00,10.00,3.00,5.00,11.00,11.00,11.00,6.00,11.00,6.00,3
60.00,58.00,57.00,57.00,49.00,49.00,41.00,83.00,64.00,72.00,3
158.00,154.00,84.00,86.00,164.00,165.00,210.00,190.00,217.00,167.00,3
11.00,19.00,10.00,11.00,21.00,21.00,29.00,25.00,27.00,18.00,3
134.00,126.00,117.00,119.00,107.00,107.00,85.00,107.00,201.00,149.00,3
16.00,17.00,8.00,9.00,19.00,20.00,31.00,12.00,21.00,17.00,3
94.00,97.00,52.00,52.00,105.00,106.00,79.00,70.00,146.00,62.00,3
37.00,34.00,30.00,31.00,25.00,26.00,37.00,46.00,73.00,67.00,3
43.00,54.00,25.00,25.00,38.00,40.00,26.00,66.00,40.00,54.00,3
359.00,353.00,382.00,383.00,497.00,498.00,292.00,521.00,575.00,498.00,3
32.00,35.00,36.00,38.00,53.00,54.00,55.00,72.00,108.00,83.00,3
7.00,15.00,8.00,8.00,11.00,11.00,14.00,22.00,15.00,17.00,3
30.00,29.00,16.00,17.00,28.00,28.00,23.00,23.00,51.00,27.00,3
163.00,160.00,123.00,124.00,115.00,115.00,183.00,145.00,269.00,150.00,3
14.00,13.00,5.00,5.00,12.00,12.00,15.00,12.00,16.00,14.00,3
1596.00,1603.00,1193.00,1193.00,1718.00,1717.00,1110.00,1318.00,1047.00,1098.00,3
10.00,19.00,7.00,7.00,14.00,15.00,7.00,11.00,18.00,8.00,3
295.00,296.00,240.00,242.00,261.00,263.00,192.00,227.00,431.00,238.00,3
102.00,102.00,87.00,88.00,134.00,135.00,56.00,163.00,107.00,199.00,3
295.00,290.00,257.00,257.00,350.00,352.00,600.00,680.00,444.00,456.00,3
75.00,79.00,37.00,38.00,85.00,87.00,46.00,121.00,81.00,127.00,3
59.00,59.00,55.00,57.00,85.00,85.00,72.00,91.00,147.00,79.00,3
225.00,233.00,219.00,220.00,364.00,364.00,233.00,266.00,408.00,300.00,3
28.00,26.00,12.00,12.00,30.00,32.00,44.00,30.00,37.00,26.00,3
44.00,46.00,29.00,29.00,30.00,30.00,46.00,23.00,43.00,30.00,3
53.00,60.00,30.00,32.00,83.00,83.00,52.00,93.00,100.00,93.00,3
38.00,38.00,28.00,30.00,46.00,47.00,33.00,60.00,46.00,87.00,3
288.00,292.00,148.00,150.00,332.00,333.00,505.00,274.00,498.00,315.00,3
27.00,19.00,12.00,13.00,14.00,14.00,25.00,25.00,22.00,23.00,3
20.00,15.00,19.00,19.00,17.00,19.00,20.00,17.00,31.00,21.00,3
12.00,12.00,5.00,5.00,11.00,12.00,12.00,18.00,14.00,20.00,3
15.00,21.00,14.00,15.00,12.00,14.00,11.00,14.00,20.00,15.00,3
39.00,35.00,22.00,24.00,45.00,45.00,29.00,33.00,29.00,49.00,3
322.00,319.00,283.00,284.00,302.00,303.00,430.00,409.00,418.00,450.00,3
18.00,21.00,16.00,16.00,21.00,21.00,31.00,37.00,47.00,31.00,3
225.00,235.00,165.00,165.00,141.00,142.00,210.00,190.00,176.00,153.00,3
47.00,53.00,21.00,23.00,62.00,64.00,62.00,38.00,86.00,35.00,3
311.00,303.00,84.00,86.00,210.00,211.00,355.00,167.00,421.00,224.00,3
4.00,4.00,2.00,2.00,2.00,2.00,2.00,4.00,4.00,3.00,3
6.00,15.00,3.00,4.00,10.00,11.00,4.00,9.00,7.00,10.00,3
125.00,118.00,91.00,91.00,144.00,145.00,182.00,182.00,208.00,155.00,3
70.00,64.00,29.00,29.00,46.00,46.00,43.00,88.00,49.00,91.00,3
93.00,85.00,62.00,64.00,84.00,85.00,184.00,201.00,192.00,172.00,3
90.00,88.00,26.00,26.00,74.00,74.00,71.00,120.00,87.00,120.00,3
54.00,53.00,42.00,42.00,58.00,60.00,95.00,97.00,132.00,116.00,3
57.00,49.00,61.00,63.00,63.00,63.00,44.00,92.00,75.00,71.00,3
23.00,18.00,29.00,29.00,29.00,30.00,38.00,48.00,29.00,41.00,3
17.00,28.00,25.00,25.00,20.00,22.00,22.00,31.00,44.00,37.00,3
77.00,86.00,42.00,43.00,57.00,57.00,92.00,83.00,95.00,73.00,3
13.00,11.00,13.00,13.00,15.00,16.00,14.00,19.00,20.00,25.00,3
23.00,17.00,11.00,11.00,32.00,33.00,23.00,34.00,32.00,27.00,3
55.00,53.00,27.00,29.00,33.00,33.00,19.00,42.00,39.00,47.00,3
75.00,72.00,38.00,39.00,78.00,78.00,95.00,68.00,154.00,97.00,3
54.00,50.00,38.00,39.00,58.00,59.00,62.00,38.00,53.00,47.00,3
25.00,19.00,13.00,13.00,24.00,24.00,28.00,10.00,21.00,16.00,3
38.00,32.00,18.00,18.00,31.00,32.00,35.00,37.00,50.00,35.00,3
32.00,28.00,13.00,13.00,24.00,25.00,18.00,42.00,22.00,35.00,3
40.00,34.00,22.00,23.00,50.00,50.00,56.00,43.00,42.00,45.00,3
86.00,82.00,67.00,67.00,77.00,78.00,43.00,126.00,78.00,96.00,3
96.00,88.00,38.00,38.00,69.00,69.00,74.00,116.00,56.00,140.00,3
34.00,28.00,28.00,29.00,36.00,37.00,38.00,62.00,38.00,58.00,3
15.00,10.00,8.00,10.00,15.00,15.00,4.00,11.00,11.00,15.00,3
269.00,264.00,202.00,203.00,231.00,231.00,342.00,209.00,254.00,161.00,3
38.00,37.00,30.00,30.00,44.00,45.00,51.00,70.00,71.00,65.00,3
26.00,27.00,27.00,27.00,31.00,31.00,33.00,31.00,54.00,42.00,3
194.00,199.00,117.00,118.00,173.00,173.00,169.00,200.00,290.00,252.00,3
28.00,25.00,12.00,12.00,35.00,36.00,35.00,25.00,26.00,32.00,3
3.00,5.00,2.00,2.00,3.00,3.00,3.00,2.00,5.00,3.00,3
25.00,27.00,19.00,19.00,22.00,23.00,38.00,38.00,30.00,50.00,3
77.00,76.00,69.00,69.00,98.00,98.00,133.00,158.00,101.00,133.00,3
117.00,109.00,64.00,64.00,103.00,103.00,71.00,117.00,68.00,100.00,3
28.00,33.00,30.00,30.00,48.00,48.00,44.00,52.00,35.00,41.00,3
105.00,99.00,46.00,48.00,129.00,131.00,133.00,174.00,275.00,203.00,3
8.00,0.00,3.00,3.00,7.00,7.00,7.00,5.00,8.00,8.00,3
27.00,34.00,33.00,33.00,44.00,46.00,56.00,29.00,66.00,34.00,3
62.00,61.00,78.00,79.00,62.00,64.00,92.00,147.00,106.00,105.00,3
11.00,16.00,8.00,8.00,18.00,20.00,15.00,22.00,13.00,20.00,3
35.00,44.00,11.00,11.00,35.00,37.00,24.00,38.00,48.00,44.00,3
7.00,9.00,4.00,5.00,5.00,6.00,6.00,7.00,12.00,10.00,3
118.00,125.00,68.00,68.00,125.00,127.00,138.00,183.00,101.00,162.00,3
42.00,39.00,33.00,34.00,69.00,68.00,43.00,34.00,43.00,40.00,3
588.00,591.00,494.00,494.00,442.00,442.00,236.00,996.00,478.00,668.00,3
27.00,20.00,26.00,26.00,40.00,41.00,26.00,44.00,46.00,45.00,3
337.00,333.00,318.00,319.00,557.00,559.00,269.00,697.00,618.00,520.00,3
65.00,58.00,46.00,46.00,42.00,42.00,45.00,39.00,98.00,55.00,3
86.00,80.00,31.00,31.00,60.00,60.00,89.00,64.00,135.00,45.00,3
25.00,34.00,14.00,16.00,33.00,34.00,31.00,35.00,27.00,35.00,3
73.00,73.00,48.00,48.00,81.00,81.00,57.00,49.00,107.00,62.00,3
58.00,54.00,43.00,43.00,77.00,77.00,47.00,68.00,43.00,55.00,3
92.00,85.00,75.00,76.00,85.00,85.00,186.00,212.00,159.00,156.00,3
218.00,228.00,166.00,166.00,173.00,173.00,269.00,178.00,295.00,196.00,3
71.00,68.00,55.00,56.00,59.00,60.00,37.00,94.00,84.00,100.00,3
30.00,29.00,21.00,22.00,16.00,17.00,22.00,21.00,46.00,25.00,3
71.00,71.00,34.00,35.00,67.00,69.00,71.00,61.00,53.00,85.00,3
48.00,48.00,43.00,45.00,88.00,87.00,58.00,51.00,76.00,61.00,3
247.00,251.00,164.00,164.00,165.00,167.00,242.00,162.00,168.00,154.00,3
29.00,38.00,18.00,18.00,31.00,32.00,38.00,58.00,81.00,60.00,3
33.00,38.00,23.00,24.00,45.00,47.00,42.00,33.00,63.00,36.00,3
147.00,153.00,136.00,138.00,206.00,208.00,177.00,257.00,165.00,249.00,3
180.00,173.00,146.00,146.00,164.00,165.00,362.00,281.00,306.00,232.00,3
199.00,207.00,74.00,75.00,128.00,128.00,280.00,136.00,244.00,127.00,3
141.00,142.00,45.00,45.00,159.00,160.00,175.00,214.00,163.00,153.00,3
209.00,217.00,220.00,220.00,303.00,304.00,425.00,203.00,304.00,231.00,3
135.00,145.00,53.00,54.00,165.00,166.00,125.00,248.00,146.00,203.00,3
175.00,180.00,99.00,99.00,166.00,166.00,162.00,256.00,225.00,207.00,3
49.00,49.00,43.00,44.00,70.00,71.00,92.00,91.00,100.00,64.00,3
15.00,8.00,6.00,8.00,10.00,10.00,9.00,12.00,17.00,16.00,3
5.00,4.00,1.00,1.00,4.00,5.00,4.00,4.00,5.00,4.00,3
99.00,93.00,123.00,125.00,116.00,116.00,115.00,96.00,261.00,111.00,3
147.00,150.00,121.00,123.00,203.00,203.00,96.00,284.00,199.00,193.00,3
13.00,5.00,5.00,7.00,13.00,13.00,9.00,14.00,14.00,23.00,3
11.00,8.00,5.00,6.00,11.00,11.00,13.00,18.00,11.00,16.00,3
228.00,239.00,72.00,73.00,139.00,139.00,166.00,239.00,246.00,215.00,3
52.00,55.00,37.00,37.00,67.00,69.00,45.00,75.00,76.00,66.00,3
33.00,39.00,16.00,16.00,42.00,43.00,33.00,56.00,38.00,43.00,3
14.00,14.00,6.00,6.00,14.00,14.00,10.00,18.00,16.00,17.00,3
31.00,29.00,21.00,21.00,31.00,33.00,33.00,24.00,73.00,23.00,3
3.00,11.00,8.00,8.00,6.00,6.00,6.00,6.00,11.00,11.00,3
330.00,327.00,243.00,244.00,256.00,257.00,485.00,329.00,434.00,429.00,3
54.00,60.00,26.00,28.00,35.00,36.00,46.00,28.00,88.00,35.00,3
656.00,656.00,730.00,732.00,721.00,721.00,1139.00,894.00,840.00,787.00,3
11.00,14.00,3.00,5.00,9.00,11.00,9.00,8.00,19.00,9.00,3
18.00,17.00,20.00,20.00,19.00,19.00,39.00,25.00,31.00,28.00,3
21.00,15.00,6.00,8.00,24.00,26.00,13.00,18.00,21.00,19.00,3
78.00,79.00,54.00,54.00,45.00,47.00,37.00,44.00,72.00,50.00,3
82.00,82.00,55.00,55.00,64.00,66.00,90.00,111.00,105.00,113.00,3
16.00,26.00,14.00,15.00,16.00,16.00,11.00,12.00,14.00,20.00,3
365.00,367.00,285.00,285.00,249.00,250.00,204.00,413.00,390.00,461.00,3
264.00,273.00,186.00,186.00,329.00,329.00,356.00,524.00,277.00,373.00,3
135.00,133.00,69.00,70.00,132.00,132.00,87.00,197.00,125.00,181.00,3
30.00,25.00,19.00,20.00,25.00,25.00,24.00,40.00,43.00,27.00,3
140.00,140.00,121.00,122.00,131.00,131.00,161.00,256.00,252.00,219.00,3
15.00,23.00,9.00,9.00,20.00,20.00,27.00,14.00,25.00,14.00,3
33.00,34.00,43.00,43.00,42.00,42.00,59.00,73.00,102.00,69.00,3
33.00,35.00,18.00,19.00,35.00,36.00,14.00,40.00,28.00,44.00,3
68.00,63.00,46.00,47.00,41.00,41.00,49.00,67.00,106.00,95.00,3
11.00,10.00,7.00,8.00,10.00,10.00,6.00,7.00,11.00,7.00,3
316.00,312.00,270.00,271.00,537.00,537.00,648.00,369.00,658.00,476.00,3
316.00,322.00,96.00,97.00,365.00,368.00,200.00,358.00,220.00,329.00,3
49.00,42.00,40.00,41.00,54.00,54.00,42.00,72.00,35.00,73.00,3
47.00,47.00,17.00,17.00,40.00,40.00,42.00,55.00,67.00,50.00,3
12.00,4.00,6.00,6.00,6.00,7.00,9.00,4.00,10.00,7.00,3
1.00,8.00,2.00,4.00,5.00,6.00,4.00,4.00,6.00,7.00,3
56.00,59.00,40.00,42.00,53.00,54.00,44.00,75.00,37.00,62.00,3
12.00,9.00,4.00,4.00,7.00,7.00,5.00,7.00,9.00,9.00,3
2.00,8.00,2.00,3.00,3.00,5.00,6.00,6.00,10.00,6.00,3
9.00,15.00,13.00,14.00,21.00,22.00,24.00,30.00,29.00,26.00,3
49.00,41.00,36.00,36.00,66.00,67.00,52.00,83.00,66.00,63.00,3
14.00,5.00,5.00,6.00,6.00,8.00,5.00,13.00,8.00,11.00,3
3.00,10.00,7.00,8.00,7.00,8.00,8.00,10.00,12.00,8.00,3
79.00,83.00,72.00,74.00,56.00,58.00,76.00,112.00,163.00,130.00,3
25.00,26.00,11.00,12.00,18.00,19.00,19.00,22.00,18.00,32.00,3
26.00,21.00,22.00,24.00,26.00,27.00,34.00,22.00,49.00,22.00,3
26.00,27.00,13.00,14.00,25.00,25.00,43.00,47.00,46.00,42.00,3
72.00,75.00,90.00,90.00,88.00,90.00,87.00,103.00,95.00,97.00,3
73.00,71.00,98.00,99.00,134.00,135.00,207.00,125.00,144.00,168.00,3
53.00,57.00,45.00,45.00,38.00,40.00,38.00,49.00,62.00,58.00,3
2.00,4.00,2.00,2.00,4.00,5.00,4.00,5.00,6.00,8.00,3
148.00,143.00,103.00,104.00,104.00,106.00,134.00,251.00,107.00,210.00,3
159.00,151.00,65.00,65.00,87.00,87.00,114.00,161.00,96.00,165.00,3
6.00,11.00,6.00,6.00,5.00,6.00,10.00,8.00,12.00,8.00,3
38.00,45.00,41.00,43.00,45.00,46.00,51.00,54.00,111.00,54.00,3
18.00,17.00,7.00,7.00,18.00,19.00,29.00,31.00,25.00,24.00,3
49.00,55.00,39.00,39.00,41.00,41.00,53.00,52.00,71.00,57.00,3
773.00,781.00,635.00,637.00,1183.00,1185.00,698.00,812.00,991.00,682.00,3
12.00,5.00,8.00,9.00,13.00,14.00,12.00,9.00,16.00,11.00,3
229.00,233.00,262.00,263.00,339.00,339.00,513.00,486.00,467.00,424.00,3
19.00,21.00,21.00,21.00,30.00,30.00,16.00,25.00,25.00,21.00,3
4.00,1.00,1.00,3.00,3.00,3.00,1.00,1.00,8.00,3.00,3
45.00,47.00,22.00,23.00,31.00,33.00,19.00,55.00,47.00,75.00,3
39.00,43.00,47.00,48.00,58.00,59.00,81.00,87.00,65.00,70.00,3
9.00,8.00,9.00,9.00,6.00,8.00,14.00,8.00,14.00,6.00,3
45.00,38.00,19.00,21.00,49.00,49.00,44.00,55.00,52.00,40.00,3
37.00,30.00,19.00,19.00,39.00,39.00,41.00,70.00,39.00,56.00,3
5.00,5.00,3.00,3.00,3.00,3.00,3.00,6.00,11.00,5.00,3
85.00,81.00,82.00,82.00,77.00,77.00,95.00,152.00,105.00,212.00,3
15.00,18.00,16.00,16.00,27.00,27.00,26.00,40.00,52.00,36.00,3
163.00,157.00,110.00,111.00,142.00,142.00,140.00,100.00,141.00,149.00,3
189.00,189.00,83.00,83.00,125.00,125.00,181.00,108.00,313.00,116.00,3
25.00,23.00,18.00,18.00,23.00,23.00,29.00,23.00,30.00,18.00,3
42.00,39.00,21.00,21.00,36.00,38.00,48.00,36.00,40.00,39.00,3
35.00,42.00,32.00,32.00,46.00,47.00,59.00,66.00,130.00,61.00,3
33.00,29.00,12.00,12.00,22.00,23.00,16.00,40.00,27.00,30.00,3
48.00,56.00,22.00,22.00,45.00,45.00,38.00,69.00,50.00,67.00,3
35.00,38.00,18.00,18.00,33.00,33.00,37.00,43.00,41.00,30.00,3
18.00,26.00,20.00,22.00,19.00,20.00,15.00,33.00,25.00,43.00,3
101.00,97.00,79.00,81.00,94.00,94.00,105.00,223.00,160.00,165.00,3
227.00,235.00,207.00,209.00,160.00,161.00,384.00,325.00,304.00,244.00,3
38.00,47.00,19.00,21.00,26.00,26.00,25.00,49.00,56.00,66.00,3
9.00,16.00,13.00,13.00,11.00,13.00,11.00,17.00,11.00,28.00,3
68.00,75.00,97.00,98.00,124.00,124.00,150.00,107.00,164.00,142.00,3
75.00,69.00,44.00,44.00,76.00,77.00,62.00,64.00,111.00,58.00,3
113.00,123.00,99.00,99.00,162.00,165.00,133.00,123.00,94.00,133.00,3
4.00,10.00,3.00,4.00,6.00,6.00,4.00,5.00,9.00,8.00,3
2.00,8.00,2.00,2.00,6.00,6.00,3.00,5.00,6.00,8.00,3
152.00,163.00,93.00,95.00,133.00,134.00,174.00,266.00,224.00,210.00,3
6.00,10.00,3.00,5.00,6.00,8.00,11.00,11.00,21.00,11.00,3
39.00,32.00,34.00,34.00,32.00,32.00,49.00,32.00,54.00,29.00,3
9.00,11.00,9.00,11.00,15.00,15.00,8.00,11.00,18.00,9.00,3
13.00,21.00,16.00,16.00,30.00,31.00,19.00,26.00,23.00,24.00,3
8.00,15.00,9.00,9.00,9.00,9.00,9.00,12.00,17.00,12.00,3
32.00,26.00,18.00,20.00,32.00,32.00,26.00,23.00,47.00,26.00,3
37.00,43.00,29.00,29.00,30.00,32.00,21.00,43.00,37.00,42.00,3
63.00,72.00,56.00,57.00,41.00,41.00,53.00,73.00,109.00,97.00,3
9.00,11.00,8.00,8.00,15.00,17.00,22.00,9.00,18.00,14.00,3
110.00,110.00,29.00,30.00,90.00,90.00,114.00,108.00,128.00,153.00,3
55.00,58.00,25.00,25.00,69.00,70.00,61.00,93.00,63.00,85.00,3
25.00,15.00,20.00,22.00,22.00,22.00,18.00,32.00,27.00,24.00,3
107.00,104.00,56.00,56.00,193.00,195.00,160.00,200.00,360.00,216.00,3
62.00,71.00,36.00,38.00,81.00,83.00,71.00,73.00,110.00,71.00,3
27.00,27.00,13.00,15.00,25.00,25.00,28.00,28.00,29.00,31.00,3
58.00,69.00,63.00,64.00,78.00,78.00,52.00,122.00,66.00,102.00,3
56.00,62.00,42.00,43.00,60.00,62.00,89.00,79.00,108.00,90.00,3
8.00,9.00,6.00,6.00,4.00,4.00,4.00,7.00,9.00,6.00,3
138.00,145.00,60.00,60.00,145.00,145.00,174.00,164.00,170.00,207.00,3
326.00,323.00,123.00,123.00,431.00,431.00,244.00,458.00,201.00,322.00,3
41.00,44.00,18.00,18.00,29.00,29.00,31.00,55.00,29.00,68.00,3
21.00,20.00,12.00,12.00,20.00,21.00,25.00,21.00,25.00,29.00,3
46.00,54.00,30.00,30.00,42.00,43.00,35.00,54.00,56.00,53.00,3
69.00,67.00,59.00,59.00,97.00,99.00,106.00,106.00,159.00,86.00,3
39.00,31.00,18.00,19.00,35.00,35.00,80.00,49.00,55.00,50.00,3
18.00,16.00,9.00,9.00,18.00,18.00,17.00,22.00,20.00,17.00,3
19.00,9.00,9.00,11.00,9.00,9.00,12.00,11.00,12.00,11.00,3
51.00,54.00,65.00,65.00,54.00,55.00,57.00,102.00,88.00,82.00,3
53.00,61.00,36.00,38.00,56.00,58.00,42.00,55.00,50.00,63.00,3
94.00,88.00,55.00,56.00,65.00,65.00,99.00,71.00,88.00,105.00,3
90.00,97.00,82.00,82.00,94.00,94.00,91.00,171.00,171.00,150.00,3
8.00,9.00,8.00,9.00,8.00,9.00,8.00,14.00,11.00,17.00,3
165.00,166.00,138.00,140.00,223.00,223.00,310.00,198.00,290.00,166.00,3
44.00,47.00,19.00,19.00,38.00,38.00,19.00,71.00,43.00,54.00,3
45.00,39.00,14.00,16.00,41.00,41.00,29.00,26.00,46.00,27.00,3
5.00,5.00,2.00,3.00,3.00,5.00,3.00,7.00,7.00,10.00,3
14.00,6.00,8.00,9.00,10.00,10.00,14.00,15.00,19.00,24.00,3
8.00,12.00,4.00,5.00,8.00,10.00,12.00,11.00,13.00,10.00,3
168.00,177.00,113.00,113.00,141.00,143.00,103.00,146.00,106.00,195.00,3
39.00,38.00,23.00,24.00,49.00,49.00,61.00,41.00,54.00,35.00,3
14.00,6.00,3.00,5.00,5.00,6.00,6.00,8.00,11.00,13.00,3
6.00,17.00,14.00,14.00,11.00,11.00,14.00,14.00,19.00,16.00,3
6.00,10.00,8.00,8.00,6.00,6.00,15.00,11.00,11.00,19.00,3
99.00,99.00,76.00,77.00,128.00,130.00,136.00,140.00,181.00,96.00,3
14.00,13.00,16.00,16.00,17.00,17.00,27.00,20.00,19.00,20.00,3
48.00,56.00,20.00,21.00,45.00,47.00,69.00,61.00,52.00,56.00,3
1.00,9.00,4.00,4.00,5.00,5.00,4.00,3.00,7.00,5.00,3
93.00,98.00,64.00,66.00,104.00,105.00,98.00,134.00,105.00,112.00,3
155.00,154.00,172.00,172.00,138.00,138.00,159.00,247.00,223.00,274.00,3
17.00,12.00,11.00,11.00,15.00,16.00,13.00,12.00,17.00,13.00,3
120.00,126.00,82.00,82.00,183.00,185.00,187.00,237.00,222.00,286.00,3
115.00,114.00,49.00,50.00,98.00,99.00,62.00,83.00,135.00,90.00,3
30.00,33.00,17.00,17.00,33.00,33.00,49.00,31.00,67.00,31.00,3
95.00,103.00,46.00,46.00,75.00,75.00,79.00,87.00,70.00,116.00,3
53.00,59.00,52.00,52.00,61.00,62.00,87.00,113.00,125.00,81.00,3
29.00,33.00,29.00,31.00,27.00,28.00,57.00,44.00,80.00,56.00,3
112.00,119.00,77.00,78.00,114.00,115.00,119.00,122.00,185.00,148.00,3
3.00,11.00,3.00,3.00,10.00,10.00,8.00,10.00,11.00,10.00,3
28.00,25.00,30.00,31.00,22.00,23.00,31.00,51.00,41.00,49.00,3
33.00,32.00,19.00,20.00,30.00,30.00,24.00,38.00,46.00,37.00,3
10.00,18.00,18.00,20.00,25.00,26.00,24.00,31.00,21.00,30.00,3
21.00,24.00,15.00,17.00,27.00,29.00,11.00,36.00,24.00,26.00,3
99.00,96.00,41.00,41.00,104.00,104.00,69.00,110.00,125.00,107.00,3
31.00,35.00,22.00,22.00,49.00,49.00,55.00,26.00,74.00,31.00,3
118.00,114.00,132.00,132.00,189.00,189.00,193.00,276.00,207.00,221.00,3
211.00,211.00,73.00,74.00,129.00,129.00,279.00,240.00,281.00,205.00,3
34.00,39.00,26.00,26.00,47.00,48.00,54.00,39.00,39.00,33.00,3
2.00,6.00,0.00,2.00,2.00,4.00,0.00,0.00,4.00,4.00,3
67.00,72.00,32.00,32.00,74.00,74.00,62.00,99.00,104.00,119.00,3
10.00,12.00,12.00,12.00,17.00,17.00,20.00,12.00,18.00,19.00,3
63.00,70.00,43.00,43.00,86.00,86.00,42.00,52.00,65.00,70.00,3
110.00,118.00,46.00,48.00,74.00,76.00,64.00,85.00,91.00,106.00,3
17.00,9.00,14.00,14.00,13.00,13.00,20.00,19.00,19.00,21.00,3
27.00,39.00,16.00,18.00,32.00,34.00,32.00,31.00,49.00,39.00,3
21.00,12.00,5.00,5.00,10.00,12.00,12.00,9.00,12.00,12.00,3
44.00,47.00,33.00,34.00,69.00,72.00,47.00,37.00,66.00,49.00,3
13.00,6.00,8.00,10.00,6.00,8.00,5.00,8.00,11.00,14.00,3
7.00,0.00,1.00,3.00,3.00,3.00,4.00,1.00,4.00,4.00,3
28.00,20.00,12.00,12.00,13.00,15.00,12.00,29.00,12.00,33.00,3
184.00,183.00,88.00,89.00,164.00,165.00,190.00,203.00,238.00,248.00,3
55.00,62.00,25.00,26.00,52.00,52.00,38.00,82.00,64.00,61.00,3
24.00,19.00,13.00,13.00,23.00,24.00,30.00,30.00,62.00,42.00,3
61.00,70.00,59.00,59.00,64.00,64.00,106.00,95.00,107.00,79.00,3
9.00,20.00,6.00,8.00,17.00,17.00,8.00,8.00,14.00,12.00,3
53.00,57.00,76.00,77.00,103.00,103.00,100.00,139.00,73.00,122.00,3
48.00,42.00,20.00,22.00,29.00,29.00,24.00,55.00,37.00,53.00,3
41.00,44.00,28.00,28.00,36.00,38.00,50.00,40.00,39.00,45.00,3
36.00,30.00,19.00,20.00,36.00,38.00,25.00,42.00,58.00,53.00,3
67.00,61.00,33.00,33.00,64.00,65.00,52.00,57.00,50.00,39.00,3
58.00,67.00,74.00,75.00,94.00,94.00,93.00,81.00,63.00,90.00,3
20.00,24.00,18.00,19.00,23.00,24.00,27.00,27.00,23.00,29.00,3
73.00,73.00,80.00,81.00,96.00,97.00,107.00,136.00,139.00,131.00,3
33.00,35.00,29.00,30.00,38.00,38.00,38.00,56.00,41.00,39.00,3
27.00,35.00,26.00,26.00,31.00,31.00,12.00,40.00,27.00,37.00,3
202.00,194.00,114.00,114.00,170.00,171.00,69.00,185.00,141.00,222.00,3
18.00,23.00,11.00,13.00,31.00,31.00,23.00,30.00,29.00,26.00,3
45.00,38.00,48.00,50.00,56.00,58.00,28.00,38.00,64.00,41.00,3
35.00,37.00,18.00,19.00,42.00,42.00,40.00,52.00,55.00,44.00,3
76.00,72.00,53.00,53.00,47.00,47.00,50.00,85.00,47.00,125.00,3
44.00,49.00,26.00,28.00,57.00,57.00,28.00,50.00,55.00,42.00,3
27.00,18.00,14.00,15.00,25.00,27.00,35.00,27.00,46.00,27.00,3
14.00,14.00,9.00,10.00,12.00,13.00,8.00,20.00,8.00,16.00,3
106.00,101.00,86.00,87.00,94.00,94.00,84.00,168.00,85.00,120.00,3
192.00,201.00,98.00,98.00,135.00,137.00,114.00,153.00,213.00,158.00,3
20.00,27.00,14.00,16.00,28.00,30.00,16.00,28.00,38.00,27.00,3
2.00,2.00,2.00,2.00,2.00,2.00,0.00,2.00,3.00,3.00,3
37.00,34.00,46.00,46.00,57.00,57.00,53.00,62.00,85.00,80.00,3
56.00,54.00,32.00,32.00,59.00,59.00,46.00,59.00,101.00,85.00,3
21.00,29.00,29.00,30.00,44.00,45.00,39.00,36.00,39.00,32.00,3
39.00,46.00,41.00,41.00,50.00,50.00,72.00,87.00,80.00,100.00,3
37.00,31.00,19.00,20.00,31.00,31.00,19.00,45.00,24.00,61.00,3
3.00,9.00,3.00,5.00,7.00,9.00,3.00,7.00,9.00,9.00,3
8.00,18.00,6.00,6.00,8.00,8.00,13.00,10.00,15.00,14.00,3
17.00,23.00,12.00,12.00,17.00,17.00,14.00,31.00,18.00,26.00,3
127.00,126.00,86.00,86.00,96.00,96.00,140.00,128.00,120.00,109.00,3
60.00,54.00,53.00,53.00,46.00,46.00,67.00,42.00,111.00,37.00,3
101.00,111.00,134.00,136.00,102.00,104.00,122.00,190.00,170.00,190.00,3
75.00,80.00,58.00,58.00,77.00,79.00,91.00,53.00,98.00,69.00,3
84.00,76.00,33.00,33.00,46.00,48.00,63.00,93.00,137.00,90.00,3
73.00,77.00,63.00,63.00,140.00,140.00,65.00,132.00,140.00,135.00,3
14.00,17.00,12.00,12.00,20.00,21.00,17.00,12.00,22.00,12.00,3
27.00,33.00,19.00,19.00,24.00,24.00,25.00,21.00,21.00,16.00,3
7.00,14.00,7.00,7.00,11.00,13.00,9.00,21.00,14.00,20.00,3
16.00,20.00,6.00,6.00,12.00,12.00,10.00,12.00,14.00,12.00,3
8.00,7.00,4.00,6.00,4.00,6.00,6.00,4.00,7.00,7.00,3
155.00,149.00,71.00,72.00,144.00,145.00,129.00,101.00,119.00,101.00,3
16.00,7.00,4.00,6.00,7.00,7.00,10.00,7.00,19.00,10.00,3
0.00,5.00,2.00,2.00,2.00,2.00,2.00,3.00,5.00,3.00,3
8.00,4.00,4.00,4.00,5.00,5.00,4.00,7.00,5.00,7.00,3
36.00,45.00,26.00,28.00,41.00,41.00,59.00,84.00,76.00,66.00,3
23.00,28.00,22.00,23.00,26.00,28.00,28.00,21.00,42.00,19.00,3
0.00,12.00,3.00,4.00,6.00,6.00,3.00,7.00,7.00,10.00,3
14.00,14.00,6.00,8.00,8.00,8.00,14.00,13.00,14.00,14.00,3
80.00,80.00,62.00,64.00,144.00,143.00,100.00,62.00,127.00,91.00,3
214.00,220.00,152.00,152.00,269.00,270.00,290.00,337.00,348.00,328.00,3
56.00,56.00,50.00,50.00,51.00,51.00,71.00,69.00,63.00,98.00,3
28.00,34.00,25.00,25.00,28.00,29.00,23.00,47.00,19.00,34.00,3
20.00,20.00,14.00,14.00,19.00,20.00,25.00,34.00,27.00,26.00,3
58.00,66.00,50.00,51.00,73.00,73.00,53.00,63.00,122.00,79.00,3
53.00,53.00,31.00,31.00,80.00,80.00,52.00,126.00,93.00,91.00,3
40.00,44.00,26.00,26.00,47.00,47.00,53.00,43.00,45.00,61.00,3
86.00,94.00,74.00,74.00,91.00,92.00,113.00,46.00,109.00,65.00,3
29.00,30.00,13.00,14.00,39.00,40.00,22.00,38.00,25.00,29.00,3
101.00,105.00,76.00,76.00,97.00,97.00,105.00,72.00,148.00,68.00,3
75.00,71.00,53.00,54.00,92.00,93.00,103.00,119.00,88.00,81.00,3
38.00,42.00,22.00,22.00,30.00,30.00,33.00,22.00,57.00,26.00,3
5.00,16.00,11.00,13.00,10.00,11.00,21.00,8.00,19.00,11.00,3
51.00,47.00,25.00,27.00,37.00,38.00,71.00,49.00,60.00,48.00,3
28.00,28.00,8.00,8.00,30.00,30.00,36.00,39.00,33.00,30.00,3
7.00,7.00,6.00,6.00,4.00,4.00,6.00,4.00,14.00,6.00,3
37.00,37.00,13.00,15.00,29.00,29.00,32.00,57.00,39.00,53.00,3
25.00,31.00,10.00,12.00,31.00,32.00,35.00,38.00,35.00,38.00,3
74.00,69.00,53.00,53.00,56.00,57.00,50.00,47.00,110.00,50.00,3
31.00,27.00,23.00,24.00,26.00,27.00,38.00,34.00,40.00,41.00,3
5.00,9.00,5.00,5.00,8.00,9.00,8.00,10.00,16.00,12.00,3
7.00,13.00,9.00,9.00,10.00,12.00,13.00,14.00,27.00,16.00,3
74.00,83.00,61.00,61.00,53.00,53.00,91.00,91.00,70.00,121.00,3
1035.00,1026.00,491.00,491.00,991.00,991.00,1094.00,520.00,952.00,775.00,3
169.00,172.00,122.00,123.00,109.00,110.00,188.00,214.00,173.00,228.00,3
545.00,538.00,247.00,249.00,580.00,582.00,371.00,906.00,607.00,708.00,3
34.00,42.00,28.00,28.00,34.00,36.00,23.00,21.00,50.00,23.00,3
109.00,115.00,60.00,61.00,168.00,170.00,101.00,197.00,199.00,237.00,3
66.00,66.00,43.00,43.00,68.00,69.00,76.00,103.00,109.00,74.00,3
49.00,50.00,24.00,24.00,38.00,38.00,50.00,53.00,40.00,47.00,3
72.00,66.00,78.00,78.00,107.00,107.00,139.00,123.00,151.00,139.00,3
8.00,16.00,10.00,10.00,11.00,13.00,16.00,14.00,29.00,16.00,3
4.00,3.00,2.00,2.00,5.00,6.00,2.00,3.00,5.00,5.00,3
157.00,163.00,54.00,56.00,117.00,117.00,110.00,200.00,79.00,176.00,3
9.00,9.00,6.00,7.00,9.00,10.00,10.00,9.00,23.00,7.00,3
136.00,133.00,102.00,103.00,175.00,175.00,143.00,241.00,303.00,260.00,3
94.00,101.00,84.00,86.00,64.00,64.00,142.00,106.00,115.00,78.00,3
105.00,111.00,40.00,40.00,114.00,115.00,98.00,66.00,84.00,66.00,3
349.00,344.00,202.00,202.00,524.00,524.00,570.00,329.00,388.00,298.00,3
381.00,382.00,220.00,221.00,423.00,423.00,564.00,525.00,600.00,513.00,3
17.00,18.00,14.00,15.00,28.00,29.00,18.00,14.00,39.00,15.00,3
107.00,112.00,64.00,64.00,69.00,70.00,100.00,105.00,165.00,75.00,3
40.00,34.00,19.00,19.00,47.00,47.00,43.00,66.00,45.00,93.00,3
229.00,233.00,74.00,74.00,188.00,188.00,177.00,254.00,370.00,251.00,3
228.00,230.00,171.00,171.00,238.00,239.00,332.00,327.00,589.00,455.00,3
15.00,5.00,9.00,11.00,6.00,8.00,8.00,8.00,11.00,9.00,3
12.00,23.00,8.00,9.00,26.00,26.00,30.00,27.00,32.00,20.00,3
142.00,148.00,102.00,102.00,149.00,149.00,72.00,172.00,134.00,205.00,3
0.00,11.00,3.00,3.00,1.00,3.00,3.00,3.00,7.00,3.00,3
85.00,92.00,74.00,75.00,94.00,94.00,60.00,122.00,78.00,140.00,3
54.00,50.00,35.00,35.00,47.00,49.00,38.00,45.00,27.00,33.00,3
20.00,18.00,17.00,17.00,13.00,15.00,11.00,20.00,20.00,26.00,3
7.00,10.00,5.00,7.00,9.00,9.00,7.00,9.00,14.00,11.00,3
16.00,23.00,7.00,7.00,19.00,20.00,12.00,19.00,19.00,27.00,3
53.00,47.00,18.00,19.00,64.00,65.00,81.00,46.00,59.00,43.00,3
18.00,11.00,8.00,9.00,14.00,14.00,15.00,12.00,20.00,14.00,3
28.00,20.00,24.00,26.00,28.00,30.00,30.00,60.00,69.00,43.00,3
8.00,16.00,13.00,14.00,16.00,16.00,15.00,10.00,27.00,16.00,3
98.00,107.00,55.00,56.00,61.00,62.00,79.00,64.00,122.00,62.00,3
38.00,37.00,33.00,33.00,43.00,44.00,38.00,50.00,27.00,56.00,3
60.00,67.00,21.00,23.00,43.00,43.00,52.00,94.00,60.00,71.00,3
57.00,64.00,35.00,35.00,35.00,36.00,93.00,64.00,64.00,59.00,3
17.00,12.00,6.00,7.00,18.00,18.00,17.00,19.00,12.00,18.00,3
238.00,246.00,143.00,143.00,294.00,294.00,316.00,261.00,258.00,259.00,3
32.00,33.00,16.00,16.00,34.00,34.00,26.00,55.00,62.00,67.00,3
24.00,32.00,18.00,18.00,22.00,24.00,34.00,53.00,42.00,61.00,3
0.00,1.00,2.00,2.00,2.00,3.00,2.00,2.00,3.00,3.00,3
34.00,26.00,39.00,39.00,30.00,32.00,71.00,36.00,55.00,46.00,3
293.00,295.00,330.00,330.00,365.00,366.00,575.00,406.00,636.00,280.00,3
76.00,71.00,20.00,21.00,64.00,64.00,59.00,82.00,104.00,70.00,3
60.00,61.00,56.00,56.00,80.00,81.00,77.00,65.00,78.00,77.00,3
58.00,53.00,31.00,33.00,38.00,39.00,90.00,76.00,83.00,83.00,3
77.00,76.00,31.00,31.00,94.00,94.00,39.00,71.00,65.00,85.00,3
183.00,195.00,79.00,79.00,123.00,125.00,80.00,145.00,183.00,168.00,3
193.00,197.00,99.00,99.00,322.00,324.00,375.00,342.00,256.00,288.00,3
398.00,403.00,176.00,176.00,417.00,419.00,704.00,488.00,533.00,350.00,3
163.00,167.00,97.00,97.00,100.00,101.00,92.00,121.00,151.00,158.00,3
163.00,163.00,64.00,64.00,145.00,145.00,156.00,116.00,289.00,114.00,3
29.00,30.00,17.00,18.00,39.00,41.00,49.00,28.00,33.00,29.00,3
16.00,20.00,13.00,15.00,25.00,26.00,25.00,46.00,28.00,32.00,3
10.00,7.00,7.00,7.00,8.00,10.00,6.00,8.00,8.00,11.00,3
6.00,6.00,4.00,4.00,6.00,6.00,2.00,6.00,6.00,7.00,3
7.00,13.00,8.00,10.00,11.00,13.00,11.00,22.00,18.00,20.00,3
2.00,5.00,2.00,3.00,5.00,6.00,3.00,2.00,5.00,5.00,3
73.00,68.00,64.00,64.00,100.00,101.00,125.00,121.00,163.00,94.00,3
57.00,51.00,20.00,22.00,66.00,68.00,42.00,59.00,39.00,46.00,3
15.00,19.00,17.00,18.00,17.00,18.00,17.00,27.00,33.00,26.00,3
151.00,145.00,117.00,117.00,129.00,130.00,148.00,224.00,259.00,193.00,3
18.00,13.00,14.00,16.00,16.00,18.00,31.00,19.00,26.00,18.00,3
50.00,53.00,34.00,34.00,35.00,36.00,89.00,86.00,74.00,74.00,3
178.00,185.00,50.00,51.00,102.00,104.00,131.00,209.00,136.00,251.00,3
551.00,555.00,252.00,253.00,317.00,318.00,661.00,573.00,507.00,748.00,3
36.00,44.00,19.00,19.00,36.00,36.00,45.00,45.00,41.00,57.00,3
15.00,7.00,4.00,5.00,5.00,5.00,8.00,9.00,8.00,14.00,3
137.00,135.00,118.00,119.00,146.00,147.00,222.00,269.00,194.00,203.00,3
80.00,73.00,39.00,39.00,50.00,52.00,94.00,49.00,115.00,46.00,3
18.00,18.00,15.00,17.00,21.00,21.00,17.00,12.00,17.00,18.00,3
2206.00,2215.00,1292.00,1292.00,2726.00,2726.00,2424.00,4375.00,3579.00,4258.00,3
80.00,79.00,42.00,43.00,74.00,76.00,67.00,66.00,67.00,92.00,3
40.00,37.00,11.00,11.00,43.00,43.00,29.00,29.00,60.00,21.00,3
61.00,67.00,60.00,60.00,72.00,72.00,74.00,51.00,138.00,68.00,3
7.00,12.00,9.00,9.00,12.00,12.00,7.00,13.00,18.00,21.00,3
11.00,11.00,7.00,8.00,14.00,14.00,13.00,16.00,25.00,17.00,3
20.00,18.00,16.00,16.00,13.00,14.00,14.00,24.00,13.00,30.00,3
15.00,20.00,10.00,11.00,10.00,10.00,19.00,18.00,19.00,24.00,3
102.00,107.00,58.00,58.00,113.00,113.00,90.00,123.00,130.00,90.00,3
7.00,7.00,2.00,3.00,5.00,7.00,5.00,10.00,7.00,9.00,3
3.00,12.00,4.00,5.00,14.00,14.00,12.00,12.00,17.00,11.00,3
90.00,94.00,69.00,71.00,104.00,104.00,109.00,75.00,230.00,101.00,3
248.00,254.00,159.00,159.00,231.00,231.00,217.00,157.00,229.00,114.00,3
11.00,12.00,6.00,7.00,11.00,12.00,10.00,7.00,15.00,8.00,3
56.00,61.00,28.00,28.00,42.00,44.00,49.00,80.00,38.00,55.00,3
124.00,126.00,53.00,53.00,115.00,116.00,167.00,145.00,156.00,126.00,3
178.00,186.00,87.00,87.00,117.00,117.00,157.00,170.00,119.00,200.00,3
256.00,256.00,94.00,94.00,246.00,248.00,316.00,291.00,261.00,353.00,3
8.00,10.00,4.00,5.00,9.00,10.00,6.00,6.00,16.00,6.00,3
217.00,221.00,77.00,77.00,201.00,201.00,116.00,299.00,235.00,243.00,3
9.00,12.00,14.00,15.00,15.00,16.00,24.00,21.00,24.00,23.00,3
7.00,0.00,3.00,4.00,3.00,3.00,6.00,4.00,6.00,4.00,3
51.00,58.00,16.00,16.00,51.00,52.00,47.00,42.00,84.00,48.00,3
5.00,3.00,2.00,3.00,5.00,7.00,2.00,3.00,7.00,5.00,3
515.00,520.00,298.00,300.00,509.00,509.00,582.00,413.00,420.00,541.00,3
139.00,139.00,85.00,85.00,118.00,119.00,99.00,151.00,232.00,130.00,3
17.00,20.00,17.00,19.00,24.00,25.00,12.00,25.00,28.00,20.00,3
110.00,109.00,72.00,72.00,136.00,136.00,89.00,95.00,68.00,140.00,3
80.00,86.00,112.00,113.00,119.00,119.00,109.00,100.00,173.00,109.00,3
93.00,102.00,53.00,55.00,142.00,142.00,131.00,142.00,163.00,184.00,3
10.00,3.00,5.00,5.00,5.00,5.00,3.00,5.00,10.00,5.00,3
8.00,3.00,3.00,4.00,6.00,6.00,5.00,4.00,10.00,5.00,3
49.00,49.00,40.00,40.00,37.00,37.00,50.00,47.00,84.00,40.00,3
19.00,21.00,13.00,14.00,17.00,17.00,23.00,20.00,19.00,20.00,3
81.00,83.00,88.00,90.00,104.00,104.00,100.00,100.00,147.00,144.00,3
15.00,16.00,10.00,10.00,18.00,19.00,25.00,28.00,23.00,28.00,3
64.00,69.00,43.00,44.00,57.00,57.00,64.00,81.00,47.00,120.00,3
4.00,0.00,2.00,2.00,3.00,5.00,2.00,0.00,5.00,3.00,3
15.00,20.00,13.00,15.00,15.00,16.00,15.00,16.00,11.00,22.00,3
216.00,216.00,143.00,143.00,187.00,187.00,183.00,266.00,356.00,279.00,3
86.00,94.00,94.00,96.00,114.00,115.00,138.00,96.00,194.00,96.00,3
3.00,6.00,1.00,3.00,1.00,3.00,4.00,4.00,5.00,5.00,3
71.00,64.00,90.00,90.00,124.00,125.00,88.00,65.00,165.00,79.00,3
80.00,85.00,31.00,31.00,96.00,96.00,63.00,76.00,92.00,84.00,3
11.00,20.00,20.00,20.00,22.00,22.00,17.00,14.00,35.00,13.00,3
27.00,32.00,30.00,31.00,40.00,40.00,52.00,31.00,40.00,43.00,3
44.00,38.00,28.00,29.00,28.00,28.00,32.00,34.00,28.00,35.00,3
36.00,44.00,26.00,27.00,47.00,48.00,72.00,69.00,113.00,50.00,3
44.00,36.00,33.00,34.00,35.00,36.00,64.00,85.00,111.00,87.00,3
326.00,329.00,293.00,294.00,430.00,429.00,167.00,294.00,333.00,401.00,3
57.00,55.00,26.00,27.00,42.00,42.00,67.00,63.00,80.00,86.00,3
21.00,18.00,25.00,24.00,19.00,21.00,13.00,23.00,19.00,21.00,3
179.00,173.00,64.00,64.00,205.00,207.00,204.00,254.00,316.00,224.00,3
29.00,40.00,21.00,21.00,44.00,46.00,52.00,25.00,37.00,28.00,3
34.00,29.00,23.00,23.00,36.00,36.00,43.00,49.00,39.00,45.00,3
19.00,24.00,11.00,11.00,31.00,32.00,37.00,20.00,37.00,17.00,3
71.00,65.00,46.00,47.00,68.00,70.00,41.00,61.00,47.00,68.00,3
12.00,18.00,10.00,11.00,13.00,15.00,13.00,10.00,21.00,11.00,3
44.00,42.00,25.00,25.00,45.00,47.00,17.00,32.00,41.00,41.00,3
1114.00,1116.00,545.00,545.00,1350.00,1350.00,1373.00,800.00,1826.00,788.00,3
8.00,11.00,4.00,4.00,7.00,7.00,7.00,8.00,15.00,12.00,3
102.00,100.00,50.00,50.00,89.00,89.00,99.00,101.00,139.00,85.00,3
175.00,178.00,107.00,108.00,158.00,158.00,127.00,116.00,129.00,112.00,3
5.00,12.00,8.00,8.00,8.00,9.00,11.00,11.00,9.00,13.00,3
262.00,255.00,110.00,110.00,218.00,219.00,239.00,310.00,186.00,327.00,3
55.00,58.00,24.00,25.00,65.00,65.00,43.00,67.00,62.00,58.00,3
71.00,76.00,52.00,54.00,107.00,107.00,76.00,154.00,82.00,151.00,3
33.00,27.00,33.00,33.00,38.00,38.00,43.00,48.00,70.00,43.00,3
235.00,247.00,178.00,180.00,306.00,308.00,273.00,244.00,368.00,207.00,3
119.00,121.00,45.00,45.00,141.00,141.00,80.00,76.00,100.00,91.00,3
77.00,88.00,24.00,25.00,43.00,43.00,27.00,86.00,61.00,109.00,3
32.00,31.00,24.00,24.00,36.00,37.00,23.00,34.00,28.00,41.00,3
3.00,10.00,3.00,5.00,3.00,3.00,3.00,5.00,5.00,6.00,3
23.00,19.00,6.00,7.00,22.00,23.00,17.00,19.00,39.00,23.00,3
15.00,13.00,9.00,10.00,13.00,15.00,15.00,21.00,19.00,18.00,3
21.00,17.00,8.00,8.00,22.00,24.00,22.00,28.00,37.00,28.00,3
12.00,5.00,3.00,4.00,11.00,11.00,13.00,5.00,11.00,9.00,3
64.00,66.00,80.00,82.00,71.00,73.00,53.00,80.00,76.00,71.00,3
5.00,0.00,1.00,1.00,1.00,1.00,0.00,1.00,4.00,2.00,3
212.00,205.00,85.00,85.00,123.00,123.00,233.00,209.00,247.00,234.00,3
165.00,167.00,133.00,133.00,256.00,256.00,268.00,161.00,233.00,127.00,3
95.00,91.00,59.00,60.00,58.00,59.00,70.00,110.00,95.00,85.00,3
18.00,17.00,15.00,16.00,11.00,11.00,11.00,21.00,20.00,30.00,3
100.00,94.00,58.00,59.00,99.00,100.00,143.00,87.00,104.00,132.00,3
17.00,20.00,12.00,12.00,10.00,11.00,22.00,21.00,24.00,20.00,3
306.00,309.00,124.00,124.00,214.00,214.00,193.00,198.00,299.00,209.00,3
6.00,7.00,3.00,4.00,6.00,7.00,4.00,6.00,10.00,7.00,3
124.00,130.00,113.00,113.00,173.00,174.00,244.00,198.00,174.00,285.00,3
99.00,105.00,105.00,105.00,121.00,121.00,158.00,66.00,107.00,91.00,3
31.00,25.00,13.00,15.00,31.00,31.00,27.00,16.00,27.00,20.00,3
5.00,12.00,7.00,8.00,9.00,9.00,9.00,8.00,18.00,9.00,3
407.00,401.00,308.00,309.00,402.00,404.00,440.00,298.00,396.00,206.00,3
398.00,394.00,357.00,359.00,517.00,519.00,524.00,442.00,537.00,466.00,3
51.00,61.00,16.00,17.00,46.00,46.00,73.00,42.00,57.00,58.00,3
168.00,176.00,175.00,176.00,240.00,241.00,118.00,282.00,202.00,198.00,3
10.00,6.00,6.00,6.00,9.00,10.00,8.00,10.00,16.00,12.00,3
192.00,187.00,128.00,129.00,117.00,118.00,229.00,174.00,190.00,148.00,3
5.00,7.00,3.00,4.00,5.00,7.00,3.00,7.00,7.00,7.00,3
25.00,25.00,11.00,11.00,25.00,28.00,13.00,25.00,27.00,20.00,3
42.00,50.00,31.00,31.00,43.00,43.00,46.00,31.00,58.00,43.00,3
10.00,5.00,3.00,3.00,5.00,6.00,8.00,3.00,8.00,8.00,3
3.00,6.00,3.00,3.00,4.00,4.00,3.00,4.00,3.00,9.00,3
79.00,81.00,23.00,23.00,53.00,53.00,75.00,81.00,90.00,58.00,3
22.00,16.00,4.00,5.00,10.00,10.00,14.00,22.00,29.00,17.00,3
84.00,86.00,112.00,113.00,116.00,117.00,117.00,154.00,152.00,187.00,3
24.00,35.00,24.00,26.00,42.00,43.00,40.00,46.00,37.00,38.00,3
272.00,275.00,211.00,211.00,267.00,268.00,286.00,206.00,312.00,282.00,3
64.00,64.00,38.00,38.00,46.00,46.00,42.00,52.00,43.00,56.00,3
21.00,29.00,21.00,22.00,45.00,46.00,39.00,43.00,55.00,35.00,3
16.00,14.00,10.00,10.00,15.00,15.00,8.00,15.00,9.00,25.00,3
37.00,33.00,14.00,15.00,50.00,50.00,38.00,37.00,76.00,45.00,3
31.00,37.00,36.00,37.00,49.00,50.00,72.00,81.00,56.00,67.00,3
6.00,6.00,4.00,4.00,6.00,8.00,5.00,5.00,11.00,6.00,3
54.00,53.00,36.00,37.00,39.00,40.00,45.00,71.00,64.00,51.00,3
92.00,91.00,38.00,39.00,96.00,96.00,84.00,68.00,150.00,101.00,3
58.00,61.00,35.00,35.00,39.00,40.00,84.00,56.00,88.00,52.00,3
46.00,50.00,26.00,26.00,32.00,33.00,24.00,70.00,49.00,65.00,3
33.00,37.00,25.00,26.00,28.00,28.00,38.00,52.00,58.00,53.00,3
11.00,7.00,6.00,6.00,13.00,13.00,11.00,11.00,10.00,18.00,3
23.00,16.00,11.00,12.00,23.00,24.00,27.00,28.00,37.00,29.00,3
3.00,10.00,2.00,3.00,3.00,5.00,2.00,3.00,7.00,7.00,3
406.00,402.00,387.00,388.00,532.00,532.00,528.00,550.00,604.00,582.00,3
15.00,15.00,10.00,10.00,21.00,21.00,18.00,16.00,23.00,16.00,3
17.00,17.00,18.00,19.00,26.00,26.00,23.00,26.00,39.00,36.00,3
110.00,107.00,51.00,51.00,75.00,75.00,197.00,190.00,139.00,147.00,3
53.00,55.00,22.00,23.00,61.00,62.00,31.00,36.00,58.00,52.00,3
51.00,44.00,25.00,25.00,51.00,52.00,66.00,31.00,61.00,44.00,3
2.00,3.00,2.00,2.00,3.00,3.00,3.00,4.00,5.00,6.00,3
1311.00,1304.00,669.00,669.00,936.00,938.00,882.00,1317.00,675.00,1222.00,3
42.00,35.00,11.00,11.00,34.00,35.00,33.00,38.00,37.00,42.00,3
283.00,282.00,315.00,315.00,517.00,518.00,540.00,475.00,371.00,323.00,3
34.00,29.00,9.00,9.00,21.00,22.00,25.00,35.00,21.00,35.00,3
352.00,346.00,180.00,182.00,289.00,289.00,193.00,512.00,386.00,346.00,3
35.00,42.00,12.00,13.00,31.00,32.00,29.00,47.00,51.00,47.00,3
69.00,63.00,21.00,21.00,57.00,57.00,54.00,43.00,55.00,51.00,3
202.00,209.00,187.00,187.00,195.00,196.00,239.00,277.00,382.00,214.00,3
10.00,10.00,6.00,7.00,13.00,15.00,17.00,16.00,12.00,21.00,3
9.00,12.00,4.00,4.00,15.00,16.00,13.00,9.00,26.00,12.00,3
19.00,19.00,8.00,8.00,26.00,26.00,19.00,16.00,16.00,26.00,3
8.00,2.00,3.00,3.00,2.00,3.00,2.00,3.00,5.00,7.00,3
449.00,442.00,193.00,195.00,332.00,334.00,256.00,293.00,508.00,222.00,3
20.00,16.00,23.00,25.00,17.00,17.00,31.00,19.00,40.00,16.00,3
72.00,70.00,42.00,42.00,52.00,54.00,91.00,105.00,153.00,123.00,3
424.00,431.00,303.00,303.00,433.00,435.00,446.00,331.00,718.00,291.00,3
312.00,323.00,150.00,151.00,169.00,170.00,183.00,186.00,196.00,251.00,3
9.00,11.00,4.00,4.00,8.00,8.00,9.00,12.00,16.00,13.00,3
27.00,27.00,20.00,20.00,20.00,21.00,26.00,40.00,60.00,52.00,3
188.00,185.00,132.00,132.00,95.00,97.00,143.00,104.00,150.00,108.00,3
52.00,47.00,35.00,36.00,42.00,42.00,79.00,86.00,74.00,75.00,3
41.00,40.00,39.00,39.00,66.00,66.00,65.00,37.00,78.00,33.00,3
19.00,23.00,9.00,9.00,11.00,12.00,9.00,21.00,21.00,35.00,3
19.00,17.00,20.00,22.00,28.00,30.00,13.00,23.00,31.00,31.00,3
37.00,40.00,17.00,17.00,33.00,33.00,54.00,49.00,47.00,66.00,3
68.00,71.00,46.00,46.00,69.00,70.00,95.00,88.00,114.00,99.00,3
15.00,20.00,16.00,18.00,16.00,16.00,12.00,26.00,19.00,36.00,3
102.00,99.00,88.00,89.00,140.00,140.00,237.00,100.00,177.00,82.00,3
23.00,28.00,20.00,20.00,28.00,29.00,18.00,20.00,16.00,21.00,3
64.00,70.00,33.00,34.00,46.00,48.00,64.00,51.00,52.00,41.00,3
10.00,3.00,9.00,10.00,9.00,10.00,10.00,11.00,13.00,11.00,3
114.00,107.00,63.00,65.00,115.00,117.00,160.00,63.00,114.00,94.00,3
149.00,152.00,51.00,52.00,191.00,192.00,162.00,158.00,283.00,221.00,3
207.00,212.00,155.00,155.00,231.00,232.00,236.00,136.00,391.00,121.00,3
16.00,22.00,12.00,12.00,19.00,21.00,31.00,13.00,30.00,16.00,3
14.00,17.00,13.00,14.00,17.00,18.00,28.00,14.00,32.00,17.00,3
189.00,185.00,188.00,189.00,212.00,212.00,227.00,175.00,207.00,236.00,3
14.00,11.00,8.00,9.00,11.00,12.00,11.00,9.00,18.00,9.00,3
44.00,53.00,25.00,27.00,51.00,53.00,50.00,80.00,55.00,81.00,3
21.00,21.00,13.00,13.00,16.00,18.00,16.00,15.00,30.00,14.00,3
87.00,94.00,51.00,53.00,109.00,111.00,137.00,126.00,197.00,97.00,3
134.00,143.00,64.00,64.00,122.00,123.00,103.00,122.00,81.00,181.00,3
163.00,165.00,78.00,79.00,111.00,112.00,214.00,162.00,186.00,226.00,3
22.00,15.00,8.00,9.00,26.00,27.00,19.00,30.00,24.00,28.00,3
87.00,93.00,74.00,74.00,63.00,64.00,68.00,139.00,136.00,103.00,3
158.00,155.00,109.00,109.00,145.00,146.00,72.00,151.00,139.00,167.00,3
2.00,6.00,2.00,2.00,4.00,4.00,6.00,2.00,6.00,6.00,3
53.00,53.00,24.00,24.00,57.00,57.00,38.00,54.00,54.00,62.00,3
159.00,157.00,117.00,117.00,177.00,179.00,189.00,209.00,218.00,238.00,3
15.00,7.00,14.00,14.00,11.00,12.00,24.00,11.00,20.00,16.00,3
143.00,149.00,107.00,107.00,224.00,227.00,162.00,132.00,121.00,175.00,3
22.00,19.00,23.00,23.00,33.00,35.00,31.00,35.00,45.00,28.00,3
22.00,21.00,10.00,11.00,16.00,17.00,17.00,18.00,38.00,25.00,3
50.00,58.00,33.00,33.00,64.00,65.00,71.00,41.00,111.00,52.00,3
61.00,61.00,55.00,57.00,63.00,64.00,69.00,95.00,100.00,125.00,3
82.00,87.00,53.00,53.00,92.00,92.00,106.00,140.00,152.00,103.00,3
74.00,72.00,39.00,41.00,58.00,58.00,121.00,77.00,90.00,81.00,3
15.00,20.00,5.00,6.00,18.00,18.00,11.00,12.00,11.00,12.00,3
63.00,69.00,37.00,37.00,90.00,90.00,69.00,84.00,160.00,64.00,3
126.00,122.00,97.00,98.00,112.00,112.00,163.00,133.00,252.00,123.00,3
6.00,11.00,6.00,8.00,9.00,10.00,14.00,11.00,13.00,10.00,3
252.00,244.00,217.00,218.00,266.00,268.00,223.00,234.00,461.00,230.00,3
29.00,24.00,9.00,9.00,20.00,20.00,24.00,17.00,20.00,17.00,3
20.00,25.00,18.00,19.00,19.00,19.00,30.00,27.00,26.00,30.00,3
289.00,281.00,237.00,238.00,301.00,301.00,379.00,181.00,315.00,152.00,3
267.00,265.00,178.00,178.00,239.00,240.00,315.00,270.00,241.00,283.00,3
33.00,25.00,14.00,15.00,33.00,33.00,45.00,48.00,41.00,38.00,3
37.00,33.00,35.00,36.00,36.00,37.00,52.00,62.00,48.00,49.00,3
16.00,12.00,11.00,12.00,11.00,11.00,8.00,18.00,10.00,18.00,3
4.00,10.00,3.00,3.00,11.00,12.00,11.00,11.00,13.00,11.00,3
10.00,7.00,4.00,4.00,8.00,10.00,14.00,8.00,12.00,14.00,3
50.00,41.00,23.00,24.00,41.00,43.00,37.00,29.00,29.00,32.00,3
16.00,22.00,13.00,13.00,14.00,16.00,22.00,22.00,31.00,17.00,3
22.00,14.00,7.00,8.00,13.00,14.00,14.00,24.00,21.00,28.00,3
22.00,14.00,14.00,14.00,22.00,20.00,23.00,12.00,18.00,14.00,3
12.00,21.00,12.00,12.00,9.00,10.00,10.00,7.00,10.00,13.00,3
44.00,51.00,39.00,40.00,66.00,66.00,52.00,93.00,64.00,78.00,3
42.00,45.00,26.00,26.00,30.00,31.00,45.00,62.00,35.00,56.00,3
4.00,14.00,9.00,10.00,10.00,11.00,9.00,7.00,13.00,10.00,3
26.00,20.00,17.00,18.00,22.00,22.00,20.00,40.00,24.00,34.00,3
104.00,110.00,51.00,51.00,196.00,196.00,225.00,214.00,221.00,291.00,3
39.00,43.00,22.00,22.00,22.00,22.00,29.00,54.00,65.00,51.00,3
92.00,88.00,107.00,107.00,108.00,108.00,109.00,185.00,240.00,180.00,3
74.00,71.00,27.00,28.00,70.00,71.00,43.00,60.00,65.00,41.00,3
38.00,46.00,22.00,23.00,27.00,27.00,23.00,51.00,29.00,50.00,3
78.00,74.00,61.00,63.00,84.00,85.00,38.00,91.00,81.00,127.00,3
67.00,67.00,62.00,62.00,84.00,84.00,96.00,127.00,95.00,118.00,3
24.00,21.00,11.00,12.00,22.00,23.00,29.00,33.00,33.00,33.00,3
83.00,88.00,59.00,59.00,68.00,69.00,98.00,87.00,74.00,88.00,3
71.00,64.00,23.00,24.00,59.00,60.00,41.00,74.00,98.00,95.00,3
146.00,154.00,198.00,199.00,211.00,210.00,149.00,166.00,155.00,161.00,3
4.00,12.00,4.00,5.00,5.00,6.00,4.00,8.00,10.00,12.00,3
46.00,44.00,40.00,42.00,76.00,76.00,56.00,78.00,65.00,87.00,3
40.00,34.00,40.00,40.00,35.00,35.00,56.00,68.00,54.00,51.00,3
9.00,12.00,12.00,13.00,13.00,15.00,12.00,12.00,26.00,17.00,3
31.00,31.00,16.00,17.00,25.00,25.00,13.00,31.00,27.00,35.00,3
382.00,373.00,171.00,171.00,237.00,238.00,293.00,222.00,342.00,278.00,3
15.00,12.00,10.00,10.00,21.00,21.00,28.00,23.00,27.00,28.00,3
8.00,4.00,3.00,4.00,3.00,4.00,4.00,6.00,7.00,7.00,3
8.00,12.00,7.00,8.00,17.00,18.00,14.00,19.00,18.00,29.00,3
143.00,141.00,183.00,185.00,153.00,153.00,123.00,232.00,247.00,301.00,3
59.00,64.00,32.00,32.00,58.00,59.00,81.00,43.00,65.00,32.00,3
43.00,39.00,28.00,28.00,36.00,36.00,61.00,27.00,69.00,36.00,3
13.00,14.00,8.00,9.00,14.00,15.00,6.00,21.00,10.00,19.00,3
35.00,31.00,10.00,10.00,21.00,21.00,35.00,23.00,24.00,21.00,3
15.00,11.00,10.00,11.00,22.00,22.00,15.00,29.00,34.00,23.00,3
26.00,29.00,23.00,23.00,22.00,22.00,30.00,29.00,48.00,29.00,3
18.00,24.00,17.00,18.00,18.00,18.00,26.00,18.00,40.00,24.00,3
28.00,23.00,12.00,12.00,29.00,30.00,18.00,28.00,30.00,40.00,3
1.00,10.00,3.00,3.00,1.00,3.00,1.00,4.00,6.00,6.00,3
21.00,27.00,18.00,20.00,26.00,27.00,25.00,30.00,18.00,22.00,3
106.00,100.00,137.00,139.00,177.00,177.00,155.00,206.00,183.00,140.00,3
56.00,51.00,28.00,28.00,87.00,90.00,73.00,50.00,62.00,64.00,3
30.00,35.00,20.00,20.00,19.00,20.00,22.00,24.00,30.00,30.00,3
113.00,108.00,82.00,82.00,186.00,187.00,176.00,232.00,144.00,279.00,3
42.00,50.00,43.00,43.00,56.00,56.00,50.00,50.00,60.00,40.00,3
74.00,72.00,74.00,76.00,85.00,85.00,80.00,50.00,141.00,69.00,3
14.00,21.00,18.00,19.00,24.00,25.00,26.00,39.00,22.00,32.00,3
21.00,24.00,12.00,14.00,20.00,21.00,21.00,15.00,20.00,12.00,3
13.00,20.00,12.00,12.00,18.00,19.00,19.00,13.00,25.00,12.00,3
268.00,272.00,316.00,317.00,276.00,277.00,246.00,385.00,538.00,538.00,3
29.00,34.00,24.00,24.00,35.00,36.00,30.00,21.00,63.00,26.00,3
18.00,26.00,17.00,17.00,40.00,40.00,60.00,40.00,42.00,39.00,3
14.00,18.00,18.00,18.00,15.00,17.00,29.00,26.00,23.00,36.00,3
9.00,14.00,9.00,10.00,8.00,8.00,6.00,13.00,10.00,19.00,3
15.00,13.00,18.00,18.00,15.00,16.00,27.00,15.00,21.00,18.00,3
33.00,26.00,16.00,18.00,19.00,20.00,28.00,19.00,53.00,19.00,3
22.00,30.00,9.00,9.00,23.00,24.00,20.00,16.00,24.00,16.00,3
28.00,23.00,18.00,18.00,25.00,26.00,36.00,40.00,47.00,29.00,3
19.00,15.00,10.00,10.00,16.00,16.00,36.00,24.00,24.00,21.00,3
169.00,176.00,52.00,54.00,128.00,128.00,93.00,238.00,161.00,191.00,3
756.00,765.00,867.00,867.00,894.00,894.00,1235.00,1057.00,1426.00,857.00,3
171.00,179.00,118.00,119.00,100.00,100.00,120.00,144.00,187.00,164.00,3
82.00,91.00,76.00,76.00,129.00,130.00,57.00,148.00,116.00,132.00,3
2.00,2.00,4.00,5.00,4.00,4.00,2.00,4.00,4.00,4.00,3
14.00,8.00,5.00,5.00,13.00,13.00,9.00,16.00,9.00,15.00,3
15.00,13.00,15.00,15.00,12.00,12.00,12.00,12.00,22.00,12.00,3
217.00,223.00,121.00,121.00,197.00,198.00,471.00,197.00,361.00,276.00,3
27.00,19.00,14.00,16.00,23.00,23.00,25.00,31.00,29.00,42.00,3
743.00,746.00,730.00,732.00,1091.00,1092.00,704.00,711.00,847.00,904.00,3
7.00,3.00,1.00,1.00,3.00,3.00,4.00,3.00,9.00,6.00,3
57.00,55.00,31.00,33.00,95.00,95.00,79.00,108.00,80.00,79.00,3
60.00,68.00,57.00,57.00,88.00,90.00,58.00,111.00,56.00,96.00,3
27.00,35.00,12.00,12.00,18.00,18.00,18.00,41.00,27.00,37.00,3
3.00,10.00,4.00,4.00,6.00,6.00,7.00,7.00,9.00,9.00,3
10.00,1.00,3.00,3.00,5.00,5.00,5.00,3.00,5.00,4.00,3
17.00,17.00,13.00,14.00,16.00,17.00,22.00,9.00,30.00,13.00,3
67.00,68.00,64.00,65.00,81.00,82.00,117.00,98.00,101.00,89.00,3
592.00,596.00,490.00,490.00,584.00,585.00,623.00,871.00,964.00,780.00,3
35.00,26.00,22.00,22.00,31.00,33.00,28.00,22.00,20.00,18.00,3
642.00,637.00,230.00,232.00,511.00,513.00,1029.00,503.00,948.00,589.00,3
12.00,9.00,8.00,9.00,5.00,7.00,11.00,8.00,14.00,12.00,3
281.00,270.00,212.00,212.00,318.00,320.00,383.00,228.00,379.00,320.00,3
71.00,76.00,29.00,29.00,73.00,73.00,82.00,62.00,75.00,65.00,3
4.00,11.00,5.00,5.00,5.00,5.00,11.00,9.00,17.00,13.00,3
24.00,30.00,27.00,27.00,27.00,27.00,29.00,26.00,21.00,38.00,3
87.00,81.00,35.00,35.00,83.00,83.00,69.00,102.00,96.00,150.00,3
176.00,176.00,127.00,128.00,189.00,191.00,105.00,116.00,243.00,113.00,3
104.00,105.00,75.00,75.00,140.00,140.00,85.00,144.00,91.00,204.00,3
34.00,39.00,37.00,38.00,37.00,38.00,99.00,71.00,85.00,88.00,3
26.00,24.00,9.00,10.00,27.00,27.00,34.00,27.00,42.00,35.00,3
6.00,2.00,2.00,4.00,4.00,5.00,4.00,4.00,5.00,6.00,3
24.00,32.00,25.00,25.00,52.00,52.00,52.00,60.00,42.00,59.00,3
171.00,165.00,64.00,64.00,120.00,121.00,194.00,134.00,179.00,197.00,3
22.00,31.00,14.00,16.00,41.00,41.00,42.00,35.00,53.00,38.00,3
28.00,22.00,10.00,10.00,29.00,31.00,17.00,33.00,19.00,48.00,3
64.00,69.00,45.00,47.00,73.00,73.00,119.00,114.00,132.00,112.00,3
9.00,18.00,12.00,13.00,12.00,13.00,13.00,13.00,15.00,15.00,3
196.00,198.00,110.00,110.00,227.00,227.00,206.00,375.00,326.00,314.00,3
6.00,6.00,3.00,4.00,6.00,5.00,7.00,3.00,7.00,4.00,3
53.00,46.00,32.00,33.00,72.00,73.00,113.00,58.00,82.00,64.00,3
50.00,56.00,42.00,42.00,46.00,47.00,68.00,52.00,57.00,63.00,3
9.00,10.00,6.00,6.00,7.00,7.00,7.00,9.00,7.00,9.00,3
217.00,219.00,66.00,66.00,138.00,138.00,269.00,144.00,192.00,211.00,3
108.00,116.00,82.00,82.00,119.00,120.00,190.00,155.00,163.00,186.00,3
360.00,365.00,291.00,292.00,371.00,372.00,587.00,567.00,544.00,591.00,3
28.00,38.00,41.00,41.00,33.00,33.00,41.00,36.00,43.00,27.00,3
67.00,70.00,44.00,45.00,86.00,87.00,47.00,82.00,99.00,61.00,3
17.00,25.00,13.00,13.00,22.00,22.00,22.00,33.00,23.00,36.00,3
22.00,20.00,9.00,10.00,25.00,25.00,26.00,12.00,36.00,17.00,3
11.00,10.00,13.00,13.00,18.00,17.00,14.00,19.00,18.00,16.00,3
30.00,29.00,12.00,12.00,26.00,27.00,29.00,50.00,23.00,62.00,3
25.00,31.00,16.00,18.00,34.00,34.00,12.00,31.00,28.00,43.00,3
53.00,60.00,20.00,20.00,57.00,59.00,72.00,51.00,65.00,42.00,3
87.00,95.00,55.00,57.00,54.00,55.00,33.00,57.00,73.00,51.00,3
49.00,51.00,36.00,36.00,34.00,34.00,39.00,60.00,87.00,60.00,3
18.00,21.00,6.00,8.00,12.00,14.00,14.00,15.00,18.00,18.00,3
46.00,39.00,34.00,34.00,71.00,71.00,67.00,61.00,128.00,75.00,3
109.00,120.00,84.00,85.00,93.00,93.00,93.00,88.00,68.00,74.00,3
7.00,0.00,2.00,2.00,5.00,5.00,2.00,5.00,3.00,5.00,3
419.00,426.00,278.00,279.00,348.00,349.00,352.00,552.00,333.00,501.00,3
38.00,42.00,23.00,23.00,31.00,31.00,50.00,41.00,64.00,62.00,3
8.00,11.00,8.00,8.00,15.00,17.00,19.00,10.00,15.00,11.00,3
209.00,204.00,160.00,162.00,171.00,172.00,286.00,344.00,436.00,281.00,3
0.00,5.00,3.00,4.00,4.00,4.00,3.00,4.00,6.00,5.00,3
12.00,21.00,17.00,17.00,26.00,26.00,25.00,36.00,29.00,29.00,3
179.00,173.00,76.00,76.00,209.00,210.00,124.00,187.00,284.00,234.00,3
98.00,95.00,72.00,72.00,66.00,66.00,60.00,116.00,105.00,154.00,3
39.00,41.00,31.00,31.00,38.00,39.00,38.00,45.00,35.00,54.00,3
8.00,0.00,3.00,5.00,5.00,6.00,3.00,3.00,8.00,5.00,3
13.00,6.00,7.00,9.00,15.00,16.00,15.00,16.00,15.00,16.00,3
69.00,80.00,59.00,59.00,50.00,52.00,47.00,85.00,72.00,81.00,3
19.00,27.00,13.00,13.00,27.00,27.00,35.00,21.00,33.00,27.00,3
21.00,33.00,28.00,30.00,30.00,31.00,23.00,31.00,31.00,26.00,3
360.00,369.00,136.00,137.00,227.00,229.00,311.00,424.00,484.00,481.00,3
15.00,19.00,11.00,11.00,16.00,16.00,39.00,28.00,30.00,30.00,3
135.00,139.00,66.00,66.00,210.00,211.00,249.00,264.00,335.00,312.00,3
37.00,31.00,18.00,18.00,21.00,23.00,31.00,30.00,61.00,34.00,3
18.00,18.00,20.00,21.00,27.00,27.00,41.00,33.00,29.00,29.00,3
30.00,31.00,24.00,26.00,32.00,32.00,47.00,71.00,71.00,53.00,3
22.00,18.00,17.00,18.00,25.00,25.00,17.00,23.00,17.00,26.00,3
39.00,45.00,47.00,47.00,32.00,34.00,24.00,34.00,58.00,31.00,3
101.00,95.00,71.00,72.00,104.00,104.00,96.00,184.00,178.00,131.00,3
13.00,17.00,7.00,7.00,20.00,20.00,33.00,28.00,28.00,32.00,3
87.00,86.00,44.00,44.00,127.00,129.00,74.00,84.00,164.00,84.00,3
37.00,39.00,24.00,25.00,33.00,34.00,20.00,42.00,32.00,54.00,3
61.00,69.00,47.00,48.00,36.00,36.00,31.00,78.00,68.00,74.00,3
340.00,325.00,327.00,215.00,693.00,592.00,120.00,30.00,2253.00,17.00,3
214.77,151.06,42.30,69.61,13.81,107.57,92.75,0.00,435.33,62.06,0
127.34,92.42,81.26,0.00,112.13,79.85,129.81,0.00,432.32,11.69,0
34.93,62.97,20.77,6.78,44.02,27.88,76.20,15.72,170.53,0.00,0
46.15,38.53,14.90,6.69,2.51,14.49,26.71,1.14,110.42,7.04,0
61.84,40.49,35.15,10.18,15.64,42.76,8.60,12.15,200.46,0.00,0
152.20,197.43,10.03,0.00,63.93,42.30,63.50,35.84,446.91,0.00,0
72.98,45.09,32.88,0.00,4.04,19.43,65.94,37.79,200.56,28.34,0
11.34,17.18,9.76,0.00,6.90,12.23,25.24,2.14,82.16,5.04,0
211.56,86.37,41.31,57.10,29.38,57.78,157.12,17.22,438.28,14.82,0
33.60,41.99,46.32,23.22,44.44,26.64,10.37,0.58,167.71,8.70,0
22.29,47.92,15.86,12.96,20.37,50.21,0.00,0.00,209.37,0.00,0
92.02,55.57,69.36,19.10,110.37,0.00,145.07,52.25,520.94,39.72,0
221.22,197.84,111.47,0.00,126.33,58.21,100.72,0.00,491.89,14.56,0
50.45,16.62,22.23,5.49,10.35,5.76,16.43,15.88,129.22,25.50,0
243.48,217.70,192.68,90.61,36.80,86.37,85.48,0.00,532.91,58.55,0
34.97,47.39,0.00,5.91,28.09,0.00,58.71,5.42,135.16,0.00,0
30.29,32.36,12.37,29.90,15.13,30.58,35.04,10.87,128.49,31.28,0
146.10,75.12,0.00,57.38,60.34,92.12,101.75,11.05,504.29,16.04,0
41.20,96.76,90.83,46.62,102.98,186.98,201.02,5.51,544.33,18.65,0
30.26,73.60,19.18,3.45,6.87,2.30,32.65,0.00,217.88,10.47,0
224.36,93.50,71.13,62.67,70.15,38.13,4.23,0.00,548.52,4.41,0
55.13,101.33,41.41,57.32,32.81,36.48,53.88,0.63,182.60,18.50,0
19.87,110.61,54.03,0.00,0.00,0.00,70.41,68.96,339.67,4.98,0
75.03,198.16,48.95,135.37,66.08,125.79,181.22,16.21,545.98,0.00,0
74.69,78.78,66.67,0.00,84.18,59.74,167.63,24.25,308.72,77.75,0
142.46,136.30,48.89,43.01,109.99,57.20,73.57,0.40,344.03,0.00,0
105.07,131.23,229.82,0.00,98.87,129.84,40.24,0.00,417.80,0.00,0
98.30,71.58,70.69,0.00,56.69,0.06,9.52,25.30,309.87,0.00,0
66.31,16.67,105.68,26.80,65.24,16.65,205.73,32.19,380.08,56.25,0
235.66,65.30,114.10,52.83,32.93,36.79,166.09,0.00,519.15,24.13,0
91.31,118.84,47.79,25.11,25.51,34.09,54.08,28.19,206.09,0.00,0
33.61,34.68,32.54,46.71,59.56,22.12,47.74,28.29,183.33,0.00,0
98.41,115.32,0.00,0.00,10.19,58.28,83.60,24.63,266.35,0.00,0
59.62,49.49,34.50,77.30,134.68,60.46,70.11,0.00,606.52,19.40,0
80.32,187.11,66.66,0.00,165.68,138.00,185.82,19.55,518.40,31.59,0
14.59,13.47,13.95,0.81,0.00,15.56,30.72,0.00,60.15,10.93,0
122.97,108.45,155.81,48.48,73.71,85.01,207.05,22.33,449.92,0.00,0
127.88,167.78,26.32,40.65,15.52,33.92,62.39,51.42,335.75,0.00,0
25.29,30.56,14.13,16.10,16.91,0.00,29.13,0.00,82.73,2.46,0
9.84,40.81,11.60,12.41,24.57,13.47,52.59,0.00,173.95,0.00,0
127.92,59.15,50.14,18.20,52.41,78.49,75.61,74.20,287.98,0.00,0
19.14,102.66,107.88,44.38,70.22,50.50,238.92,0.00,405.67,9.52,0
23.77,31.77,7.63,1.99,10.89,0.00,11.16,0.00,42.28,5.55,0
50.22,18.03,36.38,8.70,49.30,18.76,42.79,3.67,273.90,25.55,0
177.86,143.76,75.50,128.59,208.26,180.21,276.89,0.00,501.09,74.68,0
84.32,44.36,71.29,23.36,5.92,8.53,73.19,6.42,250.54,0.00,0
105.87,126.64,54.98,23.96,94.79,7.02,111.98,30.84,252.22,42.40,0
41.21,104.39,88.11,34.28,49.25,33.20,83.78,46.90,244.47,48.07,0
38.33,18.96,17.87,16.68,11.96,12.98,10.43,1.76,65.19,0.00,0
107.26,107.77,98.64,48.19,53.75,51.55,10.27,25.62,280.04,0.00,0
114.09,72.63,24.96,29.50,11.94,117.86,67.06,0.00,234.41,0.00,0
13.33,20.12,27.93,12.07,18.70,18.76,34.86,2.58,91.28,7.34,0
231.26,181.91,33.20,39.28,22.31,4.49,110.95,0.00,429.33,0.00,0
112.50,85.29,86.22,64.69,50.42,80.08,165.67,71.56,314.94,0.00,0
109.68,150.75,45.52,0.00,31.49,0.00,0.00,0.00,587.88,14.79,0
127.42,147.92,61.68,14.05,106.55,48.43,176.33,55.47,342.43,79.54,0
90.84,75.06,77.31,25.27,61.30,49.37,82.35,0.00,218.79,11.19,0
73.71,48.38,77.30,0.00,0.00,54.87,51.28,7.31,190.88,2.51,0
36.69,188.28,212.07,31.99,0.00,0.00,203.80,0.00,538.61,0.00,0
28.86,148.73,156.61,45.02,30.52,49.65,209.05,0.00,463.89,74.95,0
126.81,76.03,85.48,7.73,55.41,39.87,56.24,19.58,322.39,24.99,0
210.41,227.47,18.60,87.20,152.56,0.00,221.65,25.31,518.98,32.88,0
64.98,36.93,25.88,0.00,49.71,29.97,52.28,10.56,129.02,22.60,0
202.49,181.28,35.82,147.87,108.60,84.51,120.26,6.27,460.62,39.50,0
22.03,2.02,2.57,12.58,1.51,13.44,11.60,10.73,64.03,3.96,0
167.42,105.49,91.97,8.70,15.54,47.78,116.79,4.29,296.63,0.00,0
85.99,65.85,53.20,44.32,39.89,39.81,38.89,12.16,250.44,0.00,0
85.74,64.68,61.17,0.00,34.12,52.75,54.70,4.39,196.18,28.27,0
113.15,72.71,6.29,63.53,45.97,44.78,83.69,0.00,269.54,0.00,0
101.87,105.39,0.00,26.14,41.25,23.47,32.37,0.00,243.02,36.22,0
146.89,148.15,53.46,0.00,18.69,34.22,123.63,0.00,472.33,70.30,0
27.87,50.80,32.15,22.78,39.29,50.40,53.78,4.01,200.39,31.76,0
202.76,38.27,54.98,0.59,77.78,40.43,79.47,48.21,317.93,50.87,0
60.23,50.44,0.00,65.72,0.00,54.69,19.30,4.46,300.75,40.91,0
33.55,43.56,50.25,29.73,27.23,12.14,46.03,7.96,107.19,4.75,0
197.83,90.21,136.83,26.72,82.49,89.31,231.49,0.00,487.45,0.00,0
217.38,105.61,97.98,117.14,141.18,27.74,57.57,48.49,520.91,0.00,0
56.92,92.37,54.21,11.07,89.00,23.08,38.45,0.00,388.52,0.00,0
101.05,87.07,90.38,0.00,145.60,74.37,258.15,107.32,345.49,18.18,0
43.90,55.13,0.00,36.82,43.60,13.67,19.83,7.31,156.37,27.99,0
105.51,47.25,60.56,39.50,71.34,69.48,65.08,2.48,337.90,8.37,0
59.41,81.10,96.41,50.18,30.90,0.59,93.95,37.28,270.56,0.00,0
137.55,62.51,16.68,43.29,62.92,9.95,26.83,0.00,221.85,0.00,0
78.79,54.53,52.87,69.10,25.54,40.55,48.28,19.31,223.64,14.31,0
101.90,41.65,51.62,0.00,50.70,5.41,81.50,36.26,232.63,0.00,0
62.77,127.26,85.74,42.70,63.97,13.59,76.86,32.50,312.35,60.37,0
45.71,52.05,6.75,3.01,7.33,24.99,10.31,23.83,131.59,0.00,0
178.33,149.12,0.00,2.03,96.88,0.75,131.45,0.00,366.19,0.00,0
103.06,37.40,51.45,0.00,53.77,63.83,84.98,9.53,309.11,15.82,0
18.85,19.21,15.33,2.14,28.12,9.71,18.15,4.16,77.83,0.00,0
94.57,154.70,91.69,46.70,33.40,106.18,83.68,0.00,472.94,42.90,0
90.60,116.94,42.27,109.96,3.71,12.73,26.97,23.28,349.54,9.99,0
207.93,136.45,75.53,16.17,35.38,67.92,81.76,27.31,417.50,0.00,0
96.04,182.55,117.71,63.02,74.46,16.71,71.02,26.29,533.29,52.98,0
111.95,161.86,25.99,5.74,45.28,92.29,113.44,38.68,419.78,32.16,0
82.65,133.02,118.60,71.18,180.78,65.87,130.83,0.00,389.00,27.62,0
89.06,131.33,30.16,0.00,49.85,47.34,134.15,0.00,276.68,1.30,0
99.20,92.78,28.21,4.24,72.95,33.69,90.72,23.59,301.71,9.80,0
75.02,66.80,0.00,44.99,44.39,52.03,54.42,0.00,266.09,21.52,0
57.34,71.28,63.59,17.03,15.46,44.28,40.10,7.12,198.47,0.00,0
74.54,102.68,116.67,23.44,24.70,136.08,115.89,0.00,291.08,0.00,0
54.83,127.28,80.11,49.37,112.13,111.92,167.92,0.52,237.32,0.00,0
80.07,68.40,26.65,25.78,70.72,33.79,14.05,11.18,211.91,30.03,0
74.80,211.04,65.63,121.73,124.30,142.87,166.14,75.39,425.63,52.34,0
50.67,63.75,2.78,0.00,25.11,19.47,21.25,5.33,230.61,19.15,0
121.40,146.33,57.66,46.10,0.00,0.00,54.39,17.64,451.44,68.44,0
165.53,109.85,0.00,77.12,25.12,43.70,110.54,0.00,458.52,0.00,0
101.74,138.47,92.90,10.53,80.02,50.28,172.32,21.43,340.17,0.00,0
73.09,23.57,0.00,36.04,77.92,24.75,52.14,29.08,223.75,0.00,0
80.06,58.00,43.62,37.23,6.50,42.13,84.98,66.30,245.29,4.39,0
58.11,83.77,39.11,0.00,41.82,7.26,154.27,32.66,467.65,10.43,0
59.40,55.31,29.07,32.80,38.28,45.20,57.96,17.73,115.18,19.90,0
159.72,128.90,78.55,33.96,60.37,119.38,82.77,39.94,342.45,1.91,0
115.47,85.55,87.18,33.38,70.57,63.63,99.86,10.27,390.67,58.85,0
143.81,46.01,67.84,28.34,0.00,128.53,43.89,0.00,574.00,95.36,0
68.13,71.64,36.18,19.73,42.63,16.80,27.23,23.03,185.88,0.00,0
23.35,28.83,68.83,34.29,0.00,43.15,51.97,28.02,162.38,8.77,0
162.65,200.32,44.09,145.17,38.13,62.20,189.58,13.85,375.30,1.78,0
112.82,119.29,50.36,50.75,41.05,0.00,23.89,56.56,371.75,67.05,0
23.69,33.27,6.66,1.90,16.47,0.00,12.92,1.86,60.09,0.02,0
104.31,143.07,29.16,0.00,52.26,0.00,54.76,44.86,228.33,0.00,0
66.60,48.13,37.38,20.94,0.00,35.49,40.32,1.25,116.48,6.89,0
82.81,136.22,134.65,0.00,4.22,0.00,211.10,0.00,394.97,0.00,0
108.84,132.21,46.12,23.81,0.00,36.53,110.41,0.00,334.78,17.26,0
63.11,51.14,17.41,13.24,55.63,43.78,16.67,10.35,146.03,31.77,0
105.36,190.51,132.24,50.74,95.71,63.36,139.29,5.61,491.28,65.72,0
46.47,33.84,61.08,56.25,86.04,6.42,116.23,26.87,288.16,13.28,0
17.36,26.03,13.44,5.01,25.44,11.41,22.30,0.00,36.85,0.00,0
64.48,121.63,52.99,125.41,24.16,0.00,108.24,59.69,379.31,30.46,0
31.02,29.13,10.98,8.43,12.09,11.13,17.82,0.00,89.46,5.37,0
161.73,208.95,81.32,138.40,107.13,45.42,137.65,0.00,559.40,35.94,0
47.80,50.40,16.94,1.77,7.56,11.38,52.38,18.78,184.04,0.00,0
92.42,120.11,12.88,83.31,26.90,0.00,55.28,0.00,300.40,17.51,0
75.81,66.92,38.38,8.18,56.41,25.44,54.13,0.00,153.65,59.55,0
37.25,68.21,5.86,4.31,3.70,52.46,32.36,0.00,157.79,14.69,0
75.98,46.25,7.15,33.18,32.51,0.00,40.92,29.82,174.91,0.00,0
21.00,15.31,9.02,10.48,21.02,15.15,10.63,0.00,70.44,0.00,0
112.80,155.45,140.75,88.44,253.52,64.93,113.80,9.22,515.44,35.81,0
58.13,84.98,14.40,18.74,60.25,3.75,13.42,7.01,321.24,47.24,0
62.21,35.91,33.69,21.68,28.03,0.00,9.48,8.62,207.72,31.89,0
96.52,110.29,33.88,38.79,72.13,6.83,55.79,0.00,424.78,0.00,0
181.23,256.04,67.12,67.71,54.93,102.21,129.21,0.00,429.65,146.40,0
45.07,43.46,28.99,9.48,30.54,0.00,40.60,5.18,147.70,14.67,0
29.00,21.31,11.66,24.28,7.90,15.61,29.89,0.00,132.35,16.50,0
34.61,17.14,27.55,45.90,31.06,36.18,30.03,0.00,113.80,6.07,0
72.85,101.85,41.16,55.73,6.68,96.29,46.81,15.06,312.02,24.20,0
60.72,62.27,58.10,0.50,85.53,98.49,45.86,14.40,195.71,8.88,0
99.96,92.62,9.23,60.90,22.03,61.13,33.85,28.60,221.69,0.00,0
84.91,118.01,30.53,31.89,34.36,30.42,37.94,0.00,237.21,0.45,0
244.67,218.25,74.31,0.00,100.50,29.98,127.21,0.00,439.46,28.90,0
85.12,43.38,34.46,26.45,39.56,6.89,39.24,0.00,250.03,1.21,0
26.66,14.91,0.00,8.36,21.89,16.04,45.18,0.00,125.38,0.36,0
83.87,176.95,165.78,17.72,83.54,7.03,118.33,24.10,409.50,0.00,0
22.86,76.59,39.06,4.30,71.82,41.20,86.22,11.79,305.10,11.22,0
85.89,166.19,83.34,72.18,52.32,144.48,285.44,18.40,487.31,2.70,0
163.44,151.35,46.94,96.10,89.50,0.00,20.93,0.00,430.70,100.14,0
112.58,95.25,96.07,76.76,88.34,60.59,146.13,28.13,252.38,13.82,0
196.14,148.59,2.95,52.25,99.75,33.99,137.32,27.11,342.90,36.75,0
181.36,87.74,0.00,140.50,67.80,29.19,0.00,12.10,453.19,14.84,0
14.41,13.13,20.57,17.25,2.47,15.39,9.57,0.00,63.16,0.00,0
58.53,146.39,94.36,49.16,75.62,42.10,100.99,0.00,437.12,36.12,0
34.99,54.00,61.11,57.24,40.02,14.42,103.15,0.00,221.51,0.00,0
46.99,53.19,0.00,53.37,34.64,29.67,50.62,0.00,196.24,0.00,0
60.24,25.71,53.22,67.29,50.20,0.00,23.90,41.49,186.02,0.00,0
216.11,99.81,103.20,22.69,90.72,19.02,114.64,8.15,444.41,24.44,0
83.50,76.12,68.63,26.29,48.92,4.02,68.41,0.00,357.42,101.47,0
143.80,113.57,106.04,94.09,98.07,111.19,101.10,0.00,580.16,49.15,0
54.90,100.90,31.76,41.18,27.88,25.15,33.67,17.62,296.30,0.00,0
102.85,55.08,118.54,36.33,21.34,51.90,125.98,0.00,344.97,9.18,0
92.33,64.92,12.01,31.51,75.25,65.45,76.14,0.00,327.69,8.88,0
54.26,91.84,5.55,18.01,6.30,0.00,66.57,0.84,259.56,0.00,0
186.90,118.75,30.49,65.33,109.35,37.00,154.31,55.23,386.45,3.58,0
119.60,129.23,93.14,0.00,117.92,93.72,206.79,10.99,287.79,12.64,0
140.93,64.92,81.62,0.00,102.44,0.00,66.15,22.90,607.36,28.51,0
264.78,243.36,133.09,0.00,98.18,15.35,119.54,0.00,527.83,0.00,0
83.86,22.03,165.54,0.00,17.64,5.87,29.78,46.77,390.81,1.31,0
150.74,74.08,0.57,3.69,0.00,70.30,154.56,53.55,456.43,35.65,0
30.12,79.51,36.92,10.49,106.98,22.22,78.06,8.70,210.24,0.00,0
24.40,86.68,72.14,103.77,53.66,45.01,89.52,0.00,302.66,41.60,0
113.13,102.40,77.45,15.81,109.06,52.24,72.85,0.00,309.02,39.91,0
105.81,157.94,103.88,26.10,86.19,84.24,116.42,0.00,271.80,0.00,0
175.10,103.48,73.10,89.72,72.25,71.39,124.04,0.00,416.35,6.53,0
98.73,98.04,50.38,60.03,26.36,28.07,60.46,16.51,313.18,7.75,0
105.67,99.71,85.51,15.07,98.04,41.36,52.65,0.00,332.79,38.30,0
169.95,82.85,91.81,0.00,87.11,107.76,66.03,24.31,391.30,0.00,0
41.80,55.74,14.86,18.09,1.71,27.83,41.58,5.76,128.03,0.00,0
166.11,107.44,25.89,6.87,119.57,28.52,90.30,0.00,215.85,19.07,0
85.42,111.61,85.79,43.40,16.67,0.09,46.35,22.36,403.97,0.00,0
43.87,22.82,58.87,0.00,60.85,0.00,32.06,9.45,134.15,0.00,0
25.80,39.80,39.10,8.77,33.19,1.14,57.23,6.43,133.71,0.00,0
54.01,39.60,34.35,28.55,0.00,16.42,52.67,6.94,168.52,17.82,0
14.55,15.94,20.43,5.90,12.76,6.54,11.83,0.00,81.28,8.69,0
43.03,34.75,10.35,26.16,18.92,2.30,17.52,7.68,117.00,0.00,0
188.50,163.01,66.73,134.58,114.49,0.00,122.00,18.86,507.13,35.06,0
174.34,200.10,0.00,120.82,36.07,134.57,188.51,35.54,423.73,42.49,0
83.71,73.88,8.31,15.84,0.00,0.00,73.51,21.42,168.52,0.00,0
19.68,44.20,23.49,0.00,0.00,7.57,11.88,0.00,169.08,9.39,0
67.29,107.06,54.65,22.33,43.23,8.08,70.05,0.00,434.44,79.19,0
130.02,155.34,95.77,87.34,81.99,1.57,75.92,0.00,488.41,35.13,0
17.19,19.49,20.29,0.00,25.63,6.92,23.00,0.00,98.19,2.19,0
94.14,158.80,43.53,73.32,53.74,62.58,68.04,89.45,319.57,29.37,0
140.40,116.42,66.72,95.44,8.93,40.53,58.87,85.14,446.96,0.00,0
53.34,26.09,12.34,25.36,27.38,27.66,42.56,0.00,123.26,20.17,0
163.72,157.01,19.37,89.37,120.39,48.86,210.69,0.00,529.63,40.50,0
175.30,148.26,140.85,24.78,31.28,127.51,162.07,79.81,390.58,34.31,0
193.69,200.32,45.10,106.50,79.88,74.92,135.93,20.33,511.07,0.00,0
64.43,77.93,58.65,15.33,53.66,44.82,45.04,8.39,207.86,43.60,0
23.83,24.85,9.26,36.30,0.00,0.73,62.43,10.23,121.46,4.49,0
21.99,0.00,0.71,25.73,9.39,52.62,19.25,17.43,204.67,6.26,0
92.22,67.48,25.29,0.00,31.73,48.83,38.16,85.25,403.85,57.01,0
78.37,213.87,70.49,56.07,84.17,27.66,112.40,0.00,512.32,2.38,0
38.55,18.45,28.08,24.02,35.75,29.42,31.70,0.00,162.39,13.48,0
71.73,100.77,24.24,0.00,64.85,40.10,53.75,0.05,367.07,0.00,0
84.70,28.82,0.00,11.26,49.66,50.55,57.22,0.00,366.69,0.00,0
192.82,134.47,0.00,39.87,98.97,72.77,191.86,0.00,412.15,11.62,0
0.00,36.62,27.87,19.42,16.64,16.12,46.95,0.00,112.99,3.30,0
95.55,15.22,129.66,24.33,109.42,0.00,106.06,0.00,306.62,0.00,0
27.70,81.93,122.25,50.89,110.38,19.53,19.54,0.00,377.30,48.17,0
65.19,42.66,49.81,42.34,44.94,16.27,33.86,0.00,210.84,50.34,0
179.21,158.49,66.48,72.43,66.06,64.98,230.34,3.65,460.27,50.16,0
109.29,89.03,75.37,1.49,50.00,16.78,71.86,16.71,206.35,0.00,0
130.30,109.96,108.40,88.14,92.32,48.25,228.13,25.86,283.71,0.00,0
56.49,65.39,20.76,12.67,0.00,33.27,86.44,3.37,162.53,15.45,0
50.52,133.52,0.00,0.32,69.61,27.87,110.47,49.05,267.58,39.29,0
39.13,48.39,14.69,18.53,12.48,3.39,31.51,0.00,70.28,6.13,0
25.30,22.54,7.28,11.67,28.89,11.30,43.25,0.00,85.31,5.23,0
9.34,14.02,8.05,2.68,17.34,0.00,15.11,13.19,97.03,0.00,0
24.16,67.94,14.59,11.66,28.13,23.12,25.87,18.71,212.54,29.25,0
124.84,144.25,99.22,0.00,41.87,0.00,186.04,14.26,369.73,0.00,0
15.26,24.16,2.80,2.49,11.53,3.91,8.64,0.06,76.61,11.55,0
27.63,28.81,11.63,7.12,17.13,0.00,18.60,0.00,114.13,7.61,0
157.10,112.38,68.46,78.53,60.77,0.00,49.68,18.54,298.40,0.00,0
81.86,266.58,69.32,229.74,176.87,0.00,95.31,0.00,577.48,20.59,0
101.36,139.97,79.82,28.42,0.21,15.62,50.54,16.57,431.76,0.00,0
114.24,242.78,135.92,106.56,112.02,0.00,201.77,24.92,523.35,35.67,0
49.15,58.75,59.42,19.01,65.04,54.81,69.14,6.22,297.16,38.13,0
139.94,108.23,101.56,2.91,59.94,14.70,19.51,34.65,372.87,42.75,0
31.79,26.89,22.67,3.85,10.59,26.98,43.14,5.65,88.31,6.28,0
21.86,15.01,24.65,16.56,2.71,2.38,19.15,0.00,58.83,7.86,0
103.36,110.24,46.57,30.88,46.29,68.04,117.08,0.00,296.71,40.34,0
187.38,262.85,61.25,26.73,231.02,0.00,192.82,0.00,403.60,0.00,0
30.42,46.29,55.22,17.78,47.63,23.75,54.83,21.78,143.69,0.00,0
23.97,25.50,19.41,0.00,18.51,17.50,24.85,0.00,86.04,3.89,0
63.09,36.85,7.88,62.78,6.11,27.45,50.20,18.25,199.52,0.00,0
153.74,65.69,110.46,20.64,115.81,9.43,144.54,2.48,452.80,22.18,0
12.07,20.09,5.64,15.17,16.26,19.63,22.42,7.03,52.06,0.00,0
41.96,52.90,8.19,5.66,3.96,14.81,10.52,0.00,131.18,15.81,0
44.18,85.72,33.75,35.11,35.34,0.00,39.89,0.00,330.87,11.07,0
29.23,38.44,22.47,12.03,40.36,0.00,15.09,0.00,130.89,0.00,0
34.77,21.36,20.91,16.98,29.98,21.96,32.00,0.00,135.63,38.07,0
64.85,99.45,61.91,31.76,115.13,62.77,153.69,59.26,346.79,0.00,0
65.67,88.02,45.29,115.48,122.22,105.15,71.44,9.64,386.88,9.75,0
91.65,44.97,49.36,0.00,14.42,29.22,63.29,0.00,167.54,33.00,0
35.75,50.08,21.02,0.00,0.00,6.74,6.45,3.43,101.84,0.00,0
155.41,156.26,114.06,0.00,145.12,4.33,160.55,5.36,424.40,0.00,0
143.40,129.08,30.06,125.58,58.07,38.11,166.83,27.22,429.91,21.14,0
174.24,32.72,55.56,151.46,0.00,43.19,71.68,0.00,475.12,33.20,0
220.18,138.29,92.81,0.00,114.48,101.79,71.57,64.40,582.44,73.28,0
141.73,92.88,26.54,106.47,0.00,182.41,115.47,0.00,563.65,11.38,0
111.19,146.54,42.26,29.90,43.22,38.05,96.21,3.97,343.18,38.45,0
22.86,21.73,0.30,12.88,21.78,10.84,8.37,0.00,65.96,0.09,0
33.40,59.49,17.53,0.00,31.63,34.41,74.98,0.00,183.84,0.00,0
48.56,33.94,28.74,28.64,19.95,19.55,45.31,17.09,150.91,0.00,0
75.42,26.13,78.26,64.88,75.61,107.36,109.00,86.93,346.01,15.76,0
225.27,149.55,82.39,132.46,135.11,164.32,155.65,17.16,414.21,49.04,0
36.92,47.17,38.49,25.79,26.60,17.35,30.03,10.76,134.02,8.75,0
89.37,44.20,27.37,20.45,3.97,8.46,54.54,22.75,307.66,27.60,0
12.64,27.68,5.70,8.82,5.27,13.90,3.90,8.80,54.43,0.00,0
86.12,78.39,24.98,27.32,0.00,16.05,103.83,0.00,424.48,0.00,0
238.25,189.98,14.08,48.06,116.38,91.44,152.80,0.00,481.78,0.00,0
54.20,37.96,29.25,24.51,0.00,23.35,45.67,0.00,225.03,0.00,0
75.52,73.50,134.13,55.91,122.31,27.42,178.93,0.00,531.14,0.00,0
97.83,144.83,66.51,47.14,66.38,9.73,52.37,0.00,251.41,34.64,0
9.50,24.38,20.92,22.54,5.25,10.51,9.08,0.00,64.41,6.21,0
242.55,121.54,58.30,60.06,83.77,19.46,215.36,75.38,274.05,0.00,0
29.98,39.64,10.63,18.56,0.00,17.07,22.80,0.00,79.99,5.69,0
126.23,97.56,45.41,79.20,170.58,162.42,38.34,0.00,386.39,56.40,0
89.20,61.42,105.52,53.64,46.98,37.07,0.00,0.00,277.14,42.45,0
148.32,111.02,47.91,125.19,94.29,29.18,97.99,76.34,366.55,33.36,0
147.85,192.27,65.77,25.65,32.95,94.33,66.60,70.97,407.61,15.87,0
70.31,50.87,20.55,0.00,73.17,26.09,98.70,44.66,293.56,52.45,0
76.74,86.53,73.11,43.09,79.77,0.34,128.28,0.00,458.95,73.01,0
235.61,153.35,15.83,43.03,9.90,74.23,78.61,14.90,344.44,7.62,0
120.25,209.16,184.32,0.00,41.12,141.31,48.28,36.26,573.08,27.04,0
57.51,42.10,72.75,28.90,58.42,43.37,40.92,0.00,163.89,0.00,0
176.90,173.53,103.63,33.74,263.32,57.76,222.93,0.00,645.68,75.38,0
102.31,170.56,18.07,82.90,33.57,57.43,23.14,24.18,283.00,11.22,0
103.53,77.73,77.30,22.08,48.91,20.38,14.91,24.72,360.61,0.00,0
11.58,13.39,20.87,6.07,25.33,9.38,18.77,6.18,38.57,3.34,0
163.98,168.25,99.89,126.47,111.05,171.75,149.34,17.36,533.76,36.47,0
167.68,120.31,74.97,66.02,91.38,20.92,78.57,8.84,354.92,39.54,0
17.44,22.65,3.84,7.86,22.83,15.16,5.48,0.57,59.82,0.00,0
265.96,181.06,114.62,98.45,112.45,45.69,110.77,29.03,508.55,0.00,0
140.54,194.28,192.23,81.91,154.91,0.00,128.40,0.00,506.96,93.01,0
34.63,0.00,0.00,10.04,2.88,6.07,11.06,0.00,93.48,6.70,0
67.64,72.55,121.73,99.89,2.31,68.16,83.03,26.79,327.51,0.00,0
228.98,227.30,55.18,1.68,81.73,17.52,110.46,71.98,576.04,1.07,0
78.36,62.16,29.42,33.44,45.26,20.71,42.55,0.00,184.75,14.85,0
60.80,70.30,42.41,36.57,27.40,21.16,30.04,0.00,189.38,0.00,0
37.47,183.49,156.71,0.00,80.66,58.02,54.22,0.00,534.11,13.99,0
24.75,32.77,19.00,23.95,8.15,59.48,29.49,39.69,268.07,2.40,0
241.27,96.46,54.94,44.22,27.22,112.79,184.95,73.05,666.88,30.07,0
46.77,31.74,40.41,0.00,28.73,12.93,24.49,0.00,110.31,10.17,0
36.24,46.09,30.81,7.48,31.52,7.24,21.23,10.34,113.22,10.98,0
21.93,55.03,100.10,26.58,40.89,7.39,71.95,0.00,163.16,0.00,0
102.04,145.12,31.24,49.77,153.68,54.18,74.35,0.00,549.63,0.00,0
62.92,54.70,24.44,12.13,20.12,1.24,21.96,0.00,208.16,25.78,0
124.12,88.87,132.24,50.39,113.88,18.43,108.91,1.92,294.57,46.06,0
168.28,213.53,83.20,29.61,12.43,87.61,144.74,0.00,326.30,0.00,0
63.02,70.15,0.00,19.90,50.12,34.28,29.01,4.88,140.76,0.00,0
99.56,199.17,37.34,94.04,61.46,119.91,113.49,8.85,385.50,126.06,0
52.59,64.82,30.49,3.31,2.02,21.08,21.10,6.50,151.12,23.85,0
172.41,185.92,128.65,95.80,143.95,137.01,218.70,44.39,320.51,8.72,0
9.40,33.67,15.65,11.28,22.72,1.85,17.23,8.84,42.57,5.43,0
50.56,81.93,35.47,38.81,61.40,58.50,67.69,0.00,213.79,16.09,0
90.73,82.05,59.16,0.00,150.94,59.80,88.26,7.83,464.03,66.27,0
137.49,89.32,94.68,0.00,119.55,0.00,152.78,78.33,518.24,145.61,0
269.95,144.94,123.27,24.17,78.31,9.95,105.31,0.00,589.91,29.14,0
80.54,97.49,78.28,11.97,73.62,35.44,72.04,0.00,172.77,31.77,0
23.08,93.25,92.42,30.68,45.08,61.93,105.83,24.61,274.01,0.00,0
126.49,142.97,71.58,55.35,36.71,44.06,121.84,11.58,397.52,0.00,0
182.60,118.98,84.04,35.11,42.54,63.64,156.79,19.99,457.73,51.50,0
33.96,17.05,13.46,2.71,15.74,20.31,28.26,3.97,57.28,5.14,0
63.30,96.40,6.67,3.90,71.92,23.85,57.67,0.00,224.19,30.51,0
26.14,25.93,1.60,12.21,23.67,27.35,42.15,0.00,162.00,1.15,0
32.73,25.27,20.84,6.13,14.08,2.93,13.71,0.00,58.78,5.01,0
20.09,29.76,22.40,26.86,11.60,24.82,18.41,0.00,126.46,25.52,0
48.05,72.18,27.76,0.00,53.66,26.96,70.35,0.00,170.67,40.54,0
24.91,26.59,16.96,12.98,4.30,4.28,21.42,0.00,100.99,3.17,0
203.78,173.90,62.53,29.83,117.36,67.06,199.22,0.00,609.52,4.57,0
58.20,66.56,57.11,7.39,0.00,17.88,37.09,0.00,151.27,0.44,0
74.79,84.82,8.27,1.59,20.99,18.26,28.98,0.00,262.09,0.00,0
134.61,56.12,47.60,62.40,116.10,57.76,75.73,21.53,492.25,0.00,0
15.22,21.31,7.43,6.83,7.65,14.59,14.90,6.06,65.48,4.53,0
70.61,162.43,70.71,14.13,104.11,1.10,122.39,51.87,419.89,77.54,0
44.24,41.14,23.68,16.35,8.45,30.38,19.17,12.14,118.80,16.53,0
1.40,95.58,67.30,61.30,120.84,29.73,58.49,0.00,424.96,0.00,0
94.07,51.71,0.00,13.42,22.03,31.28,90.76,0.00,353.23,9.86,0
52.73,56.51,56.50,15.93,13.55,0.00,69.84,7.74,171.25,54.87,0
66.91,59.22,33.96,34.53,38.68,40.25,40.08,0.00,239.96,0.00,0
86.26,98.59,57.58,25.22,60.93,60.33,83.33,2.41,325.57,37.20,0
84.59,47.94,37.57,37.83,11.52,98.20,85.02,0.00,332.87,20.78,0
48.82,31.30,26.56,26.93,13.17,14.24,29.49,0.00,98.05,6.27,0
57.96,45.15,38.20,13.99,15.39,31.53,57.25,0.00,170.71,3.68,0
12.23,14.32,5.83,19.25,15.98,8.67,27.11,17.46,80.61,11.48,0
102.27,35.25,0.48,0.00,54.66,73.91,66.15,0.00,506.77,11.40,0
96.89,226.41,71.16,34.99,61.42,18.98,189.10,81.09,483.92,0.00,0
137.08,94.59,16.29,27.52,45.71,1.65,66.21,43.51,180.02,34.56,0
26.33,41.80,0.00,6.87,11.01,10.26,20.09,4.17,104.76,0.00,0
107.35,168.91,25.71,0.00,108.35,24.39,62.68,18.41,428.58,4.21,0
75.70,109.88,81.23,154.28,34.64,85.40,199.27,0.00,348.92,0.00,0
129.05,190.12,196.89,47.94,167.68,46.60,227.77,0.00,579.54,44.64,0
130.52,26.05,142.06,1.67,128.08,87.69,183.06,27.55,336.74,46.71,0
44.93,53.89,10.33,35.91,24.27,18.29,67.68,2.66,257.93,3.61,0
36.18,61.45,16.08,15.14,82.72,72.87,46.78,0.00,274.06,67.35,0
48.39,93.52,0.00,77.91,130.97,51.31,83.34,0.00,466.38,9.96,0
142.67,79.74,151.66,0.00,174.42,0.71,156.50,33.53,449.16,68.07,0
50.67,59.78,12.06,0.00,21.90,16.03,55.17,1.02,119.02,0.00,0
129.41,219.76,16.32,89.33,90.53,0.00,128.72,12.37,582.20,32.96,0
88.95,36.03,35.09,23.13,38.55,40.57,61.23,0.00,160.23,0.00,0
34.40,78.38,18.21,36.13,16.32,0.00,68.81,19.63,180.11,10.78,0
43.16,59.86,3.85,29.12,29.20,0.00,27.39,24.71,168.05,13.36,0
23.05,17.00,13.81,4.50,12.35,1.01,17.50,8.61,64.00,4.91,0
115.10,127.70,98.34,61.55,62.03,46.88,105.62,146.23,362.25,13.50,0
119.66,26.84,19.15,18.81,70.24,13.08,54.93,22.03,294.46,21.68,0
78.30,97.93,80.24,0.00,16.88,48.90,123.09,0.00,520.21,34.95,0
68.05,102.26,42.01,0.00,23.01,7.09,38.91,0.00,282.20,47.82,0
204.60,135.79,33.82,15.23,64.49,130.32,140.30,0.00,486.34,52.54,0
74.86,75.94,95.19,43.70,26.41,80.20,113.06,62.57,347.99,0.00,0
144.91,79.28,63.98,12.56,138.52,80.54,87.63,30.15,397.82,0.00,0
28.52,32.30,11.96,4.40,9.42,4.82,21.27,2.18,48.77,2.95,0
83.82,73.93,94.60,2.01,45.17,45.25,85.00,13.51,221.00,24.05,0
55.90,32.40,31.48,4.76,37.29,0.12,22.09,9.09,112.79,2.15,0
104.36,59.45,102.25,106.78,98.37,26.94,147.51,30.59,238.53,109.50,0
30.09,29.04,21.97,14.57,14.43,21.84,11.35,0.00,86.10,10.59,0
70.73,85.98,9.90,0.00,157.40,147.84,105.04,0.00,386.99,56.09,0
25.39,67.45,52.80,89.39,0.00,53.23,127.95,0.00,256.87,25.55,0
76.98,133.29,59.68,60.55,69.60,45.56,104.13,32.38,301.75,0.00,0
147.70,160.37,163.35,71.35,118.99,75.27,141.10,87.31,468.79,18.88,0
50.31,70.26,44.44,49.08,50.65,0.00,94.44,27.44,209.75,0.00,0
11.82,12.84,13.12,18.40,17.18,10.98,22.33,12.78,74.61,0.00,0
39.44,21.46,48.00,56.70,38.97,32.94,47.01,0.00,275.43,58.71,0
53.10,59.28,29.18,37.28,22.25,0.00,49.08,3.31,284.72,0.00,0
48.86,50.48,14.50,17.80,46.94,32.87,33.49,16.63,153.17,3.15,0
12.91,23.42,6.23,5.08,14.98,17.53,12.34,3.26,52.85,0.00,0
54.69,50.08,1.41,8.40,18.73,0.00,38.71,15.00,112.84,0.00,0
163.82,109.89,39.42,93.38,7.18,154.25,86.93,0.00,404.80,104.87,0
28.94,12.98,25.59,1.83,4.38,4.65,34.20,2.32,75.89,0.00,0
40.92,46.83,23.75,8.73,19.41,34.34,42.48,0.00,168.01,10.21,0
35.65,24.73,25.46,26.64,22.04,32.36,41.47,0.48,152.46,0.00,0
162.04,176.97,86.34,0.00,173.65,75.50,205.76,0.00,526.70,0.00,0
92.96,72.93,10.32,62.21,12.59,58.10,91.76,4.19,170.23,57.54,0
61.33,58.85,35.70,48.71,12.65,50.30,36.04,3.15,145.61,0.00,0
151.43,194.40,46.79,27.66,134.34,69.00,144.97,0.00,503.84,21.03,0
32.27,29.40,30.07,14.47,0.00,9.00,31.94,17.22,84.65,0.00,0
21.91,18.62,10.46,16.21,33.05,2.57,16.09,3.54,78.52,0.00,0
34.89,12.23,15.12,18.25,4.54,23.10,19.66,0.00,90.95,18.83,0
135.47,30.77,86.20,136.23,120.60,78.74,55.57,0.00,614.99,0.00,0
115.63,216.89,175.63,0.00,113.05,51.48,99.92,17.93,340.51,0.00,0
19.70,29.24,3.99,10.18,18.25,14.24,34.48,10.46,68.20,0.00,0
184.00,243.97,119.72,94.28,143.39,52.43,123.11,52.97,556.78,80.18,0
90.11,44.03,76.62,63.58,1.27,0.00,54.42,28.60,226.88,0.00,0
211.64,123.69,21.58,40.24,98.81,66.72,29.79,102.45,625.90,4.67,0
29.76,40.36,40.68,0.00,30.86,20.06,59.72,0.00,88.06,0.00,0
78.79,40.28,74.85,91.51,70.40,0.00,0.00,0.00,374.04,0.00,0
51.20,29.64,26.57,11.34,19.19,21.30,27.53,27.52,96.14,18.48,0
260.72,137.46,52.89,0.00,42.00,0.00,144.24,21.67,309.92,86.21,0
62.34,132.28,0.00,55.91,102.97,14.70,92.83,0.00,184.25,0.00,0
111.35,15.62,21.52,0.00,53.55,67.34,33.40,1.66,383.04,18.91,0
21.86,8.52,0.71,0.00,13.56,4.84,21.50,0.00,60.94,3.95,0
20.09,15.16,0.00,9.56,22.45,0.00,27.23,10.49,108.22,3.35,0
196.41,89.97,177.41,134.18,78.41,136.00,119.74,0.00,409.65,64.51,0
55.24,69.31,11.03,9.23,28.78,16.36,25.84,17.57,161.58,0.00,0
117.75,210.42,50.52,41.67,1.68,105.39,0.00,0.00,409.18,0.00,0
29.75,24.26,18.07,0.00,21.87,16.31,48.76,30.83,114.73,13.85,0
96.62,161.85,188.29,88.23,51.89,58.29,103.76,0.00,255.38,6.86,0
199.88,212.05,74.89,109.19,51.25,118.72,131.91,0.00,357.62,18.38,0
48.43,44.32,3.99,22.56,35.94,35.68,20.74,13.78,165.86,0.00,0
102.64,83.72,11.72,39.90,0.00,68.93,11.15,0.00,229.14,59.25,0
67.45,74.70,59.89,10.71,54.33,27.10,38.54,0.00,369.98,0.00,0
23.29,27.06,47.89,0.08,5.40,0.00,39.93,14.95,93.88,20.35,0
126.62,140.43,84.75,51.94,93.78,35.10,53.08,20.29,319.69,9.37,0
26.50,15.86,0.00,4.42,0.00,23.45,4.47,0.00,79.85,0.00,0
48.67,19.36,52.74,9.19,20.88,2.48,4.51,0.00,158.18,0.00,0
237.76,165.70,50.64,7.60,69.47,15.42,199.16,0.00,562.72,72.92,0
127.26,49.56,1.74,0.00,78.17,5.85,132.01,49.14,437.07,0.00,0
41.61,107.07,45.57,14.65,37.32,8.97,84.00,0.00,363.05,41.44,0
48.00,128.96,42.25,22.94,0.00,65.80,79.67,4.65,239.33,0.00,0
126.50,156.05,233.43,43.35,124.56,247.61,182.95,0.00,486.35,28.04,0
131.00,66.02,72.01,12.37,0.00,64.23,136.25,66.00,460.23,0.00,0
65.90,134.90,0.67,0.00,88.75,0.00,89.83,5.33,470.24,6.05,0
123.43,183.33,94.97,35.01,75.40,50.08,106.22,39.46,467.15,0.71,0
92.49,90.63,51.78,0.00,29.63,77.29,119.55,21.83,242.04,16.12,0
85.89,109.92,0.00,0.00,76.36,0.00,77.97,45.26,316.32,39.83,0
92.46,126.20,70.69,91.83,13.24,0.00,108.87,94.83,303.11,0.00,0
135.70,166.53,59.73,61.11,70.28,115.44,57.93,19.94,414.56,56.90,0
213.43,89.63,30.07,91.58,90.31,0.00,89.81,28.98,500.37,72.34,0
48.71,54.73,0.00,63.93,20.60,12.61,49.43,35.77,203.10,0.00,0
79.84,196.26,112.95,77.26,106.76,0.00,61.68,46.40,426.72,0.00,0
64.10,76.48,30.44,54.36,58.43,59.36,237.06,15.33,428.63,39.00,0
27.48,70.94,0.00,30.15,0.00,10.13,65.36,11.67,217.23,0.20,0
153.84,129.92,175.27,0.00,71.60,0.00,118.26,0.00,437.47,13.59,0
24.48,12.93,5.19,3.91,9.98,2.21,19.80,4.20,59.83,1.03,0
131.97,42.39,47.56,31.11,174.72,19.67,151.09,0.00,403.42,0.00,0
37.27,23.00,12.62,7.86,28.69,4.99,16.67,13.22,76.61,0.00,0
38.87,50.12,16.00,0.71,0.00,26.03,18.15,24.25,145.78,26.01,0
140.83,125.77,109.39,78.29,0.00,89.77,152.52,0.00,412.11,23.83,0
252.77,131.89,0.00,28.34,53.94,78.01,189.99,1.86,501.58,31.80,0
10.01,25.63,0.00,5.00,14.96,18.71,18.96,2.89,73.52,11.57,0
72.27,144.75,17.65,5.24,78.36,25.24,166.18,0.00,295.20,33.32,0
62.51,99.71,43.71,36.18,26.94,48.45,107.59,16.68,264.11,35.64,0
39.23,117.66,0.00,1.61,43.67,41.51,87.35,0.00,197.74,32.45,0
104.87,76.26,145.33,149.26,164.75,43.41,196.52,0.00,491.94,0.00,0
24.24,55.61,23.99,30.67,70.82,22.45,112.55,6.59,369.93,12.26,0
66.81,79.40,41.02,27.57,12.35,79.72,111.81,92.85,381.51,0.00,0
59.04,93.78,16.94,0.00,41.32,0.00,92.46,6.83,240.87,35.17,0
101.85,118.13,59.59,49.70,35.88,65.33,28.41,0.00,280.55,0.00,0
153.34,60.29,23.09,31.24,67.07,7.14,47.21,7.56,352.95,25.16,0
126.58,76.06,49.33,27.68,17.07,68.64,76.09,0.00,326.88,0.00,0
203.19,198.48,192.74,68.39,36.45,92.33,121.77,31.85,449.41,0.00,0
149.14,154.22,86.50,112.90,13.65,39.49,104.13,0.00,499.73,0.00,0
44.79,101.96,28.98,67.76,84.45,28.35,154.57,0.00,369.88,0.00,0
38.82,47.58,25.61,14.49,15.57,29.38,50.32,14.32,80.03,7.99,0
22.12,14.96,31.49,5.17,15.57,5.05,48.80,0.00,108.44,19.23,0
79.54,80.66,58.07,54.72,83.79,20.46,62.80,15.13,243.76,0.00,0
34.00,61.29,28.80,33.27,0.00,49.66,111.27,43.48,177.58,0.00,0
144.04,146.33,34.03,84.57,27.13,0.00,164.83,118.02,668.07,2.45,0
113.73,83.13,95.63,0.00,33.99,30.63,79.26,0.00,231.39,45.60,0
185.95,121.91,15.75,161.75,59.53,14.79,114.72,16.30,526.27,102.84,0
28.23,30.42,84.91,68.08,67.95,16.56,170.15,46.57,365.26,0.00,0
79.53,89.43,76.92,38.96,56.05,50.04,99.01,38.46,330.49,0.00,0
147.97,142.04,46.23,56.16,59.40,5.03,122.24,22.26,201.49,4.90,0
116.98,171.94,73.13,11.11,0.00,0.00,107.82,18.02,364.35,51.18,0
119.77,0.00,60.12,67.74,40.76,25.13,97.67,0.00,337.49,0.00,0
78.61,55.49,42.88,47.96,28.57,45.87,56.58,0.00,274.33,0.00,0
116.36,146.04,57.81,17.96,64.64,55.68,143.84,0.00,319.36,53.33,0
97.99,113.64,76.01,10.81,69.50,31.34,34.11,32.34,332.53,52.00,0
64.33,87.15,74.07,58.44,26.37,70.75,130.41,0.00,266.72,49.08,0
62.90,79.88,62.12,40.64,24.01,43.54,9.83,0.00,282.92,0.00,0
77.50,53.66,59.08,66.39,65.24,18.94,59.69,0.00,163.48,2.52,0
37.28,59.20,3.99,12.48,42.81,22.34,63.68,32.89,177.47,25.92,0
201.73,165.50,111.46,34.56,109.18,129.00,214.75,23.34,439.50,51.05,0
1.75,65.12,71.77,52.31,6.60,28.28,24.96,0.00,223.80,7.07,0
26.91,54.06,17.01,14.23,51.15,0.00,34.92,10.69,109.40,10.36,0
113.42,70.14,81.68,53.62,0.00,61.94,160.29,0.00,348.64,0.00,0
123.02,252.02,61.44,73.93,64.97,50.52,119.36,0.00,457.00,2.56,0
243.18,121.53,118.89,84.50,28.44,90.83,110.63,64.51,408.47,0.00,0
132.39,70.99,9.98,0.00,0.00,32.96,74.92,43.46,384.41,86.00,0
99.04,31.15,44.48,0.00,48.36,0.00,65.72,0.00,214.37,29.02,0
97.88,55.04,15.66,107.96,36.75,49.14,81.26,87.96,393.33,63.91,0
9.34,26.09,20.90,19.61,29.43,13.78,18.57,0.00,65.52,0.00,0
157.88,152.51,46.10,0.00,100.19,0.00,103.91,0.00,627.45,123.57,0
182.48,128.00,144.67,23.98,65.17,47.32,89.03,0.00,491.90,0.00,0
87.34,86.01,33.19,0.00,56.63,42.97,46.96,2.93,218.33,0.00,0
16.65,19.90,7.49,1.33,12.57,14.89,16.26,0.00,55.31,0.36,0
110.28,97.77,1.70,106.83,66.83,56.76,107.29,0.00,322.91,52.87,0
172.78,117.21,97.66,52.78,89.74,119.87,134.44,0.00,438.20,32.21,0
156.49,134.83,20.80,120.18,121.74,38.82,73.20,0.00,520.14,43.15,0
146.39,105.12,36.75,14.04,71.74,0.00,90.27,12.00,332.75,61.21,0
106.70,75.07,37.65,20.96,72.11,55.51,120.18,0.00,193.28,17.10,0
81.98,154.64,146.32,0.00,88.71,159.30,147.20,0.00,434.62,34.20,0
82.81,98.63,0.00,13.25,114.03,54.73,78.46,94.29,252.74,42.16,0
55.23,82.85,36.47,27.35,8.68,45.93,29.76,0.00,244.03,16.58,0
143.18,144.81,16.42,29.14,7.32,0.00,100.38,16.04,353.90,38.85,0
165.73,49.77,9.73,109.27,88.43,64.09,84.84,28.54,347.73,0.00,0
90.30,83.84,22.08,49.45,40.46,44.08,92.42,0.00,278.89,34.48,0
152.74,14.21,0.00,0.00,159.78,105.53,160.97,0.00,450.63,2.33,0
28.55,37.95,0.00,24.90,6.85,0.98,8.81,11.93,91.89,0.00,0
211.91,186.37,84.41,71.63,73.96,44.91,0.00,0.00,487.40,155.68,0
69.03,51.62,16.62,0.00,10.56,35.89,38.71,7.39,139.14,13.54,0
121.91,141.94,24.59,3.69,0.00,60.60,150.02,0.00,330.69,0.00,0
133.47,62.31,110.61,16.34,64.67,90.26,102.01,0.00,231.67,52.41,0
93.37,156.46,42.70,14.76,76.34,22.13,32.79,0.00,440.69,26.15,0
237.10,63.91,87.72,108.23,61.43,126.08,105.42,45.95,372.86,54.32,0
147.66,140.35,15.96,0.00,23.59,100.56,28.03,0.00,414.21,60.59,0
42.95,51.95,0.00,0.00,29.72,39.78,93.04,1.53,204.94,23.34,0
72.43,72.29,52.49,41.66,36.53,22.68,67.65,25.99,191.71,11.61,0
70.19,99.35,4.45,21.80,27.01,27.18,49.19,14.59,203.41,38.86,0
153.26,80.00,154.97,81.91,35.81,27.12,217.04,106.05,584.92,91.55,0
76.90,192.38,78.42,35.84,94.15,93.27,185.94,0.00,360.15,0.00,0
50.19,46.89,19.70,52.70,3.76,79.77,84.35,19.59,221.63,0.00,0
32.81,23.54,14.81,7.88,0.99,8.63,14.04,0.00,78.97,0.00,0
129.78,156.61,86.81,0.00,239.41,131.40,136.86,1.97,510.25,0.00,0
36.33,10.47,0.00,1.66,27.85,8.21,16.37,0.00,65.19,0.00,0
45.18,83.69,24.69,15.76,41.70,9.76,62.56,0.00,152.95,17.08,0
88.93,115.96,0.00,29.67,2.25,69.05,105.25,27.03,365.65,34.34,0
40.80,76.11,35.35,36.59,43.56,22.33,10.58,76.48,357.22,32.55,0
72.25,52.63,54.36,10.47,9.39,25.51,43.42,31.38,222.98,22.47,0
88.74,117.13,83.78,4.51,100.29,44.69,87.34,0.00,399.39,53.64,0
25.65,24.21,22.07,0.00,42.09,8.94,43.84,21.48,191.35,0.00,0
184.60,242.39,87.53,15.63,92.30,45.95,35.04,0.00,625.12,48.29,0
213.36,82.02,88.58,42.86,63.55,17.40,182.14,0.00,588.93,99.15,0
115.64,167.75,16.43,98.37,92.16,27.51,11.00,0.00,397.80,0.00,0
95.20,104.43,78.90,23.70,73.09,22.32,99.49,0.00,221.12,1.12,0
55.64,37.42,0.00,17.78,28.57,12.23,10.12,12.87,136.58,0.00,0
35.58,64.98,42.52,0.00,40.87,0.00,43.85,12.11,348.83,7.00,0
56.74,102.26,29.73,11.05,39.89,13.34,17.83,0.00,298.52,18.53,0
24.55,23.53,19.39,12.82,6.32,7.39,18.06,24.39,96.33,0.00,0
121.43,88.88,43.80,69.41,2.18,5.43,123.49,75.37,421.60,18.32,0
99.07,148.03,9.31,39.56,22.15,68.30,36.55,0.00,403.97,0.00,0
127.08,79.82,90.40,20.31,70.62,76.19,107.43,35.80,331.46,122.07,0
58.59,92.66,69.23,41.66,31.16,60.34,70.75,19.42,297.81,16.38,0
106.50,166.03,76.88,11.58,92.59,4.47,65.97,0.00,409.21,0.00,0
112.03,116.13,89.53,74.08,39.25,0.00,0.00,26.21,670.88,0.00,0
18.67,43.15,62.33,48.08,49.77,4.83,54.96,0.00,144.38,0.00,0
21.38,19.92,24.05,7.10,16.87,7.47,25.70,0.00,88.97,8.23,0
80.23,135.49,119.16,0.00,176.13,38.49,84.52,0.00,568.46,0.00,0
89.83,49.37,21.62,32.04,42.30,16.19,133.70,28.81,161.91,0.00,0
137.39,166.31,66.93,70.77,22.44,67.98,59.92,92.44,334.73,7.60,0
100.34,72.82,10.47,28.95,100.72,33.42,45.02,0.76,350.46,4.20,0
106.41,155.66,41.93,18.58,26.30,94.67,45.90,45.97,423.31,0.00,0
37.33,29.72,9.17,20.62,26.02,9.51,56.00,3.37,133.85,24.49,0
121.80,79.60,10.02,18.93,202.35,0.00,186.24,58.41,427.43,22.37,0
129.98,100.12,77.27,93.21,65.32,95.13,52.67,0.00,378.61,16.54,0
115.85,121.12,53.15,57.04,97.16,0.00,71.15,0.00,331.10,50.71,0
139.10,207.38,65.32,62.87,72.28,85.64,197.65,0.00,486.82,23.59,0
46.42,43.94,39.10,22.69,38.08,15.42,31.83,4.11,95.35,0.00,0
56.62,44.21,12.32,28.20,29.94,0.00,38.93,5.64,151.56,6.67,0
12.39,47.50,25.39,5.13,18.67,30.52,19.28,6.92,175.77,4.62,0
126.34,169.48,127.93,57.10,15.31,0.00,27.38,9.01,377.60,0.00,0
47.56,28.24,17.11,9.67,0.00,23.98,32.47,0.00,111.55,3.20,0
98.91,160.92,102.91,0.00,61.81,43.87,201.00,0.00,446.29,38.71,0
45.72,40.94,24.90,10.79,58.73,28.08,25.50,0.00,214.06,22.49,0
183.83,160.76,138.28,109.20,121.96,151.74,91.03,63.31,677.20,0.00,0
55.68,57.35,80.04,130.48,83.85,84.99,48.57,6.17,295.91,0.00,0
92.26,60.36,54.86,65.18,90.77,42.25,83.72,30.24,330.68,46.93,0
12.08,36.18,15.07,20.55,85.31,57.21,30.20,14.80,135.66,2.65,0
92.04,44.83,38.93,3.79,57.97,6.09,109.24,0.00,237.93,4.83,0
146.68,155.77,43.02,87.79,40.82,51.42,67.87,29.52,437.41,0.00,0
66.81,62.58,70.01,29.31,90.11,17.08,15.41,4.12,246.19,0.00,0
40.46,67.49,26.63,64.55,0.00,48.78,36.47,25.09,260.32,10.56,0
140.42,135.19,35.35,111.97,158.52,55.90,198.39,0.00,386.65,0.00,0
134.65,154.88,17.10,25.56,16.47,25.90,8.90,0.00,215.00,40.07,0
20.64,16.91,0.00,3.54,9.19,12.75,10.05,0.00,54.36,12.40,0
124.31,86.71,144.85,118.84,31.45,97.37,54.84,5.11,518.50,73.28,0
210.05,165.24,95.28,92.61,33.17,17.64,0.00,153.06,551.31,84.56,0
134.36,155.63,26.65,9.95,0.00,0.00,82.20,38.15,479.25,19.42,0
41.05,40.65,16.71,0.00,33.22,11.58,1.20,17.62,171.41,13.38,0
27.92,19.19,0.00,0.00,33.50,2.88,42.74,4.76,95.54,0.00,0
70.38,87.89,56.85,21.59,35.85,61.02,124.57,73.68,388.18,8.24,0
140.93,166.67,95.70,13.04,0.00,0.00,69.20,36.57,508.48,44.58,0
29.53,132.56,84.48,4.05,48.10,44.08,59.25,0.00,266.98,31.07,0
55.37,48.11,11.02,57.96,14.20,13.48,95.43,0.00,294.17,24.00,0
50.78,111.49,15.17,1.89,111.70,59.12,100.51,0.00,335.59,32.20,0
44.75,57.00,18.44,12.76,19.82,21.57,55.43,5.96,197.75,0.00,0
101.47,88.96,70.05,64.46,17.65,84.02,66.73,89.66,358.95,0.00,0
219.03,220.54,180.01,0.00,52.03,0.00,80.34,72.04,435.22,5.07,0
169.14,140.28,73.19,0.52,70.62,134.22,136.01,0.00,506.33,0.00,0
21.89,30.02,7.86,0.00,6.15,21.99,1.15,6.39,79.88,16.83,0
37.70,54.91,29.27,3.87,0.00,33.41,32.36,11.61,125.10,0.00,0
24.68,21.49,0.00,12.88,8.36,15.23,17.79,1.59,77.53,0.42,0
69.57,227.56,41.38,143.31,61.39,175.79,120.70,6.88,467.57,58.91,0
47.42,46.54,15.03,12.03,9.40,36.61,16.46,2.19,99.77,0.75,0
112.54,87.70,59.38,6.60,54.55,0.00,91.25,22.84,286.55,0.00,0
233.01,188.47,142.45,29.09,70.82,27.76,36.89,82.30,695.65,0.00,0
199.41,132.29,144.48,0.00,31.04,0.00,171.25,5.66,366.11,76.02,0
177.96,115.81,90.06,79.04,106.35,80.07,38.01,0.00,611.11,32.74,0
217.55,127.66,0.00,0.00,103.34,80.51,125.77,10.35,575.61,29.58,0
37.30,105.85,47.88,8.56,64.62,46.34,46.52,18.66,187.22,15.86,0
175.49,136.69,0.00,72.01,15.75,50.03,48.60,23.90,753.05,81.96,0
106.50,72.33,34.20,0.00,86.04,0.00,32.85,0.00,245.18,0.00,0
138.25,37.54,13.30,63.02,65.84,41.50,110.64,0.00,362.28,59.48,0
111.61,107.00,35.90,18.11,0.00,0.00,73.22,0.00,297.01,0.00,0
34.57,53.49,43.06,20.92,47.79,103.41,62.46,3.93,208.31,44.93,0
120.10,141.91,107.65,61.62,116.19,69.55,89.86,52.12,409.24,58.37,0
84.77,54.01,95.60,73.05,125.09,63.18,98.92,26.33,235.49,12.94,0
97.87,104.68,15.38,45.05,79.57,0.00,93.15,13.85,291.76,19.70,0
19.03,14.13,20.57,5.52,4.97,2.23,23.56,0.00,59.05,0.75,0
116.33,163.11,48.89,43.77,34.00,79.47,53.14,94.83,351.70,50.52,0
98.60,62.99,30.62,11.90,15.37,89.02,129.77,0.00,383.79,0.29,0
147.77,112.34,72.09,0.00,10.66,36.56,55.65,0.00,272.86,0.00,0
57.76,66.89,47.92,4.53,74.26,44.42,70.82,0.00,264.91,35.63,0
39.56,63.88,25.95,57.96,0.06,19.86,93.97,39.97,242.85,21.76,0
58.73,121.44,62.34,44.79,43.38,17.05,60.24,6.54,214.72,0.00,0
24.20,63.22,23.28,54.63,119.06,110.30,124.94,39.04,244.54,7.95,0
24.56,39.46,22.45,1.24,15.00,9.44,28.32,4.17,85.45,12.53,0
31.12,34.96,58.17,1.15,16.93,55.22,21.67,10.22,214.32,25.45,0
61.37,36.77,25.60,15.82,66.02,26.73,78.10,4.53,174.51,0.00,0
86.10,131.79,84.54,34.44,118.11,53.54,92.83,50.36,329.08,56.52,0
92.35,96.15,77.47,54.13,62.23,58.36,52.28,48.16,249.00,0.00,0
69.73,54.76,0.00,17.94,54.87,33.30,59.30,42.10,270.25,73.81,0
118.27,124.88,91.94,20.35,101.97,0.00,77.27,19.72,364.56,0.00,0
238.52,126.07,159.31,25.39,170.08,0.00,123.92,0.00,505.18,26.45,0
138.50,131.84,107.61,48.52,119.03,0.00,136.21,60.46,440.21,50.62,0
151.42,109.04,27.80,67.12,77.36,45.68,130.94,56.35,411.85,9.12,0
36.88,50.77,16.64,7.34,20.50,72.04,60.70,20.49,234.71,0.00,0
100.67,192.19,90.46,19.30,0.00,156.78,86.09,63.84,450.49,35.34,0
220.75,127.79,99.18,102.29,62.19,29.28,59.76,0.00,444.52,0.00,0
95.08,149.79,92.03,80.83,65.47,35.14,56.80,0.00,348.01,0.00,0
129.43,90.77,15.39,104.12,33.34,26.70,44.84,0.00,273.42,33.11,0
61.88,70.76,6.76,35.23,30.21,8.18,79.78,5.35,165.96,13.54,0
35.67,21.82,16.87,6.17,18.88,2.79,10.55,0.00,51.43,0.00,0
208.08,209.10,25.14,12.14,42.66,110.95,129.08,97.05,538.59,14.43,0
46.87,43.77,24.52,9.03,8.77,11.13,36.67,0.00,124.76,21.14,0
45.06,16.14,0.00,33.27,6.89,1.76,15.95,5.26,91.02,4.64,0
24.55,28.88,19.16,14.68,5.51,17.70,36.64,0.00,131.27,0.00,0
76.16,100.93,59.99,0.00,28.93,18.24,59.24,7.14,232.31,0.00,0
158.18,117.01,143.07,45.23,88.13,154.72,149.59,71.04,372.94,84.91,0
49.29,74.27,33.92,11.07,17.53,33.38,18.73,22.95,161.63,7.56,0
65.46,49.03,19.51,9.56,44.39,0.00,39.76,11.69,144.41,0.00,0
75.78,86.63,2.89,80.26,32.26,58.57,94.97,0.00,392.78,32.98,0
47.78,29.35,3.88,15.46,7.60,30.73,31.94,20.52,78.10,3.79,0
122.98,75.57,35.00,44.12,4.57,22.54,93.28,17.46,200.23,0.00,0
138.81,62.28,102.13,71.62,43.69,139.04,138.73,0.00,293.30,0.00,0
281.00,122.56,114.83,84.12,51.10,90.66,134.36,0.00,615.48,24.36,0
50.50,44.42,17.14,17.32,35.90,10.62,57.38,0.00,101.79,12.83,0
112.58,77.79,63.09,0.00,67.09,66.70,130.25,0.00,409.58,94.94,0
17.27,46.66,40.03,0.00,12.37,7.93,49.98,0.00,111.36,18.70,0
139.16,129.24,75.88,134.14,90.97,81.14,77.59,0.00,344.41,12.04,0
14.83,11.78,11.01,16.65,4.11,22.81,13.55,0.06,76.65,8.60,0
158.17,114.38,71.18,0.00,48.40,126.99,151.62,0.00,408.37,31.83,0
76.08,99.44,116.36,48.97,95.59,4.14,59.74,43.68,427.58,0.00,0
35.09,29.44,0.00,0.00,31.10,5.32,4.49,4.23,72.37,0.00,0
64.26,81.65,53.63,124.25,35.40,20.47,113.59,4.60,423.45,64.76,0
27.45,51.97,17.05,33.24,30.55,28.71,17.32,17.76,159.31,9.45,0
21.53,14.88,5.95,8.41,25.92,13.29,25.90,0.00,87.43,14.69,0
46.96,23.46,4.31,19.48,7.51,47.98,55.12,13.18,152.59,0.00,0
185.82,241.32,97.34,9.37,89.43,124.02,35.01,0.00,570.40,0.00,0
42.47,49.98,170.12,75.04,88.43,75.23,188.15,27.67,292.16,57.59,0
142.35,76.71,63.40,0.98,80.17,46.13,204.11,0.00,489.00,101.92,0
231.70,159.96,16.45,109.63,98.94,42.72,90.53,0.00,618.20,41.94,0
28.31,54.93,50.01,32.96,45.56,0.00,77.46,22.30,161.65,2.76,0
57.98,0.00,126.95,72.38,80.20,87.72,184.60,12.49,477.90,0.00,0
117.16,38.05,103.69,0.00,86.87,0.00,142.89,32.45,485.64,0.00,0
31.32,67.31,61.28,13.89,32.71,30.76,60.33,0.00,176.78,9.12,0
67.03,83.33,51.91,79.36,91.90,143.77,91.24,77.61,575.33,20.73,0
122.02,124.41,41.07,14.11,26.53,51.36,68.58,11.80,317.96,0.00,0
34.84,27.32,8.09,7.04,26.87,7.66,35.14,0.00,123.77,0.00,0
26.50,20.19,13.95,3.25,19.98,5.89,24.18,3.75,74.41,3.92,0
149.53,173.07,52.29,83.18,0.00,102.56,11.79,0.00,442.05,0.00,0
60.72,47.26,34.41,58.92,39.54,7.82,43.37,0.00,253.92,18.25,0
76.77,61.58,16.90,26.98,60.76,14.49,38.86,0.00,143.71,0.00,0
175.50,100.20,58.47,17.87,101.16,85.94,143.36,0.00,219.81,0.00,0
50.36,58.88,51.01,4.14,51.50,0.00,62.08,0.00,152.24,6.75,0
69.14,65.66,7.89,34.60,4.61,37.16,43.07,3.08,220.73,0.00,0
49.79,49.55,66.58,58.63,87.61,71.32,96.10,22.29,255.26,26.13,0
42.19,63.84,27.52,14.59,30.42,13.66,27.85,0.00,249.01,11.17,0
90.57,154.45,118.12,83.25,44.29,62.76,117.03,14.37,521.34,0.00,0
232.07,203.23,55.08,40.67,161.18,66.11,127.31,62.12,354.87,100.92,0
65.82,36.38,20.86,18.90,63.41,14.94,60.18,0.00,225.31,0.30,0
124.28,22.85,69.59,38.60,0.21,52.86,71.36,17.05,403.57,34.60,0
201.03,172.74,23.49,103.08,109.85,104.91,128.59,0.00,499.78,0.00,0
28.87,47.83,22.08,6.75,23.83,18.16,32.07,0.00,153.01,2.28,0
154.72,188.44,4.56,0.00,159.72,117.27,237.18,36.51,351.56,0.00,0
70.00,83.97,106.39,0.00,89.24,0.00,85.64,36.19,320.01,0.00,0
230.52,194.00,0.00,1.51,72.22,56.05,117.10,98.93,562.27,0.00,0
46.61,14.03,40.04,29.31,40.12,14.28,32.63,5.97,182.37,4.84,0
76.77,91.53,67.50,1.44,6.52,24.72,146.39,0.00,269.36,39.13,0
91.49,58.94,36.80,31.65,42.42,17.93,80.69,0.00,158.63,0.00,0
52.63,42.33,27.20,9.35,17.80,15.80,67.21,0.00,152.97,5.39,0
202.06,90.04,0.00,43.26,0.00,0.00,174.09,0.00,371.14,8.99,0
188.42,71.14,0.00,9.78,83.37,45.56,91.45,62.38,449.86,48.16,0
53.60,41.64,56.39,16.18,31.91,25.18,57.39,0.00,215.77,27.83,0
67.70,0.00,154.88,8.57,166.52,0.00,160.49,0.00,373.70,19.61,0
96.50,95.18,84.99,39.21,2.16,89.18,171.22,0.00,684.68,0.00,0
129.58,50.41,41.33,0.00,132.45,0.00,63.83,19.65,560.33,19.02,0
64.68,82.12,13.44,17.99,79.26,50.40,83.22,0.00,256.39,0.00,0
202.89,124.75,43.25,87.59,140.61,21.35,130.22,42.25,469.34,39.76,0
44.98,36.45,39.26,0.00,15.73,16.16,26.51,0.00,103.31,0.00,0
54.31,98.98,101.49,58.88,74.88,0.00,139.45,0.00,312.03,53.59,0
53.96,58.32,29.19,5.70,15.89,0.00,46.10,8.54,185.65,8.42,0
25.86,57.52,45.57,18.45,14.49,34.46,27.61,0.00,143.70,0.00,0
114.30,135.94,18.69,69.57,68.77,35.16,81.72,0.00,360.49,0.24,0
73.46,53.67,40.81,0.00,41.97,18.24,53.55,8.36,173.18,6.98,0
29.15,21.42,15.30,14.40,15.12,25.16,38.03,9.97,82.68,0.00,0
95.69,124.44,64.71,53.10,87.28,84.66,99.88,29.37,360.84,0.00,0
23.47,27.19,22.53,0.00,28.57,14.43,31.07,0.00,149.11,4.45,0
104.31,89.37,102.34,2.10,55.23,98.85,158.54,95.62,445.00,32.15,0
50.63,50.63,25.92,11.01,27.80,40.61,52.42,0.00,126.11,0.00,0
115.95,64.65,153.91,0.00,138.10,0.00,229.60,64.84,405.24,77.08,0
86.92,0.00,56.33,40.33,26.65,93.87,158.48,22.83,392.41,55.59,0
24.11,17.60,21.05,0.00,10.18,0.00,24.80,17.86,92.08,15.85,0
29.19,84.48,19.23,30.31,80.46,33.21,58.68,0.00,276.76,27.85,0
25.11,21.34,24.14,23.22,1.74,0.76,0.00,6.18,53.70,2.55,0
20.03,34.01,0.00,16.99,2.55,14.93,12.87,0.00,90.41,11.40,0
24.18,19.85,45.86,0.00,54.65,24.41,20.51,31.74,118.61,0.00,0
228.71,256.21,147.59,78.43,82.96,71.44,111.43,0.00,647.97,34.59,0
52.59,140.20,51.01,3.97,29.05,45.36,77.30,36.90,234.87,53.72,0
74.29,50.90,24.16,0.00,74.73,28.29,80.42,0.00,267.53,0.00,0
91.79,118.79,60.50,66.33,38.17,50.54,99.80,17.04,373.83,35.23,0
143.13,87.11,0.00,8.40,79.95,84.73,59.47,16.99,325.09,26.35,0
118.08,106.86,49.07,0.00,81.59,24.38,116.19,76.52,283.37,57.98,0
35.72,27.12,25.94,13.83,6.45,7.27,40.59,11.25,117.16,0.73,0
120.38,76.38,37.05,61.73,24.84,57.05,65.46,18.74,501.83,68.26,0
165.54,144.88,144.76,41.68,107.90,0.00,164.10,3.92,412.84,0.00,0
281.95,213.91,155.28,51.48,98.33,64.81,17.38,22.02,404.66,0.00,0
49.70,32.27,3.07,11.07,7.13,27.25,45.34,12.51,226.90,3.06,0
117.48,127.70,148.33,0.00,15.36,0.00,138.14,22.32,300.56,28.33,0
93.09,92.43,89.30,5.01,75.76,0.00,81.91,2.64,436.34,15.67,0
0.00,52.50,158.30,68.38,122.48,28.15,168.08,9.16,485.98,25.14,0
62.07,106.03,97.71,0.00,101.47,10.65,200.90,78.57,342.91,0.00,0
157.97,84.93,187.82,21.29,77.13,0.00,22.92,45.26,572.17,0.00,0
67.01,67.02,55.04,0.00,37.41,64.82,53.76,0.00,173.26,22.65,0
55.48,72.57,29.22,21.75,15.16,26.22,61.36,11.15,148.35,0.00,0
159.53,199.34,24.43,22.40,20.73,121.95,202.14,34.67,544.30,29.08,0
120.49,97.28,76.22,130.10,76.48,19.89,76.20,54.54,272.52,0.00,0
53.65,54.24,14.28,16.37,30.02,71.91,51.52,0.89,230.91,18.45,0
35.30,70.18,98.89,0.00,86.43,57.20,72.16,0.00,247.05,22.41,0
70.73,41.62,32.51,0.00,6.55,15.80,35.50,27.04,145.56,0.00,0
59.20,64.04,60.42,5.20,97.28,37.24,65.81,0.00,270.04,0.00,0
188.69,187.00,67.23,12.33,42.83,93.14,184.30,51.08,415.93,39.29,0
130.76,125.40,48.64,0.00,123.18,86.99,143.86,59.53,420.66,18.49,0
66.97,81.75,42.60,0.00,59.62,18.62,61.23,0.00,154.06,23.52,0
169.08,151.97,67.50,53.60,55.48,92.91,79.90,0.00,443.95,0.00,0
12.81,20.24,14.35,19.11,5.53,5.99,10.08,0.00,59.27,0.00,0
174.79,106.83,151.63,10.93,103.99,0.00,100.16,112.91,299.54,18.89,0
175.91,144.22,49.13,1.47,0.00,155.88,46.62,41.66,370.65,61.80,0
171.97,293.58,102.31,21.95,113.93,21.57,116.39,0.00,483.32,5.22,0
123.55,148.91,64.79,68.73,153.04,46.97,48.28,0.00,393.80,16.26,0
27.51,22.37,11.31,26.89,24.96,7.60,0.00,17.85,152.50,0.00,0
210.33,162.77,81.24,7.77,92.31,0.00,85.90,0.00,358.17,0.26,0
235.37,59.26,204.57,151.23,96.32,44.80,228.70,0.00,514.30,0.00,0
101.23,115.98,57.86,55.96,17.19,83.91,114.39,0.00,395.24,28.47,0
175.89,106.25,0.00,54.07,86.22,55.02,211.84,62.72,532.17,95.64,0
19.92,19.78,10.09,15.17,23.75,21.83,27.47,0.00,42.96,13.56,0
131.36,90.43,98.69,47.17,159.10,53.23,110.56,0.00,399.54,91.05,0
77.43,61.93,21.23,13.61,80.89,0.00,56.20,29.51,133.73,28.00,0
144.95,56.28,152.92,40.11,156.48,0.00,189.85,30.91,487.57,0.00,0
164.13,115.09,132.13,125.02,121.69,108.71,51.70,0.00,508.76,0.00,0
28.10,52.38,0.00,20.59,30.98,2.71,50.45,3.61,175.90,23.29,0
37.22,48.39,33.62,22.78,61.67,20.74,59.99,0.00,202.54,0.00,0
17.90,11.29,9.97,3.66,28.32,30.76,71.42,20.00,217.91,14.27,0
65.33,50.81,31.51,0.00,22.20,9.12,35.90,8.28,160.06,12.43,0
123.20,80.58,26.71,16.27,151.25,68.75,86.81,43.26,284.05,44.64,0
42.40,34.32,42.82,12.93,12.84,5.73,34.47,2.69,114.29,0.00,0
151.49,134.41,96.80,44.83,97.26,95.66,127.09,0.00,294.99,35.74,0
112.51,31.75,0.00,96.03,50.19,89.20,98.61,78.08,482.13,64.49,0
98.68,33.57,24.55,0.00,60.70,26.95,39.94,0.00,258.06,0.00,0
328.51,248.39,197.02,26.50,0.00,0.00,179.27,32.33,489.42,7.26,0
74.54,51.64,113.89,62.44,50.62,51.54,30.75,31.18,372.90,0.00,0
144.65,109.55,40.79,44.68,51.88,110.09,143.60,2.75,294.09,65.73,0
82.13,73.44,27.34,23.97,70.61,27.35,163.38,0.00,247.06,34.27,0
123.65,129.17,57.97,88.36,83.00,169.07,111.61,44.47,465.05,106.88,0
54.07,21.04,32.72,8.68,30.63,21.43,27.57,0.00,112.54,0.00,0
84.90,46.96,36.99,28.84,29.96,38.97,11.10,0.00,269.43,23.82,0
127.93,70.28,100.87,74.60,41.52,43.25,113.73,33.67,372.08,0.00,0
149.00,100.09,32.39,0.00,104.78,134.20,90.88,0.00,397.66,0.00,0
62.38,32.38,60.00,48.67,48.32,29.35,51.42,30.89,267.24,41.56,0
39.66,57.64,24.38,31.64,55.16,16.72,123.89,0.00,242.14,58.17,0
163.80,156.63,96.49,0.00,174.02,93.06,60.60,0.00,533.90,37.02,0
93.79,60.67,0.00,32.53,32.30,30.89,56.43,14.61,235.90,0.00,0
19.23,93.58,122.01,47.76,114.59,32.29,43.39,76.74,421.26,10.88,0
87.19,108.74,0.00,0.00,59.26,0.00,42.34,0.00,290.41,47.31,0
114.67,20.25,24.65,37.79,34.63,7.73,113.99,15.22,303.06,11.07,0
43.96,123.70,0.00,36.04,81.85,0.00,0.00,18.42,451.62,25.93,0
32.11,30.11,27.62,4.68,35.77,12.75,33.08,0.00,67.62,22.12,0
111.64,82.91,86.11,63.61,73.53,12.31,76.37,67.04,464.21,32.37,0
175.07,46.37,11.02,170.77,131.32,151.54,60.79,0.00,456.04,29.10,0
120.18,121.11,63.60,115.66,73.83,108.97,157.56,24.36,311.04,14.19,0
78.16,77.76,161.39,39.10,95.63,70.43,147.04,42.75,455.63,0.00,0
115.32,97.51,101.84,0.43,229.17,63.86,184.13,0.00,304.57,18.11,0
129.40,192.71,153.52,84.45,145.72,95.91,116.15,0.00,349.99,0.00,0
34.93,50.64,66.02,15.63,32.92,20.93,34.32,3.53,81.07,3.50,0
48.59,121.19,5.34,57.74,108.10,74.88,194.15,45.90,239.26,22.79,0
110.84,65.46,15.75,70.24,85.58,38.89,121.96,20.82,283.88,22.39,0
110.24,91.71,46.50,30.43,38.31,25.20,51.91,30.35,272.91,52.42,0
147.24,77.43,59.47,176.00,69.71,99.22,143.44,5.99,514.92,54.27,0
120.54,164.63,31.14,53.68,7.43,13.69,162.54,0.00,432.01,38.73,0
83.59,111.96,26.48,4.61,44.78,12.04,74.62,31.24,210.18,13.47,0
76.88,71.92,41.57,23.18,70.63,16.68,32.22,0.00,174.64,5.10,0
33.52,40.85,13.61,4.07,35.01,35.65,75.12,30.30,118.36,0.00,0
21.76,6.66,10.90,7.71,0.00,16.35,33.84,0.00,45.09,0.00,0
85.58,152.30,75.04,47.73,75.44,102.91,91.21,0.00,302.96,23.93,0
103.37,70.92,6.51,0.00,43.10,7.67,119.34,0.00,288.97,32.38,0
74.36,85.32,117.74,52.41,13.34,42.99,65.14,0.00,424.03,30.69,0
9.44,23.21,19.97,23.25,30.16,38.59,17.13,0.00,158.22,0.00,0
207.73,148.45,41.26,98.33,14.70,114.95,142.90,26.96,342.16,0.00,0
164.68,181.32,126.89,8.10,34.35,0.00,81.26,0.00,363.97,10.30,0
91.81,71.94,72.17,0.00,24.97,21.49,8.16,0.00,210.25,3.64,0
166.14,189.92,138.66,0.00,160.78,49.31,93.94,0.00,459.76,72.39,0
21.70,13.05,7.84,2.75,11.23,15.19,26.78,0.00,82.78,8.00,0
69.66,66.37,13.69,31.81,11.26,18.54,60.31,0.00,152.20,0.00,0
79.12,127.96,12.12,5.53,63.14,28.09,92.92,0.00,294.86,0.00,0
95.64,114.92,89.87,95.79,99.38,80.15,183.55,0.00,366.54,29.59,0
27.33,37.84,24.55,17.35,49.42,15.47,18.76,5.71,93.31,8.64,0
165.43,143.03,28.60,76.82,182.30,65.95,184.14,0.00,305.83,0.00,0
130.97,93.51,83.14,148.20,75.33,93.48,187.26,0.00,490.09,103.92,0
101.40,74.67,69.55,0.00,88.76,25.87,63.40,0.00,532.32,0.00,0
192.32,206.70,49.52,55.70,0.37,86.79,181.54,0.00,446.68,0.00,0
94.68,117.64,92.66,0.00,59.72,0.00,67.30,0.00,335.93,23.17,0
13.22,19.08,14.30,5.45,22.42,17.31,28.26,0.00,93.07,2.18,0
92.42,65.49,64.34,0.00,30.83,0.00,61.61,0.00,516.80,44.48,0
72.52,120.45,60.16,20.00,41.00,68.81,89.43,4.64,257.75,37.09,0
117.16,184.85,125.25,20.72,83.52,156.35,113.76,0.00,414.45,26.91,0
24.17,41.10,21.57,12.79,18.81,0.00,31.38,5.62,77.05,13.23,0
17.13,12.66,7.70,16.50,0.00,6.61,23.39,4.63,57.06,7.67,0
36.70,74.19,12.84,37.65,24.82,24.74,26.03,8.46,180.34,0.00,0
168.54,257.90,135.97,183.64,123.45,144.37,154.71,0.00,447.86,10.36,0
18.47,36.29,22.54,10.39,35.53,23.60,23.36,16.27,96.50,14.79,0
31.91,36.75,30.99,27.80,37.37,17.36,11.99,12.28,103.87,11.78,0
67.47,45.15,35.05,28.13,0.00,30.51,32.06,26.14,171.73,20.88,0
64.08,15.79,23.58,34.77,89.93,0.00,166.01,12.60,428.70,44.94,0
146.92,149.60,40.34,0.00,85.68,0.00,187.97,32.03,434.34,0.00,0
106.81,139.08,77.74,58.72,163.91,9.95,166.07,0.00,315.40,0.00,0
84.56,157.08,0.00,0.00,77.99,73.06,203.49,40.47,457.10,10.93,0
16.31,54.47,22.42,9.56,22.21,12.34,21.48,4.01,92.71,17.18,0
78.32,105.69,61.41,0.00,65.04,63.06,109.72,4.41,350.10,41.48,0
59.34,90.27,23.53,0.00,103.83,15.66,110.73,0.00,374.96,17.03,0
150.61,89.02,58.81,15.09,0.00,52.70,115.10,46.75,581.15,79.14,0
187.52,90.61,41.50,88.72,43.35,171.82,56.70,37.37,504.99,2.65,0
93.83,79.73,42.83,1.23,21.61,0.00,55.60,30.53,370.77,0.00,0
143.44,112.45,96.85,5.19,37.84,48.08,101.32,0.00,298.13,10.17,0
88.86,157.54,168.93,64.72,174.62,53.72,151.96,43.00,569.42,0.00,0
6.70,29.46,10.59,26.59,3.98,18.42,31.89,0.00,119.62,6.15,0
36.37,40.18,34.42,31.67,22.30,0.00,66.24,0.00,126.77,9.51,0
85.88,192.24,87.61,0.00,124.74,0.00,169.43,0.00,428.07,24.11,0
31.30,25.57,14.86,10.19,8.90,8.67,21.04,8.48,69.93,0.00,0
57.91,41.00,21.98,16.18,45.73,38.62,36.48,37.29,197.54,0.59,0
116.16,158.66,85.04,0.00,71.53,96.16,93.93,80.06,420.38,48.37,0
51.44,44.83,6.79,0.00,55.75,36.36,46.65,15.05,169.81,0.00,0
46.97,18.32,37.42,20.86,41.48,38.22,70.54,21.78,226.27,13.41,0
68.52,234.84,101.08,26.58,62.08,11.08,2.72,0.00,354.22,0.00,0
145.58,135.64,78.87,93.69,41.46,0.00,113.43,31.73,374.22,28.34,0
158.31,74.03,105.57,63.41,114.22,8.43,134.25,0.00,285.50,0.00,0
71.75,62.04,38.21,0.00,83.31,8.83,65.07,0.00,162.01,7.90,0
23.25,17.37,6.02,11.00,34.29,0.00,11.94,10.78,80.18,0.00,0
30.27,22.31,1.90,0.00,5.16,0.00,33.43,3.98,47.25,1.17,0
42.78,67.24,65.75,0.00,49.64,4.27,101.46,26.26,201.29,0.00,0
123.53,103.47,26.81,0.00,0.00,25.16,86.04,0.00,239.03,51.93,0
63.68,81.36,19.24,55.82,88.15,13.06,54.12,33.67,353.37,0.00,0
39.32,35.30,4.84,18.60,13.85,0.00,14.89,4.29,50.20,4.69,0
273.49,163.21,38.30,66.17,4.02,120.44,170.21,31.02,379.01,8.64,0
140.94,81.65,52.50,29.95,122.93,53.37,123.40,0.00,350.80,0.00,0
122.67,106.51,0.00,11.90,24.36,35.16,0.00,0.00,195.92,0.00,0
36.97,50.49,21.01,0.00,21.57,20.92,12.92,0.00,121.51,6.65,0
46.68,51.02,97.18,60.10,19.81,56.49,105.74,0.00,224.01,46.30,0
33.93,38.48,6.04,8.71,5.84,14.43,2.19,15.66,125.10,3.55,0
110.66,55.37,98.47,0.00,67.35,45.69,122.62,0.00,345.70,0.00,0
93.77,152.08,51.24,21.55,43.67,0.00,58.07,35.22,308.20,14.53,0
22.77,24.63,12.01,0.00,9.76,4.18,9.42,7.91,63.35,9.90,0
71.96,53.87,1.78,37.68,24.30,0.00,39.47,0.00,189.07,26.45,0
47.93,12.76,36.88,1.58,54.11,37.99,37.08,0.00,159.09,19.06,0
34.52,28.81,45.62,1.50,77.22,40.14,52.23,34.89,119.88,5.46,0
101.84,73.53,84.93,0.00,0.34,11.09,73.01,0.87,185.47,0.00,0
135.38,137.58,14.53,43.97,73.75,86.54,74.73,0.00,364.29,0.00,0
44.10,44.94,16.13,2.44,0.00,3.53,51.42,0.00,116.69,0.00,0
78.66,110.41,70.73,105.99,106.79,35.65,173.53,0.00,282.94,41.52,0
96.82,21.29,114.34,0.00,8.69,66.63,162.90,0.00,735.85,145.50,0
87.75,91.78,103.06,103.34,9.29,57.83,59.01,0.00,485.09,31.74,0
53.77,81.51,0.00,16.18,21.50,72.79,71.29,9.13,252.77,23.04,0
105.84,94.66,83.76,1.00,0.00,15.01,51.01,0.00,223.93,8.19,0
228.95,193.53,0.00,51.21,93.02,73.27,98.75,0.00,495.30,0.00,0
79.34,94.94,49.88,0.00,19.69,76.35,0.00,0.00,294.29,26.02,0
149.49,66.01,60.88,23.11,57.89,21.70,76.71,0.00,257.17,44.01,0
198.19,157.45,199.83,26.15,75.21,113.56,137.81,38.23,573.03,22.64,0
52.91,114.88,100.10,9.72,28.41,19.21,18.03,0.00,373.47,3.55,0
71.52,104.73,64.86,23.81,42.40,47.32,58.61,33.52,278.00,5.15,0
150.76,120.22,147.73,81.93,18.37,111.85,108.19,92.08,411.62,32.32,0
73.75,140.64,19.44,96.78,40.33,94.92,143.85,1.62,328.06,8.48,0
77.12,94.54,73.28,126.66,135.09,33.37,178.76,0.00,346.31,69.13,0
109.03,152.04,106.02,49.66,44.75,127.20,108.55,35.70,446.18,38.94,0
77.58,36.19,8.97,36.16,0.00,42.36,35.71,0.00,282.87,0.49,0
144.64,190.03,111.79,12.78,135.21,0.00,150.93,0.00,498.53,47.58,0
28.79,23.12,8.72,4.20,20.63,9.30,33.42,0.00,88.67,6.69,0
112.44,247.83,118.59,70.54,144.27,19.39,198.62,0.00,744.07,117.85,0
149.05,47.32,12.39,8.27,61.59,52.78,126.81,2.94,448.36,72.86,0
67.08,60.86,30.38,20.67,28.81,29.79,85.95,24.57,193.43,16.52,0
151.42,249.64,73.90,98.65,113.62,109.54,211.52,44.91,455.20,102.67,0
23.00,18.66,3.29,12.20,13.65,18.61,29.35,0.00,83.31,8.46,0
149.07,150.83,54.15,0.00,100.46,0.00,46.56,0.00,514.46,125.46,0
104.92,92.77,60.35,48.50,23.86,24.24,40.00,0.00,285.73,0.00,0
58.85,129.07,34.16,19.22,131.69,54.69,76.72,0.00,295.78,41.43,0
61.65,134.97,268.91,103.51,110.74,136.60,62.93,0.00,403.37,84.84,0
36.12,38.40,43.47,0.00,2.28,14.39,33.59,0.00,165.44,11.14,0
115.18,65.13,66.27,0.00,82.21,70.83,148.64,0.00,328.43,51.00,0
239.53,100.55,140.87,35.60,28.10,11.46,144.85,21.69,399.69,2.70,0
25.12,21.65,35.09,18.78,18.25,41.40,34.76,24.08,126.27,0.00,0
38.34,38.34,11.52,30.34,0.00,71.89,20.33,12.37,187.02,36.23,0
99.26,40.87,143.54,133.25,131.96,105.42,272.48,49.41,567.62,25.71,0
156.40,132.90,43.60,58.50,107.98,48.53,15.76,5.88,402.42,9.81,0
60.62,128.77,59.25,23.99,80.12,82.77,100.24,0.00,317.18,3.56,0
78.23,182.34,0.00,40.12,62.67,140.17,66.09,8.58,320.89,31.82,0
163.32,74.36,82.16,151.88,195.84,115.32,163.13,0.00,421.14,56.72,0
168.41,75.75,71.92,99.34,59.59,61.61,75.77,39.62,322.72,23.30,0
59.94,21.18,21.45,14.49,27.51,4.40,11.85,0.00,130.68,26.31,0
26.95,41.24,14.66,5.26,0.59,14.52,25.12,12.28,105.55,0.00,0
142.62,138.10,0.00,22.07,71.73,70.27,102.80,64.87,459.51,0.00,0
246.62,109.75,102.08,91.30,56.98,77.36,96.31,0.00,429.83,0.00,0
146.96,46.47,0.00,72.98,69.06,102.95,81.72,48.19,310.61,59.13,0
36.27,82.20,27.67,0.00,0.00,24.09,72.35,0.00,197.76,2.99,0
91.14,102.67,68.81,0.00,28.56,2.69,135.20,30.48,254.36,51.46,0
87.92,148.50,74.37,66.68,147.39,116.91,168.83,22.45,365.31,42.66,0
64.12,192.94,101.36,56.93,58.99,13.57,44.65,7.58,339.88,24.45,0
173.52,129.04,0.00,105.88,22.43,3.18,182.16,51.08,552.30,46.65,0
11.19,104.09,58.28,54.21,71.04,0.00,39.91,0.00,215.17,7.81,0
74.92,137.13,65.10,2.29,90.86,131.98,52.94,0.00,397.67,0.00,0
178.11,172.56,2.85,0.00,33.55,0.00,96.01,0.00,594.73,27.99,0
46.80,50.42,42.59,31.48,34.58,0.00,18.58,8.21,163.38,0.34,0
67.56,58.40,0.00,30.07,11.54,36.30,38.43,0.00,186.95,0.00,0
73.72,154.68,0.00,96.96,117.12,16.11,103.85,24.19,392.21,0.00,0
75.74,71.67,56.38,34.60,117.26,12.88,89.55,28.14,279.36,10.31,0
187.62,214.66,59.11,6.30,68.20,61.61,79.68,80.69,551.45,0.00,0
100.61,184.70,55.99,7.12,6.51,37.52,60.18,64.43,622.71,26.81,0
75.43,89.66,43.32,110.83,38.12,77.65,77.62,0.00,252.02,24.74,0
154.80,195.69,58.53,40.35,107.83,154.68,223.58,38.72,329.17,0.00,0
67.04,39.40,20.65,13.29,10.24,29.95,37.59,0.00,176.16,24.68,0
66.67,82.31,39.96,33.78,37.28,25.21,143.29,8.33,231.42,0.00,0
42.34,15.09,20.63,0.00,18.94,19.62,22.96,0.00,82.00,10.63,0
105.63,79.28,151.37,35.15,99.57,50.98,133.41,0.00,341.75,43.62,0
174.87,141.58,50.74,42.14,0.00,0.00,23.27,18.88,489.13,50.50,0
83.89,143.38,150.52,27.56,130.78,61.29,180.52,45.49,487.60,18.41,0
34.42,40.53,9.65,26.69,25.53,34.63,22.55,0.00,165.88,0.00,0
71.95,79.74,24.50,0.00,116.26,53.17,34.43,9.81,488.90,0.00,0
49.47,5.59,16.85,32.66,13.70,28.02,33.41,14.57,109.44,10.38,0
125.47,35.54,99.66,73.88,149.00,49.36,241.09,0.00,487.98,74.32,0
156.34,113.12,63.40,1.38,66.45,0.00,0.77,95.02,390.33,22.51,0
77.03,26.77,152.64,22.68,36.39,130.05,167.80,0.00,549.28,0.00,0
102.37,127.85,131.51,78.62,71.00,89.37,0.00,0.00,625.76,30.56,0
24.80,22.08,26.43,0.00,8.33,11.45,34.85,1.54,88.06,14.19,0
103.17,48.46,34.02,57.35,69.08,1.53,109.86,29.94,391.32,41.78,0
40.11,39.49,13.84,23.12,41.85,57.62,53.29,0.00,249.58,2.07,0
44.88,45.43,34.61,0.00,34.14,24.74,58.19,7.08,94.50,0.00,0
261.28,197.71,34.24,0.00,171.24,0.00,26.68,32.00,522.95,69.08,0
52.91,42.87,29.64,0.00,0.00,31.94,8.14,0.00,144.18,15.06,0
36.85,31.07,20.68,40.51,3.57,0.00,15.53,0.00,104.94,0.00,0
68.81,144.73,33.97,68.29,113.76,45.63,56.12,34.91,450.99,74.31,0
98.18,63.23,52.29,0.00,7.83,17.19,108.21,10.89,353.71,0.00,0
86.04,76.63,0.00,13.23,58.65,17.45,117.03,12.78,344.82,0.00,0
81.03,44.62,62.63,61.75,4.89,9.18,104.42,0.00,292.07,46.93,0
80.95,111.58,79.76,14.44,26.76,0.00,58.03,0.00,370.28,0.00,0
111.76,122.47,103.62,59.50,37.16,16.40,19.82,8.29,317.95,20.17,0
145.68,180.53,0.00,51.53,60.94,60.82,0.00,2.88,286.30,65.33,0
21.93,4.97,2.01,10.32,10.73,5.99,20.70,0.42,66.16,13.67,0
241.24,116.11,0.00,27.22,123.00,40.77,184.16,72.63,317.92,25.45,0
44.12,65.39,38.99,9.57,28.47,34.76,38.10,7.77,139.25,8.71,0
45.15,73.82,58.46,5.20,14.20,33.13,63.74,0.00,144.81,0.00,0
92.30,123.80,47.23,0.00,164.41,23.76,96.43,57.02,471.34,0.00,0
63.16,93.44,72.81,10.37,7.86,0.00,0.00,30.01,290.63,23.24,0
131.95,223.27,48.15,67.27,34.95,80.29,89.12,21.50,426.47,58.04,0
50.20,37.98,20.56,16.16,0.00,24.17,61.03,5.86,134.42,3.54,0
147.55,191.69,31.01,31.62,65.31,12.17,114.46,18.07,505.48,68.13,0
44.90,81.64,5.30,16.88,19.98,39.39,42.46,41.55,258.40,0.00,0
61.68,50.78,50.34,36.04,5.39,19.97,30.92,18.92,186.32,13.57,0
17.59,21.86,6.89,5.69,24.37,26.77,9.37,3.32,87.53,0.00,0
41.98,99.08,76.75,18.38,33.57,69.45,100.31,12.31,182.61,12.41,0
37.84,27.37,41.32,27.56,72.93,37.12,9.51,0.00,239.12,7.90,0
58.53,99.10,11.31,27.60,14.64,29.83,49.85,12.50,210.21,2.02,0
43.18,32.68,21.25,9.37,30.59,23.28,46.24,11.80,98.16,15.66,0
93.09,104.24,55.34,11.47,13.45,6.13,121.83,58.04,455.46,23.83,0
42.69,30.43,25.78,25.89,42.37,19.23,54.23,0.00,127.85,21.38,0
91.06,149.17,6.88,113.06,58.73,0.00,99.28,5.18,362.11,2.73,0
113.35,77.07,167.11,106.30,123.51,113.64,79.02,0.00,554.64,55.78,0
24.42,36.03,1.65,0.00,0.33,4.33,16.99,0.00,79.48,8.37,0
142.10,123.44,89.71,30.45,4.84,22.63,81.74,21.52,334.09,32.01,0
77.85,118.63,21.45,0.00,84.95,8.47,117.86,0.00,406.58,24.35,0
64.85,58.70,50.72,37.62,17.88,45.78,22.22,18.01,258.24,36.71,0
144.74,176.10,106.29,0.00,12.21,168.72,116.04,35.17,595.25,34.48,0
88.15,66.00,180.69,0.00,60.78,158.21,88.70,67.25,544.67,8.67,0
124.32,133.32,96.36,58.37,32.65,81.73,175.53,0.00,368.88,22.38,0
15.03,31.60,28.75,22.25,28.54,0.00,5.93,6.96,85.38,11.12,0
173.91,61.40,106.22,53.94,148.94,0.00,117.58,60.47,534.19,10.93,0
37.27,0.00,31.80,2.27,20.58,9.55,48.98,26.52,187.06,23.31,0
96.22,136.18,48.80,6.93,39.24,65.90,143.06,0.00,385.97,90.27,0
184.13,138.52,47.63,11.14,131.59,44.20,52.06,56.02,432.04,4.11,0
67.23,83.49,0.00,58.52,16.78,34.97,148.20,16.67,406.62,45.73,0
67.23,54.45,26.15,13.97,15.22,23.60,1.90,27.22,159.78,4.26,0
99.62,96.05,48.94,23.60,85.80,12.53,73.32,48.36,306.14,30.91,0
56.79,33.84,51.97,17.83,51.38,68.06,62.51,1.30,290.16,11.11,0
120.55,150.57,105.88,18.38,80.07,160.88,156.46,90.95,370.29,20.17,0
35.84,99.02,81.75,65.37,0.00,0.00,76.76,58.16,298.42,92.53,0
186.15,181.24,67.00,37.36,131.77,0.00,0.00,62.78,571.11,0.00,0
24.04,84.90,83.00,30.51,102.51,9.39,117.98,59.58,297.15,3.92,0
83.33,29.32,5.81,26.37,54.26,84.44,75.31,25.58,237.73,32.69,0
52.03,77.40,23.55,14.87,59.08,0.02,59.30,0.00,252.33,33.43,0
178.70,153.61,104.50,91.22,98.57,72.93,107.62,0.00,563.34,0.00,0
131.66,97.41,106.80,53.58,48.92,108.47,135.10,0.00,424.77,0.00,0
60.60,57.44,151.83,80.11,106.21,4.36,83.64,18.05,352.47,0.00,0
42.61,62.59,26.26,11.59,6.08,1.24,42.85,8.27,171.82,6.98,0
27.32,26.87,37.46,5.69,30.44,25.05,37.15,15.96,108.47,13.81,0
161.04,108.19,103.07,1.61,0.00,95.06,39.47,67.84,486.29,0.00,0
55.17,35.87,12.76,8.85,29.70,24.06,75.84,3.92,200.73,16.72,0
117.94,122.95,30.56,30.33,31.78,59.26,88.37,0.00,337.21,18.98,0
98.19,110.72,51.91,0.00,37.69,36.37,45.86,49.04,292.35,22.85,0
159.28,110.89,153.22,9.45,123.02,51.02,209.90,0.00,483.56,9.37,0
165.95,104.15,117.18,67.70,38.78,0.00,68.85,21.62,284.89,32.02,0
44.78,26.66,21.26,4.00,38.17,7.62,20.29,0.00,139.80,0.00,0
120.07,91.14,14.70,90.49,40.28,7.21,113.31,0.00,331.23,29.07,0
89.48,75.42,81.10,15.79,0.00,67.05,60.77,42.43,409.68,95.85,0
99.64,123.50,40.79,64.23,112.42,49.33,96.29,9.70,274.59,9.41,0
58.86,54.94,22.07,6.77,79.96,11.68,51.00,0.00,183.49,25.84,0
44.24,98.89,77.85,0.00,25.48,33.57,80.06,0.00,353.89,0.00,0
43.52,28.80,0.00,23.23,14.78,9.48,27.09,0.00,79.69,7.92,0
39.96,8.25,38.91,24.97,49.26,15.33,5.97,0.00,167.47,17.50,0
215.30,140.97,43.04,21.28,23.25,99.70,61.87,16.29,722.42,99.85,0
45.77,27.76,1.57,8.64,0.00,17.22,50.20,0.00,172.48,7.23,0
38.18,37.29,20.43,43.55,5.60,36.45,17.37,0.00,129.62,16.59,0
97.66,91.31,50.97,30.84,113.02,0.00,88.53,0.34,336.33,45.08,0
36.42,64.43,14.81,5.60,22.00,7.53,33.04,9.68,95.31,0.76,0
30.54,24.20,11.71,0.00,24.12,50.29,40.38,4.67,181.60,12.98,0
81.04,92.70,106.41,36.25,77.62,73.47,115.50,0.00,393.48,6.11,0
44.27,50.43,18.82,0.00,14.62,23.00,25.55,0.00,132.19,0.00,0
33.10,30.16,22.33,11.22,42.03,20.47,17.26,0.00,116.11,8.23,0
260.16,145.20,41.13,54.60,23.19,76.63,185.91,56.05,541.82,20.58,0
113.26,107.59,0.00,14.58,57.47,67.08,4.32,16.59,270.27,25.43,0
69.52,88.09,88.84,74.01,6.09,126.48,117.65,24.68,395.46,10.11,0
34.59,29.98,19.35,0.00,31.25,13.12,27.00,0.00,90.41,11.22,0
42.96,29.92,19.38,11.24,7.90,12.62,30.21,0.80,99.58,10.89,0
24.64,42.81,26.30,9.75,9.34,22.87,20.70,0.00,68.25,15.38,0
99.32,138.13,21.39,34.92,23.99,90.65,116.02,0.63,352.67,45.35,0
83.30,103.55,24.82,23.37,2.68,60.97,58.99,4.75,211.71,19.27,0
51.10,50.98,10.07,0.00,22.25,0.00,20.65,25.41,143.79,32.96,0
37.15,50.19,44.73,24.73,21.04,57.27,68.04,6.51,210.59,15.08,0
66.86,114.87,31.66,40.74,54.79,24.99,124.48,0.00,153.11,0.00,0
166.15,102.79,58.48,26.20,84.62,51.19,199.55,0.00,440.25,0.00,0
94.85,86.46,37.94,3.96,66.21,46.72,82.49,0.00,190.25,18.30,0
136.28,96.72,55.93,24.09,66.81,9.08,49.50,0.00,262.14,37.69,0
79.69,70.28,6.42,14.34,43.98,17.27,35.59,0.00,191.60,20.10,0
205.76,239.82,101.72,84.11,96.67,6.96,16.06,3.52,550.42,63.36,0
185.66,193.50,6.28,38.84,81.26,6.12,112.86,19.57,546.98,44.66,0
62.53,81.46,46.42,0.00,2.84,24.73,35.27,0.00,217.71,14.52,0
156.17,98.14,17.43,31.71,29.17,90.92,178.89,0.00,457.64,50.92,0
101.94,53.92,146.79,22.74,21.31,77.39,147.28,5.95,393.59,46.78,0
13.36,20.07,34.19,13.45,3.12,27.99,91.39,0.50,224.23,23.77,0
123.18,124.81,48.72,51.73,15.34,96.03,79.30,34.00,247.53,30.06,0
82.28,41.66,11.00,0.00,42.06,0.00,64.20,3.13,154.48,8.80,0
104.46,50.03,41.94,108.86,45.50,75.61,52.15,4.44,428.59,0.00,0
18.72,40.52,20.22,7.08,4.20,20.61,15.80,0.00,100.66,8.15,0
204.76,206.74,231.76,105.82,108.42,107.32,200.94,0.00,653.56,0.00,0
80.69,59.49,42.12,0.00,15.99,84.11,57.84,1.94,246.98,47.75,0
20.35,16.01,7.56,0.00,9.20,0.00,16.33,0.00,66.93,13.53,0
106.64,122.58,21.01,37.21,62.92,30.39,19.00,40.71,210.49,12.73,0
148.86,129.49,86.50,38.19,49.50,46.41,42.55,12.04,256.65,0.00,0
58.88,35.59,24.65,20.02,38.90,0.00,100.62,0.00,205.73,4.70,0
122.15,55.50,22.73,18.00,53.83,0.00,37.94,22.97,224.07,10.23,0
104.57,0.00,37.16,51.28,57.80,112.44,90.14,18.89,511.34,63.67,0
100.70,134.32,13.49,75.38,0.00,40.77,148.90,0.00,432.84,0.00,0
100.52,153.44,18.41,30.88,32.74,65.50,0.15,60.33,422.53,75.84,0
44.21,42.06,13.58,19.58,24.34,0.00,28.90,0.00,82.55,12.62,0
71.17,97.21,45.10,2.10,31.07,99.93,36.27,15.43,242.77,14.62,0
49.64,55.37,63.13,23.92,10.93,24.30,58.89,0.00,215.01,3.32,0
65.10,53.08,19.44,19.55,22.44,0.00,29.35,14.59,137.68,10.23,0
142.94,133.96,13.90,76.33,0.00,82.92,112.11,7.89,604.28,0.00,0
35.29,46.22,10.59,30.20,6.33,7.01,27.54,17.83,85.51,7.89,0
107.65,104.22,42.86,0.00,81.85,80.18,75.22,42.00,317.12,8.86,0
43.71,35.41,14.97,26.60,11.93,5.39,30.58,10.95,96.20,2.74,0
154.85,73.47,4.43,32.13,15.63,58.07,14.01,0.00,257.62,21.70,0
155.05,163.42,48.80,91.25,99.44,99.07,146.66,0.00,404.65,78.98,0
132.85,130.25,0.00,50.19,130.88,132.10,34.86,0.00,549.62,165.86,0
105.71,111.39,25.79,78.39,63.80,52.64,136.42,0.00,319.88,42.27,0
173.05,139.93,162.65,0.00,75.83,25.10,102.97,68.51,451.44,76.76,0
56.82,106.13,18.00,35.04,0.00,0.00,108.12,0.00,439.28,11.70,0
34.19,36.46,2.74,0.00,22.51,0.00,30.97,0.00,104.02,16.77,0
154.11,173.15,83.13,65.09,73.37,74.97,153.48,28.99,460.29,160.55,0
39.74,27.12,12.80,0.00,13.10,7.30,39.64,7.23,124.20,3.71,0
40.61,45.75,16.84,0.00,18.13,15.71,44.43,13.07,117.34,14.79,0
233.28,155.66,111.98,31.50,83.39,0.00,180.56,0.00,625.46,0.40,0
79.71,51.62,93.27,32.03,144.84,46.81,106.48,0.00,296.87,24.63,0
102.33,102.93,65.58,112.72,112.80,101.59,209.84,6.84,396.06,0.00,0
120.67,137.95,35.09,49.40,125.75,39.73,63.07,0.00,457.77,36.79,0
64.77,34.61,51.78,41.29,39.31,0.00,22.82,0.00,175.80,1.17,0
120.21,121.89,47.04,5.35,46.42,30.61,69.89,0.00,229.37,50.34,0
24.94,128.53,10.17,41.88,0.00,14.56,108.94,17.82,413.24,77.32,0
23.60,24.83,16.50,1.88,12.42,15.40,15.02,8.30,74.00,0.00,0
134.60,230.76,67.39,110.51,267.95,94.53,201.93,149.44,555.68,27.29,0
54.49,94.07,0.00,37.59,56.88,28.45,50.20,0.00,210.09,8.48,0
123.97,246.55,75.27,47.08,39.39,95.73,164.81,0.00,541.42,0.00,0
15.64,13.15,17.20,3.73,27.99,7.84,12.98,11.12,76.15,10.80,0
22.93,21.51,12.19,0.00,6.29,26.82,12.55,0.00,119.46,0.00,0
151.36,165.15,67.50,90.04,106.76,0.00,107.59,0.00,368.43,24.64,0
124.41,89.78,102.76,11.02,15.36,48.15,102.23,0.00,472.14,29.82,0
163.07,103.34,0.16,58.67,14.75,69.85,47.96,71.98,264.25,27.61,0
140.36,155.73,112.89,0.00,138.30,118.87,135.27,5.51,411.18,8.36,0
13.63,46.31,49.34,42.66,23.25,68.99,21.87,13.65,175.98,36.92,0
0.00,23.20,6.42,14.76,10.35,19.10,14.24,3.44,62.57,4.01,0
104.23,155.12,13.65,0.00,58.02,81.46,87.10,28.12,505.41,0.00,0
121.28,176.03,111.39,40.44,0.00,149.52,121.09,32.91,492.24,56.29,0
86.91,28.23,44.97,25.70,52.74,0.00,81.15,0.00,266.69,0.00,0
66.77,27.86,20.26,54.69,0.00,41.00,52.25,0.00,144.21,34.39,0
95.41,97.06,69.33,6.85,114.60,32.89,79.06,5.63,322.36,0.00,0
35.25,18.73,9.34,0.00,5.91,7.53,20.50,0.00,66.02,14.42,0
24.54,76.48,47.88,86.86,95.26,75.73,122.42,2.85,420.93,35.81,0
179.75,100.23,0.00,71.23,85.18,122.36,39.33,0.00,525.99,0.00,0
68.13,69.83,87.99,64.63,51.66,15.13,79.18,0.00,240.47,0.00,0
168.27,212.53,53.94,135.37,5.77,36.04,111.52,0.00,539.37,0.00,0
92.17,112.97,96.96,38.94,90.00,0.00,179.14,0.00,456.16,76.85,0
57.07,20.35,46.68,10.10,50.66,20.27,110.03,0.00,161.42,5.81,0
130.43,280.44,136.60,109.45,42.58,78.70,243.87,82.86,512.65,24.64,0
22.42,28.18,13.23,27.46,11.02,11.52,11.60,0.00,71.73,0.00,0
225.67,190.60,101.04,140.05,155.06,80.88,160.89,2.99,521.70,34.79,0
35.16,92.53,94.94,0.00,0.00,57.58,50.43,47.43,335.96,9.27,0
133.39,153.05,81.65,75.39,6.49,106.85,165.15,0.00,603.76,0.00,0
146.87,144.32,0.00,16.68,15.77,89.80,0.00,14.80,489.05,10.58,0
57.65,48.01,48.62,109.75,3.92,67.73,54.98,38.17,221.37,14.08,0
59.27,40.69,0.00,4.22,37.21,25.27,70.69,18.18,442.82,45.35,0
31.77,17.22,12.31,9.55,17.07,4.16,15.77,0.00,76.87,0.00,0
52.35,43.77,25.12,13.83,58.12,28.23,12.05,10.64,208.94,23.73,0
92.99,145.42,76.19,10.26,87.19,76.44,135.80,0.00,473.44,0.00,0
37.38,85.78,163.93,0.00,36.94,28.62,165.03,16.60,349.32,19.58,0
118.78,118.36,0.00,0.00,39.62,9.01,63.46,14.13,338.88,36.53,0
140.47,100.41,3.64,41.11,0.00,63.35,128.80,54.21,303.52,33.79,0
90.63,70.71,0.00,1.13,72.08,37.14,9.08,21.28,144.98,0.00,0
204.31,77.93,47.54,0.00,44.40,0.00,75.26,71.10,546.88,20.06,0
63.37,71.15,24.33,13.81,2.90,32.78,46.18,0.00,145.41,1.83,0
67.65,70.97,34.98,14.00,12.59,6.84,57.70,14.95,169.02,0.00,0
88.80,119.95,116.00,100.73,87.94,76.31,161.36,10.83,374.62,55.60,0
99.22,146.41,103.11,85.42,120.58,102.14,165.99,26.22,525.40,175.68,0
39.31,62.12,56.42,0.00,67.78,94.34,93.72,8.94,409.41,0.00,0
59.37,40.48,48.60,2.22,32.25,3.10,30.45,6.51,129.34,0.00,0
174.32,113.29,79.83,112.85,45.53,26.75,225.84,0.00,432.39,32.01,0
232.92,89.58,120.57,161.19,81.75,0.00,111.62,0.00,462.55,118.16,0
46.26,37.57,40.91,25.10,13.65,37.62,25.22,0.00,128.65,9.44,0
53.74,37.27,31.59,13.93,29.32,12.33,23.25,8.72,89.03,5.73,0
60.28,79.48,29.66,0.00,48.90,79.62,45.32,46.42,192.18,8.73,0
171.75,149.94,158.28,33.47,93.70,157.24,186.24,9.43,471.40,35.59,0
86.64,196.69,80.20,39.68,49.21,0.00,43.23,66.38,509.64,121.26,0
106.38,223.01,106.29,122.31,120.79,177.57,131.07,0.00,578.67,64.20,0
20.37,151.99,48.81,51.80,78.24,101.13,58.84,0.00,466.38,0.00,0
74.34,55.76,75.17,66.38,29.08,2.92,10.76,11.80,350.17,45.57,0
157.50,203.90,42.63,24.63,187.86,154.29,72.12,7.32,673.23,39.14,0
143.39,65.67,0.00,87.84,104.29,66.55,135.43,45.37,532.78,0.00,0
84.97,60.48,24.13,72.77,76.78,9.49,86.14,0.00,149.39,2.65,0
27.34,35.15,35.47,47.33,0.00,23.68,46.12,0.00,122.80,21.25,0
88.07,142.66,51.84,65.77,81.90,68.06,91.75,0.00,359.84,53.55,0
58.34,41.78,50.13,7.48,20.95,51.96,113.68,16.43,202.97,0.00,0
60.03,39.60,49.08,16.04,35.62,20.86,25.89,0.00,198.20,0.00,0
99.16,158.90,0.00,73.58,66.70,88.63,80.30,42.78,673.40,97.03,0
155.60,68.14,68.82,0.00,86.76,0.00,76.30,40.73,407.10,64.13,0
127.12,118.37,158.43,3.05,83.14,0.00,133.34,8.80,416.50,102.40,0
67.51,83.25,0.00,106.97,13.17,2.71,83.33,40.75,266.54,0.00,0
23.14,36.19,8.64,5.75,22.88,0.09,32.12,0.00,85.72,0.00,0
91.82,89.74,39.96,11.81,56.69,57.86,90.70,52.79,327.89,0.00,0
28.43,23.98,20.00,0.00,10.15,7.76,19.40,2.24,80.80,0.00,0
53.96,44.53,57.07,17.97,0.00,27.80,120.70,0.00,246.69,4.27,0
193.86,197.93,138.92,110.06,142.74,29.45,231.45,0.00,383.79,119.06,0
38.36,28.99,14.26,25.55,12.76,35.46,83.07,5.72,155.53,4.75,0
66.93,98.98,22.83,0.00,24.85,66.45,61.76,0.00,219.94,21.22,0
98.88,83.08,52.56,44.44,0.00,9.92,52.88,0.00,222.03,5.52,0
14.68,27.85,10.90,9.89,14.63,0.56,0.00,0.15,73.16,5.59,0
31.78,24.94,12.28,18.56,28.88,14.16,15.70,0.00,92.97,14.77,0
68.58,63.93,62.12,48.40,50.25,34.00,35.51,0.00,224.68,16.43,0
81.05,179.79,84.80,139.43,110.19,28.35,58.48,24.46,667.71,17.29,0
191.97,79.05,45.36,0.00,84.46,79.43,209.22,0.00,330.52,15.89,0
75.83,48.47,107.60,0.00,117.52,9.70,118.85,0.00,255.18,0.00,0
113.47,37.16,132.42,9.93,78.34,130.71,147.50,0.00,330.47,27.85,0
119.85,74.33,164.14,64.30,111.66,28.63,132.71,0.00,559.28,1.13,0
96.33,45.12,10.37,86.76,75.99,66.42,54.76,39.54,259.07,5.11,0
172.58,155.43,0.00,67.01,45.48,0.00,107.42,112.14,444.00,0.00,0
66.93,104.09,44.31,75.07,65.54,29.11,3.48,8.14,323.41,8.41,0
82.58,100.03,49.63,48.54,18.39,43.01,52.19,35.18,314.47,20.83,0
47.80,6.29,18.27,32.84,29.55,21.02,50.80,4.44,162.24,0.00,0
182.44,135.57,113.03,100.61,141.81,146.10,112.44,0.00,538.85,10.70,0
57.14,38.66,33.36,0.00,55.79,16.40,49.89,0.00,203.86,27.05,0
65.16,77.38,17.94,2.39,14.21,28.37,27.63,7.42,218.12,5.03,0
101.98,194.97,17.25,0.00,58.46,0.00,111.92,2.71,502.39,12.78,0
64.68,125.44,134.70,76.93,99.63,47.05,204.21,48.38,420.49,69.10,0
95.44,156.44,97.41,0.00,72.71,41.10,27.98,29.32,338.33,0.00,0
40.40,72.42,5.96,24.65,33.88,20.87,58.81,14.76,135.22,0.65,0
171.94,140.93,97.85,45.55,50.28,71.09,94.45,33.53,440.45,14.98,0
125.95,88.57,72.60,7.98,60.82,26.88,1.49,36.70,410.57,60.81,0
78.20,110.75,71.55,102.37,94.97,46.76,164.53,18.78,212.70,6.32,0
121.43,138.47,136.90,2.36,14.51,106.60,75.17,37.70,587.60,0.00,0
96.98,105.17,70.65,71.43,35.64,68.82,90.03,0.00,219.47,86.93,0
102.43,88.12,41.62,40.04,104.28,0.13,97.06,0.00,442.90,12.22,0
119.08,131.64,94.25,82.89,66.00,104.11,61.78,0.00,437.16,0.00,0
22.28,24.34,15.51,1.96,24.82,2.23,27.20,14.90,69.61,21.39,0
17.59,27.19,15.72,14.82,9.16,5.91,32.24,1.60,62.58,14.23,0
57.21,36.27,91.10,0.00,48.86,2.26,101.08,0.00,273.87,42.46,0
162.41,164.58,172.22,6.93,97.05,110.04,178.59,66.34,327.75,0.00,0
67.00,63.95,78.24,21.08,0.00,58.93,96.53,0.00,214.33,23.91,0
52.42,64.39,0.00,0.00,26.19,11.81,47.16,0.00,165.71,13.50,0
89.59,62.97,42.89,2.64,37.23,12.47,60.67,0.00,243.82,0.00,0
102.95,193.20,55.88,7.43,47.04,31.39,150.75,36.98,427.40,19.37,0
145.46,21.29,135.68,20.47,111.78,55.62,123.34,84.33,300.88,0.00,0
43.79,65.24,65.96,56.40,45.90,34.36,44.50,0.00,223.83,1.92,0
32.89,15.30,28.04,20.98,10.25,20.29,50.65,19.42,89.39,0.00,0
38.11,54.20,55.07,47.58,72.97,65.00,131.59,0.00,231.63,0.00,0
97.25,98.11,54.16,21.20,42.81,26.40,18.98,0.00,194.74,0.00,0
97.28,157.02,90.69,48.03,147.46,106.61,119.14,128.62,525.68,0.00,0
23.67,13.52,27.12,13.67,10.96,0.15,36.82,0.96,39.19,9.44,0
125.85,72.54,117.07,19.77,37.39,76.19,100.62,0.00,530.23,103.51,0
207.25,193.85,133.51,78.58,129.17,106.81,137.19,32.20,469.43,2.17,0
82.87,74.48,0.00,100.69,45.35,70.56,55.86,52.77,249.92,15.06,0
33.21,45.88,1.51,0.00,22.37,24.48,47.44,8.21,233.93,27.87,0
21.90,17.84,0.00,5.17,12.67,24.12,26.69,0.00,82.29,1.49,0
260.00,142.57,243.50,0.00,16.74,129.09,162.69,0.84,402.99,133.10,0
45.57,71.58,4.01,24.96,34.44,10.61,56.21,19.87,145.22,0.00,0
109.26,158.17,0.00,63.01,123.30,0.00,155.58,51.62,513.40,0.00,0
74.11,78.36,61.39,74.70,26.67,26.52,34.53,19.30,205.87,0.00,0
72.33,39.21,71.56,62.49,44.07,48.54,2.25,0.00,224.73,14.04,0
22.09,27.33,10.14,18.22,6.21,21.40,15.36,3.89,80.30,14.47,0
76.72,226.97,169.27,22.31,13.69,212.74,1.79,72.26,568.64,45.51,0
125.65,69.22,52.62,48.65,18.78,57.92,21.37,14.78,336.13,0.00,0
126.36,200.81,92.61,0.00,166.89,85.50,162.32,81.81,608.30,0.00,0
139.88,39.39,31.77,10.63,35.13,51.43,67.54,5.57,370.40,0.00,0
163.51,146.96,84.93,2.59,78.90,112.95,31.52,0.00,551.66,58.97,0
13.24,20.68,14.37,17.80,20.89,32.93,26.76,0.00,81.05,19.34,0
92.20,172.42,90.67,10.53,66.96,64.06,144.65,33.73,387.01,4.05,0
142.76,115.76,111.86,13.17,23.33,13.36,77.41,13.61,405.76,23.42,0
110.80,128.30,68.59,63.64,155.34,115.58,100.71,17.58,456.68,0.00,0
67.16,77.47,0.00,49.18,35.41,57.83,25.33,0.00,222.83,49.28,0
277.18,170.28,93.94,139.12,17.39,0.00,77.21,50.52,699.66,0.00,0
137.92,78.86,76.31,44.74,35.87,63.70,107.12,0.00,496.50,0.00,0
56.75,53.59,56.34,29.77,71.79,28.67,83.82,0.00,196.64,26.82,0
75.13,57.17,35.98,0.00,29.47,70.31,63.67,4.48,260.40,0.00,0
191.38,208.40,90.16,44.25,71.85,8.71,181.00,0.00,448.86,55.66,0
108.86,67.92,34.60,0.00,0.55,10.69,42.07,12.52,345.82,5.81,0
129.41,135.53,143.02,0.00,49.85,18.81,0.00,0.00,413.02,56.36,0
75.05,102.74,41.81,47.35,72.33,13.53,61.05,0.00,332.97,24.04,0
192.86,135.48,84.57,36.03,85.92,0.00,80.54,0.00,599.26,69.71,0
64.24,97.79,44.82,34.74,23.55,32.31,50.23,11.03,157.74,54.51,0
65.02,187.92,94.47,0.00,53.58,74.16,256.91,32.77,649.65,0.00,0
56.26,30.19,17.90,14.88,24.88,19.01,54.72,33.50,123.45,13.06,0
0.00,104.70,45.43,26.70,46.39,73.02,70.71,39.60,347.37,3.52,0
90.49,87.49,15.69,47.24,37.72,108.96,43.09,0.00,297.27,1.22,0
134.16,73.04,42.94,19.92,49.35,8.85,0.60,20.84,357.66,0.00,0
42.62,45.91,44.81,0.00,0.00,7.36,39.17,4.25,189.10,26.63,0
134.19,112.87,67.55,25.10,90.06,22.58,139.59,0.00,349.37,32.46,0
151.79,178.81,60.66,63.27,41.64,60.55,124.53,70.28,358.23,105.11,0
89.78,73.66,60.37,48.41,43.37,44.36,97.21,40.73,283.74,0.00,0
179.92,164.16,49.58,19.61,99.51,106.46,73.66,0.00,293.56,31.95,0
123.54,142.27,116.72,99.38,4.29,92.38,84.61,0.00,399.61,1.85,0
165.18,103.49,0.00,52.81,14.12,29.88,22.87,0.00,326.02,7.98,0
83.36,104.33,62.04,84.21,0.00,37.27,40.53,0.00,442.36,42.99,0
104.62,43.57,65.13,0.00,11.19,3.23,164.38,30.50,377.99,39.23,0
23.92,37.13,34.78,15.04,17.82,49.60,57.45,3.55,217.22,0.00,0
185.68,248.59,21.79,0.00,96.27,0.00,46.36,21.20,444.71,12.99,0
215.51,120.01,42.44,57.62,128.94,0.53,36.90,34.96,337.04,0.00,0
34.53,43.02,27.59,3.27,18.20,3.36,51.05,0.00,90.58,4.01,0
49.77,61.62,35.48,0.00,7.87,21.43,19.38,36.44,139.63,4.43,0
45.10,117.21,20.20,88.96,98.75,13.75,117.42,50.54,288.50,0.00,0
211.86,187.05,129.88,60.02,84.44,10.53,109.64,10.67,612.79,96.98,0
60.87,61.60,19.80,13.06,23.20,20.97,50.20,6.77,108.93,16.94,0
194.51,187.64,6.22,0.00,18.32,180.69,136.00,63.23,358.32,0.00,0
43.64,118.17,56.32,65.99,125.01,88.86,135.76,0.00,379.67,19.40,0
257.76,147.27,29.62,68.62,18.34,74.73,69.60,0.00,455.39,82.52,0
78.47,82.83,19.47,13.75,0.00,11.95,130.05,5.97,282.35,0.00,0
131.61,86.95,269.41,18.24,131.53,127.01,96.75,14.61,499.94,41.26,0
39.00,53.98,29.39,21.73,2.32,10.64,47.21,0.00,91.96,0.00,0
175.85,90.87,24.76,102.71,20.59,110.41,156.52,0.00,585.98,59.59,0
56.23,29.18,22.13,4.00,20.22,4.04,4.26,0.00,90.82,5.99,0
103.11,120.80,107.15,0.00,93.69,99.66,71.26,13.89,451.62,56.10,0
86.73,74.33,51.74,54.62,94.73,101.49,70.19,8.50,375.11,16.41,0
31.09,20.58,10.30,25.92,18.49,15.96,14.21,4.51,76.87,0.00,0
148.08,177.01,62.82,71.10,45.29,52.21,93.25,31.99,366.39,40.01,0
36.57,43.74,6.05,40.03,15.99,23.90,0.00,0.00,169.36,0.00,0
170.88,159.13,88.01,91.30,0.00,62.93,171.23,0.00,346.80,13.17,0
168.30,235.75,0.00,0.00,102.33,152.93,71.49,0.00,523.48,49.56,0
34.33,39.74,30.02,24.51,29.27,12.00,64.08,20.04,105.34,5.47,0
55.51,74.58,2.26,32.24,50.17,55.87,65.55,35.46,228.17,20.00,0
90.54,94.53,25.74,113.40,31.46,97.99,50.51,25.72,268.63,0.00,0
75.11,136.00,25.40,21.76,61.49,46.98,28.32,14.69,353.68,0.66,0
48.05,39.10,50.71,46.22,27.39,49.20,31.67,0.00,122.24,9.24,0
78.25,55.80,9.45,0.20,22.43,7.00,46.95,4.92,101.77,24.11,0
66.69,47.38,19.99,16.50,32.32,19.27,47.60,18.28,140.40,0.00,0
98.21,52.86,135.05,69.10,71.70,25.81,28.78,0.00,634.07,0.00,0
146.89,183.33,61.81,0.00,108.76,51.28,150.52,47.80,497.85,57.80,0
220.76,83.28,79.63,13.76,97.62,41.47,64.65,117.00,387.91,0.00,0
147.99,103.43,53.55,29.94,23.54,0.00,120.67,0.00,569.44,0.00,0
227.34,65.77,101.38,38.07,41.72,29.72,116.38,63.68,333.77,87.81,0
66.51,38.61,11.51,14.56,74.95,26.56,74.41,21.55,192.44,22.17,0
38.58,101.08,71.47,5.95,52.53,84.03,12.75,0.00,372.35,0.00,0
28.79,14.12,8.37,28.09,6.87,6.03,15.85,4.73,77.61,0.00,0
75.28,75.04,90.50,13.15,0.00,61.59,66.24,31.02,250.67,0.00,0
104.32,75.00,22.98,28.98,76.78,0.00,118.36,3.57,313.63,84.71,0
85.97,65.29,140.17,33.29,20.13,86.93,98.40,34.55,409.38,15.68,0
157.79,255.25,103.20,17.89,66.53,34.01,190.19,0.00,507.37,0.00,0
107.53,146.60,139.78,67.04,81.76,91.47,183.29,0.00,404.73,0.00,0
208.89,24.62,95.21,73.96,145.59,70.52,123.61,92.54,490.35,38.21,0
16.49,95.14,69.87,76.11,73.16,75.57,69.40,20.39,318.35,7.71,0
26.55,33.30,26.85,8.42,57.33,5.11,24.89,0.00,132.34,13.17,0
64.63,113.64,0.00,0.00,60.69,14.72,201.80,9.02,536.49,26.65,0
41.49,35.67,18.90,6.04,50.86,46.14,83.78,26.79,135.90,0.00,0
129.06,60.90,81.18,78.28,0.00,86.40,77.72,9.47,368.36,38.84,0
108.78,105.34,89.11,55.99,29.09,82.76,51.00,10.32,396.57,0.00,0
108.53,116.07,62.74,42.62,0.00,4.60,62.41,9.04,325.02,0.00,0
71.01,66.57,102.68,28.26,0.00,16.09,87.68,15.05,194.69,12.51,0
198.37,75.72,142.07,104.10,16.07,146.47,97.19,0.00,502.24,52.77,0
21.39,143.97,26.33,0.00,17.72,0.00,68.68,0.00,406.54,21.68,0
41.22,26.15,14.10,8.52,27.03,0.00,27.86,0.00,95.69,1.62,0
98.42,96.34,59.25,45.19,81.55,125.17,159.37,0.00,530.10,92.46,0
109.80,141.26,55.79,43.17,81.97,53.75,139.22,57.02,399.53,5.37,0
60.62,61.77,73.53,77.37,22.70,67.39,38.33,26.14,225.38,22.86,0
180.95,134.32,42.37,60.23,71.50,72.01,54.25,35.61,537.90,68.08,0
54.49,46.22,46.50,0.00,56.82,17.78,54.03,0.00,209.33,0.75,0
13.98,63.97,26.12,0.00,0.00,0.00,39.52,0.00,196.18,0.00,0
91.62,80.59,115.54,44.68,12.60,88.19,84.28,0.00,229.76,46.01,0
49.10,47.30,0.00,0.00,21.05,23.59,23.18,42.05,160.86,0.00,0
78.36,93.71,25.59,14.20,83.19,19.04,143.50,49.66,293.71,18.15,0
123.35,155.71,81.07,60.02,107.63,12.59,188.98,0.00,504.27,6.05,0
147.80,115.06,2.55,0.00,43.99,35.11,228.33,0.00,575.94,0.00,0
131.33,37.94,28.73,0.00,1.14,6.31,45.68,17.75,310.98,0.00,0
110.50,154.88,98.19,0.00,33.78,52.06,158.44,0.00,263.01,0.00,0
152.38,97.56,26.38,36.80,0.00,111.21,107.93,5.50,478.59,67.90,0
42.07,28.82,36.86,8.09,23.51,10.59,5.48,0.00,94.31,0.00,0
121.90,92.65,48.07,71.53,18.29,22.81,82.49,13.82,419.02,0.00,0
24.89,124.40,3.71,58.12,0.82,69.90,106.99,42.78,291.42,7.79,0
266.47,231.85,120.21,79.19,62.82,0.00,156.37,0.00,558.53,60.21,0
93.81,107.57,62.14,0.00,70.49,73.88,84.19,28.67,336.14,28.05,0
138.96,201.33,0.00,87.71,171.47,73.37,179.73,38.89,602.96,56.29,0
74.74,117.65,22.15,29.78,19.40,0.00,41.09,27.24,144.19,35.91,0
138.43,84.27,77.74,11.56,97.66,0.00,174.75,12.90,429.05,0.00,0
87.34,142.57,124.05,0.00,69.49,57.69,95.65,0.00,334.01,0.00,0
154.52,182.09,53.84,0.00,88.87,19.25,238.06,9.77,429.31,0.00,0
18.18,38.28,0.00,6.82,21.28,18.83,32.08,0.00,104.94,0.00,0
56.04,49.61,79.11,15.07,62.53,134.46,129.55,21.83,374.74,20.53,0
105.18,131.96,81.52,28.46,0.00,125.05,187.73,0.00,555.79,57.37,0
12.69,21.93,14.20,3.88,5.77,7.64,2.53,2.55,60.44,0.00,0
90.57,91.65,15.21,0.67,66.91,62.05,37.59,38.79,166.90,5.27,0
58.17,145.80,111.91,45.42,106.86,59.68,53.96,0.00,488.99,0.00,0
42.74,38.38,17.86,17.78,22.17,30.64,41.05,13.67,132.55,9.21,0
34.83,63.38,53.93,26.37,10.92,22.22,32.94,0.13,225.57,0.00,0
32.25,65.40,25.23,16.22,42.36,22.71,34.66,2.04,146.24,0.00,0
81.92,45.12,78.57,47.31,61.34,32.86,82.87,0.00,277.00,0.00,0
121.91,86.06,124.34,4.10,92.59,35.00,229.19,0.00,341.09,0.00,0
101.48,207.17,65.41,56.48,109.99,86.03,54.97,0.00,534.47,37.90,0
144.05,164.03,119.57,8.13,124.01,36.04,196.58,0.00,291.20,8.29,0
23.65,24.48,2.96,5.25,26.59,11.88,26.04,0.00,85.22,0.00,0
226.02,189.49,91.55,28.11,115.45,163.84,187.72,56.49,409.43,121.65,0
49.60,34.38,23.78,5.01,43.17,19.05,37.65,17.91,130.48,3.39,0
73.85,113.54,74.09,31.97,117.90,34.33,109.11,50.18,291.46,44.01,0
122.22,148.11,117.11,8.46,0.00,0.00,122.29,0.00,273.48,101.42,0
42.90,16.60,11.99,4.94,11.50,0.71,22.56,18.65,123.95,10.10,0
72.88,95.96,33.96,36.79,76.91,33.37,35.80,0.00,292.62,0.00,0
115.71,104.38,21.47,63.24,66.36,37.98,89.14,33.48,361.42,7.72,0
19.95,20.70,13.17,0.00,15.84,1.40,25.22,0.00,87.76,1.03,0
32.63,29.85,27.33,0.09,7.68,16.43,20.50,14.28,118.78,0.00,0
16.18,49.89,4.42,37.82,46.87,0.00,56.68,3.36,104.09,0.00,0
66.93,70.63,63.81,16.31,34.28,46.80,66.49,0.00,170.16,19.90,0
28.79,63.83,63.62,0.00,0.00,8.07,51.24,35.75,224.87,0.00,0
60.72,96.84,45.09,28.92,67.39,60.35,65.49,14.83,247.86,4.34,0
127.46,259.92,123.24,59.71,127.58,153.44,162.82,108.49,524.59,5.53,0
99.29,59.08,32.15,10.19,84.27,0.00,85.85,2.73,203.37,0.00,0
80.79,78.73,126.02,10.62,81.60,76.96,197.89,20.26,420.40,14.77,0
198.74,145.01,209.37,13.72,175.00,44.44,181.18,58.57,526.73,21.76,0
45.79,94.35,21.02,0.00,20.71,36.02,43.66,2.88,261.76,20.90,0
85.50,99.13,59.01,64.05,59.18,182.48,95.84,71.33,587.22,23.83,0
93.23,268.96,130.70,131.96,67.15,46.95,109.76,0.00,535.06,152.30,0
24.32,47.97,48.05,21.53,22.51,27.86,50.27,15.88,109.85,0.00,0
234.74,179.29,74.20,0.00,104.14,37.15,175.88,0.00,590.34,0.00,0
73.20,92.81,26.73,66.70,20.16,89.74,111.18,0.00,362.16,11.60,0
106.49,154.34,17.92,8.05,75.41,0.00,164.87,0.00,380.38,46.11,0
65.52,74.07,44.20,18.29,4.50,14.56,39.45,0.00,239.90,15.10,0
26.14,37.56,36.23,20.44,39.67,0.00,35.56,29.02,141.09,25.28,0
130.54,73.25,56.44,72.03,66.32,106.15,85.34,0.00,333.20,0.00,0
122.71,114.73,58.84,0.00,83.45,0.00,50.61,43.89,360.16,55.26,0
91.84,109.61,88.46,36.52,46.95,30.36,81.68,10.90,319.82,0.00,0
93.73,78.94,28.69,36.32,0.00,50.36,58.01,0.00,280.22,7.40,0
79.36,74.79,120.57,56.50,0.00,109.65,148.52,29.40,256.39,18.89,0
167.79,207.27,199.56,51.42,119.06,49.12,183.03,0.00,409.19,159.64,0
61.98,28.03,34.02,5.42,10.85,31.60,55.21,0.00,153.54,7.89,0
104.18,73.31,25.02,0.00,9.31,42.53,49.50,0.00,261.95,3.94,0
36.29,26.43,28.21,12.84,21.50,8.89,14.33,1.56,58.13,0.45,0
35.57,22.27,18.33,17.25,6.95,6.76,19.27,12.01,102.46,6.57,0
212.86,99.18,42.66,54.89,124.00,137.76,67.33,0.00,449.97,49.61,0
108.65,60.63,46.36,66.88,61.68,8.38,48.82,0.00,347.21,40.82,0
196.87,218.94,62.61,128.18,114.92,115.63,22.40,0.00,558.73,11.90,0
45.34,22.83,24.38,13.60,2.72,13.62,14.62,0.73,73.16,9.53,0
31.02,61.19,18.22,12.27,9.27,7.84,29.48,21.85,236.47,40.62,0
163.40,161.50,102.78,34.03,0.00,37.11,118.51,0.00,310.81,0.00,0
209.79,239.53,148.77,5.84,55.30,61.41,160.95,13.68,521.58,0.00,0
144.36,212.60,0.00,15.90,22.42,39.89,127.47,31.06,334.81,56.86,0
69.02,86.43,30.83,49.67,13.75,64.06,21.94,22.03,310.41,16.77,0
59.72,14.99,3.35,0.62,26.94,19.21,23.19,0.00,93.47,11.19,0
79.19,61.21,38.07,0.00,27.02,63.53,61.56,33.77,269.14,0.00,0
45.74,5.18,6.53,57.02,60.50,1.10,79.62,22.67,254.21,35.99,0
100.73,48.17,42.25,16.00,16.11,27.78,62.76,0.00,189.83,13.37,0
32.99,28.85,30.75,0.00,27.57,31.46,30.56,13.73,141.93,7.09,0
69.97,53.06,34.96,0.68,6.19,22.00,63.00,9.73,133.21,0.00,0
42.28,55.11,33.69,61.42,28.21,58.63,45.47,27.75,183.13,21.07,0
97.95,105.50,77.85,46.56,50.76,27.00,52.93,21.22,268.32,15.36,0
80.24,68.08,27.78,75.95,35.27,21.05,90.42,0.00,351.63,31.07,0
105.64,136.64,43.73,136.50,33.63,84.48,92.51,0.00,466.37,8.64,0
56.94,86.12,0.00,0.95,102.83,31.37,81.25,0.00,285.97,0.00,0
119.06,240.71,41.20,33.72,58.60,20.64,129.54,60.63,604.00,70.43,0
37.52,28.21,7.58,6.76,6.07,11.59,27.09,9.87,108.19,0.00,0
115.32,125.72,88.79,48.77,7.80,31.62,90.88,63.30,274.30,55.01,0
58.41,41.72,31.69,1.98,0.00,32.82,71.74,0.00,169.63,15.40,0
167.85,53.55,84.41,195.53,92.27,154.24,246.87,0.00,583.07,141.45,0
74.35,154.26,139.26,41.95,139.31,60.96,193.76,0.00,405.26,6.68,0
36.25,75.62,43.70,0.00,40.30,8.80,78.86,0.00,142.88,29.02,0
131.21,255.66,107.90,101.85,107.69,0.00,61.79,0.00,562.03,0.00,0
103.05,87.00,101.53,96.86,77.10,98.77,69.25,0.00,566.24,0.00,0
127.93,148.45,68.76,32.62,48.06,50.90,78.10,67.20,554.68,31.03,0
132.38,132.56,71.21,20.90,23.28,0.00,128.37,28.75,444.60,28.38,0
139.68,68.05,249.98,83.53,73.49,16.46,34.83,28.74,405.22,45.01,0
117.91,103.63,81.13,98.09,40.49,3.13,79.54,16.96,282.20,0.00,0
56.03,87.53,19.88,17.67,38.87,50.24,36.84,0.00,289.07,23.11,0
192.81,7.13,62.84,140.04,35.45,97.72,72.41,0.00,552.02,87.73,0
155.05,59.53,59.36,45.33,63.46,86.74,59.64,0.00,298.16,0.00,0
130.73,157.57,5.85,53.24,45.58,113.91,165.13,0.00,483.27,0.00,0
197.27,215.65,144.75,9.53,124.61,40.17,66.72,23.41,423.54,0.00,0
16.44,21.24,22.94,2.78,33.48,16.68,17.03,2.58,85.16,0.00,0
36.65,42.12,23.55,40.31,26.59,26.68,30.86,0.00,101.48,0.00,0
40.41,73.77,19.37,0.00,20.41,4.46,25.07,0.00,114.63,0.00,0
123.54,77.54,83.87,80.13,0.00,98.37,58.49,0.00,292.65,47.92,0
24.56,69.65,32.01,0.00,16.28,34.72,41.34,0.00,151.12,5.20,0
22.18,20.65,33.28,17.65,6.09,24.18,42.01,20.40,164.56,22.54,0
85.23,30.35,22.94,17.31,36.21,12.02,0.00,0.00,254.88,12.62,0
91.68,106.74,0.00,55.82,83.66,109.69,137.62,87.48,485.23,36.33,0
90.69,40.42,60.74,2.35,0.00,45.45,92.30,62.11,312.92,29.27,0
17.05,28.94,15.95,0.00,10.87,0.00,30.03,13.91,98.08,2.80,0
33.79,34.81,15.27,43.36,37.03,1.94,9.53,3.07,110.19,10.69,0
47.27,77.64,15.89,2.76,42.96,35.40,104.89,0.00,260.72,11.70,0
44.98,0.00,140.32,54.86,107.25,34.34,130.19,0.00,504.26,19.72,0
63.15,116.28,68.70,0.00,48.89,8.65,90.00,9.28,201.83,11.22,0
151.71,55.27,38.57,22.38,74.64,84.48,209.86,7.09,512.81,0.00,0
150.50,171.67,0.00,57.73,82.73,88.70,137.56,0.00,493.18,27.71,0
187.36,181.74,56.66,107.08,140.80,1.67,72.63,0.00,593.25,97.26,0
133.90,155.20,64.63,107.99,154.35,14.15,194.16,0.00,424.11,81.60,0
115.04,93.17,36.87,42.02,24.58,60.11,186.46,0.00,247.25,0.00,0
93.69,150.77,7.96,47.87,5.47,29.43,157.38,80.10,227.52,0.00,0
72.78,108.49,33.69,34.99,20.34,52.98,122.53,22.49,349.39,0.00,0
185.68,134.31,104.20,64.97,18.70,0.00,148.25,13.51,479.02,0.00,0
20.81,25.72,10.85,12.13,42.11,12.53,49.30,5.16,85.36,4.81,0
16.93,106.90,79.19,78.19,0.00,28.94,143.93,49.29,397.83,105.66,0
41.44,39.16,13.51,33.20,27.29,12.29,5.68,42.77,198.35,26.86,0
45.17,53.26,46.28,28.51,15.17,56.61,70.56,0.00,214.54,0.00,0
47.05,52.14,37.78,35.52,1.74,59.38,38.60,0.00,248.21,18.48,0
61.39,120.88,0.00,25.09,14.09,28.59,145.13,66.61,330.71,0.00,0
51.67,55.62,17.22,12.05,32.66,9.68,35.16,0.00,106.35,12.55,0
24.75,34.77,7.93,32.18,20.84,9.77,29.52,2.20,54.45,0.00,0
108.45,133.98,96.25,114.82,74.72,49.47,95.81,0.00,305.39,36.48,0
53.61,38.15,18.02,0.00,57.00,0.00,47.23,8.49,115.38,30.31,0
109.85,110.97,16.45,14.17,55.95,49.95,115.34,0.00,261.90,37.07,0
152.88,197.94,212.45,6.02,62.17,67.55,141.33,0.00,500.42,0.00,0
38.63,35.87,0.00,8.99,5.89,3.51,13.50,0.00,106.61,0.00,0
85.03,70.42,120.86,14.13,52.47,47.11,52.03,0.00,224.20,0.00,0
34.09,61.11,33.64,17.78,13.06,61.12,13.30,0.82,226.07,0.00,0
14.39,29.54,0.77,11.58,1.64,12.33,24.63,0.00,89.69,0.00,0
91.92,55.47,72.70,24.90,14.97,1.89,120.74,12.12,322.21,2.85,0
72.67,97.80,18.24,45.84,57.78,46.72,32.87,4.27,217.16,0.00,0
96.77,242.64,3.67,82.93,89.36,123.28,94.80,47.11,521.62,0.00,0
22.89,112.30,40.36,68.21,69.35,69.24,63.55,12.48,432.66,70.42,0
109.39,100.98,134.75,39.11,65.51,0.00,153.85,0.00,465.00,42.04,0
93.27,77.59,87.24,23.87,53.39,13.23,114.28,0.00,248.60,10.54,0
167.12,130.23,43.84,106.81,53.76,107.33,92.85,0.00,419.12,13.97,0
61.06,237.15,114.49,0.00,0.00,129.70,52.56,0.00,769.49,138.61,0
145.82,150.11,34.65,16.53,1.40,60.94,89.94,0.00,352.16,0.00,0
112.75,69.78,19.31,75.44,17.33,68.28,28.94,16.59,326.34,3.43,0
44.37,7.02,4.23,18.32,9.97,20.27,23.70,0.00,73.02,0.00,0
149.73,142.68,108.67,23.68,72.92,70.59,67.83,30.04,366.72,35.30,0
122.85,143.80,59.75,0.00,154.66,0.00,96.75,0.00,652.55,54.47,0
95.14,103.43,45.43,58.00,71.17,83.45,134.21,14.88,275.50,0.00,0
82.43,169.05,63.85,74.79,69.00,0.49,105.88,0.00,409.15,25.58,0
89.26,98.46,48.51,35.35,78.03,33.49,55.82,32.68,296.33,10.50,0
60.11,72.13,28.35,16.38,19.51,42.25,35.76,6.94,183.40,56.16,0
167.64,140.45,94.61,32.21,97.18,183.72,110.63,22.81,452.95,24.53,0
35.55,95.64,105.72,34.05,116.26,58.34,98.02,0.74,202.46,0.00,0
34.18,25.25,13.90,3.86,13.90,23.72,14.82,0.00,104.75,0.00,0
110.70,87.65,90.11,5.75,41.97,80.67,94.59,28.85,291.34,0.00,0
72.31,98.50,44.29,69.41,54.96,223.99,68.20,28.49,518.20,2.12,0
196.37,258.83,140.52,81.69,83.10,161.40,101.84,92.32,511.76,37.61,0
184.85,96.89,103.78,9.23,122.03,36.12,62.98,0.00,476.69,0.00,0
43.01,42.92,30.69,21.08,18.64,37.81,17.65,13.60,163.58,0.00,0
71.18,58.02,35.10,34.03,34.83,32.92,34.73,26.94,125.18,14.53,0
148.78,130.97,0.00,108.01,25.55,64.49,86.45,15.15,336.63,11.22,0
44.45,79.18,48.45,2.90,16.66,35.21,59.61,0.00,164.66,23.50,0
29.26,44.60,3.45,0.68,0.00,14.66,11.32,9.55,117.48,0.54,0
28.50,28.74,30.35,18.02,14.89,21.37,33.27,10.94,101.74,0.00,0
60.20,186.88,69.65,91.43,60.93,207.38,109.35,53.97,504.42,28.27,0
33.19,31.52,36.57,22.59,34.25,0.00,32.85,14.49,114.83,0.00,0
37.13,90.46,64.51,52.07,14.26,55.21,69.42,0.00,295.55,21.33,0
19.39,19.82,16.95,7.82,13.40,17.92,17.18,0.00,88.30,1.16,0
114.63,111.57,99.22,0.00,83.48,21.36,97.84,79.51,472.50,0.00,0
73.60,48.53,1.97,0.00,32.43,29.01,35.07,0.00,252.08,40.95,0
28.23,66.52,40.14,38.20,55.56,77.99,110.75,0.00,274.13,0.00,0
81.30,35.47,25.49,101.32,29.43,20.09,66.85,14.10,431.39,34.37,0
203.69,193.71,155.29,40.60,36.59,85.89,139.08,68.31,552.50,0.00,0
35.96,105.01,40.73,34.69,36.36,38.38,68.72,16.81,250.42,23.81,0
90.13,116.84,73.96,0.00,127.13,56.13,38.59,0.00,263.07,72.37,0
255.62,215.38,123.32,36.74,24.27,70.28,216.28,7.99,536.54,30.07,0
91.28,47.50,23.80,37.43,14.07,98.53,45.97,0.00,294.25,0.00,0
98.05,51.02,81.83,13.54,152.98,17.08,147.17,34.62,247.47,82.31,0
98.87,65.13,16.82,55.41,55.98,110.08,84.10,50.34,270.79,0.00,0
139.71,106.49,8.37,152.02,87.77,43.66,105.91,0.00,508.46,1.20,0
235.32,148.08,22.45,71.62,122.59,63.51,155.32,13.58,544.44,104.41,0
132.28,178.26,53.63,77.92,81.96,138.14,94.67,0.00,424.67,15.04,0
49.06,94.13,19.77,37.37,17.27,28.26,104.58,5.04,142.20,13.78,0
243.46,134.17,92.14,35.40,0.00,123.28,63.40,4.92,447.65,60.64,0
28.24,28.20,26.65,17.04,11.38,0.00,34.62,0.00,108.34,0.00,0
105.02,59.80,13.94,66.78,39.77,61.39,55.43,12.95,253.03,11.87,0
45.31,62.57,60.96,10.51,29.51,14.47,30.11,0.00,154.27,31.91,0
185.47,59.34,123.43,0.00,132.23,118.56,195.11,69.50,521.99,77.91,0
132.35,130.05,161.27,0.00,71.77,24.68,46.48,59.94,512.36,67.04,0
24.49,21.84,14.15,16.27,26.89,27.46,25.08,0.00,69.50,19.72,0
119.56,173.88,127.63,0.00,85.95,0.00,175.54,31.14,582.80,29.18,0
103.05,79.92,57.22,29.66,100.12,26.93,59.72,10.09,370.28,14.33,0
112.74,122.60,9.86,73.89,37.27,5.98,64.46,56.50,256.08,1.52,0
57.24,120.96,89.52,13.08,23.01,0.00,93.37,32.40,316.22,0.00,0
20.91,30.05,28.67,19.25,30.49,4.16,35.66,13.77,148.63,1.62,0
79.94,62.00,45.16,0.00,20.43,0.00,56.32,0.00,171.50,0.00,0
106.74,145.67,50.38,51.45,42.15,50.93,174.72,0.00,291.61,21.38,0
55.35,87.58,14.68,60.81,33.23,43.85,53.36,14.56,304.41,0.00,0
114.29,156.18,92.43,9.50,56.00,33.65,127.11,20.73,423.90,0.00,0
100.20,88.06,0.00,1.71,7.83,13.14,96.19,26.76,210.70,1.96,0
96.54,60.00,0.00,10.70,39.96,9.10,33.09,32.46,165.54,9.88,0
197.73,205.27,28.32,53.90,100.51,79.54,122.93,0.00,519.65,47.45,0
208.39,108.85,11.80,36.10,0.00,0.00,84.75,0.00,448.73,0.00,0
23.53,15.34,15.96,5.42,1.51,21.71,22.32,4.55,55.85,2.39,0
113.51,151.61,60.52,110.75,35.38,0.00,108.21,27.45,430.43,25.96,0
41.42,34.37,3.07,4.85,33.91,11.44,21.47,25.98,128.76,0.78,0
69.56,72.92,97.58,85.26,40.95,66.71,132.03,0.00,310.71,0.00,0
59.95,59.14,73.58,40.45,23.02,33.88,103.18,15.74,219.32,18.28,0
142.11,109.69,27.21,28.44,42.78,145.97,24.87,13.95,352.28,55.14,0
190.71,152.29,94.18,0.00,159.40,109.47,155.31,26.31,524.73,86.52,0
28.19,77.13,29.16,18.03,6.31,35.13,20.94,26.50,150.34,0.00,0
89.66,46.68,0.00,0.00,34.01,24.19,92.08,0.00,194.85,24.29,0
91.17,82.89,7.64,5.41,33.41,80.30,42.09,7.82,278.02,25.04,0
111.88,149.26,86.72,56.27,1.95,35.75,46.04,0.00,424.22,0.00,0
94.60,193.92,81.88,0.00,15.60,12.47,88.87,35.57,361.92,5.42,0
21.67,65.33,80.12,21.02,107.61,0.00,54.66,51.76,269.89,20.05,0
62.64,41.39,63.04,62.03,32.61,0.00,20.50,9.45,224.53,0.00,0
205.61,190.00,179.02,0.00,125.97,43.16,235.04,147.33,580.92,74.68,0
100.51,92.49,0.00,47.96,27.37,105.92,111.90,0.00,402.97,43.34,0
143.18,104.36,44.40,44.18,161.01,74.96,171.92,0.00,437.08,41.32,0
51.24,46.93,15.65,9.21,15.36,14.95,9.27,0.00,142.89,23.36,0
69.66,73.03,32.67,52.63,5.54,12.54,107.49,0.00,214.94,43.81,0
61.18,32.07,11.14,13.64,0.00,17.99,61.47,17.69,174.08,13.81,0
109.62,136.06,0.00,74.78,43.68,82.16,76.31,27.55,367.87,0.00,0
20.54,20.88,14.00,7.62,19.15,11.07,18.61,6.51,57.60,12.12,0
73.38,121.43,149.53,0.00,121.63,81.97,89.00,58.97,484.26,43.98,0
70.16,86.20,49.15,13.26,30.76,62.71,41.23,3.62,214.53,0.00,0
155.08,132.85,77.37,48.85,50.74,49.44,5.11,49.59,497.89,0.00,0
24.65,16.56,11.62,13.43,22.90,0.00,23.04,7.34,71.24,0.42,0
169.76,96.11,100.86,0.00,38.49,12.55,91.87,0.00,482.66,14.07,0
21.55,15.56,16.63,14.08,16.67,24.31,18.45,8.63,61.11,0.00,0
207.64,177.96,150.92,86.91,69.22,22.69,67.28,0.00,592.05,0.00,0
122.59,124.32,65.40,43.06,62.31,137.87,90.40,0.00,359.25,48.86,0
124.00,108.11,10.52,17.30,15.77,38.61,149.11,39.64,397.77,47.53,0
36.02,37.89,62.79,64.64,35.92,30.42,71.93,12.86,204.58,31.29,0
51.48,55.44,25.08,10.86,39.62,23.85,56.13,4.26,112.71,0.00,0
128.25,272.28,17.09,0.00,122.46,9.51,127.22,0.00,516.81,91.51,0
25.73,107.08,157.50,0.00,21.51,16.07,137.31,103.74,385.72,28.75,0
32.21,30.76,48.36,23.15,68.15,23.54,32.29,28.59,247.55,33.60,0
140.81,147.41,49.43,128.57,75.24,56.05,129.70,0.00,284.86,0.00,0
137.44,95.65,64.62,54.53,64.03,59.53,84.81,6.84,277.25,0.00,0
176.48,55.86,87.08,62.81,158.60,46.83,132.88,0.00,396.28,0.00,0
32.21,47.30,31.98,21.35,13.23,6.57,49.74,8.40,125.25,0.00,0
68.39,89.60,69.30,89.34,113.89,41.38,103.65,23.14,219.89,0.00,0
203.99,94.60,83.71,23.81,43.32,51.16,148.19,55.01,500.95,8.73,0
23.95,28.80,15.55,7.99,17.76,6.82,17.54,0.00,60.54,0.00,0
161.64,72.76,41.05,0.00,42.24,0.00,110.47,0.00,341.34,0.00,0
181.31,130.70,47.33,55.90,37.38,0.00,59.87,30.19,540.03,34.31,0
90.57,79.70,32.48,36.15,6.33,27.39,97.43,17.05,191.00,0.00,0
84.55,76.93,64.65,76.07,76.85,46.51,105.71,5.87,277.15,0.00,0
67.46,77.77,65.27,54.32,122.79,38.23,67.05,0.00,304.97,0.00,0
146.40,165.62,134.77,72.18,37.13,0.00,217.80,4.18,523.55,62.65,0
40.18,32.67,7.40,16.51,37.18,18.15,30.27,0.82,98.48,1.46,0
127.72,62.13,101.52,0.00,185.52,59.99,111.23,0.00,438.04,43.15,0
117.17,195.08,123.73,96.09,54.03,150.87,195.20,0.00,460.34,65.82,0
73.53,146.34,22.80,0.00,17.94,66.32,144.76,0.00,228.53,44.12,0
146.77,164.25,110.05,54.33,56.69,62.50,125.39,0.00,554.71,32.58,0
176.17,145.82,66.54,36.59,171.31,64.81,128.05,0.00,508.95,17.15,0
110.64,148.66,57.49,2.04,183.38,99.46,197.70,0.00,367.90,77.37,0
42.33,20.76,22.32,9.90,2.78,0.00,21.96,7.59,103.79,17.64,0
25.20,44.11,41.39,0.00,17.16,5.18,19.06,0.00,113.23,9.73,0
31.73,25.77,29.89,13.35,12.05,4.49,17.54,6.46,93.64,3.44,0
139.54,212.89,163.52,113.98,153.75,18.57,169.78,97.12,581.43,0.00,0
131.56,144.97,102.09,74.97,128.29,0.00,144.52,26.18,301.48,72.56,0
103.00,138.65,36.03,61.66,26.16,64.94,46.63,39.66,335.63,21.19,0
49.39,53.33,3.08,20.71,2.53,33.62,34.70,0.00,165.71,25.25,0
132.92,117.90,41.40,52.12,56.65,74.41,156.30,42.19,472.06,0.00,0
22.64,20.92,27.90,21.53,2.21,16.26,23.59,22.48,126.78,10.60,0
23.23,26.80,26.58,5.73,34.74,3.63,12.27,3.92,82.82,0.00,0
49.77,60.51,22.73,8.74,25.89,0.00,50.78,16.29,267.49,1.82,0
235.83,79.53,78.08,0.00,107.61,123.11,149.52,28.19,470.11,32.40,0
151.84,197.27,75.21,80.87,99.87,30.66,231.78,105.67,444.38,79.73,0
70.55,45.49,30.29,11.98,26.38,0.00,21.84,0.00,163.62,0.00,0
33.39,83.05,18.09,41.56,4.85,28.40,53.45,0.00,284.39,10.78,0
37.15,38.67,0.00,17.02,2.09,13.86,41.18,0.00,115.57,3.47,0
173.57,179.21,22.79,47.78,51.29,91.03,103.97,0.00,346.14,0.00,0
198.04,246.22,93.26,94.93,16.64,0.00,98.45,40.66,411.08,13.92,0
145.61,64.57,78.83,0.00,69.71,42.02,85.94,47.97,503.70,73.08,0
49.23,56.82,42.46,12.66,20.12,17.52,28.25,23.77,127.13,4.82,0
60.12,72.95,27.69,0.00,51.36,0.00,138.79,0.00,326.28,5.41,0
32.45,65.96,58.03,33.29,21.96,82.02,103.84,0.00,276.67,47.67,0
100.53,52.82,35.91,46.91,13.21,29.68,7.48,0.00,172.72,0.00,0
42.81,118.12,22.20,27.55,73.39,57.27,32.24,40.44,353.10,0.00,0
65.56,86.52,20.31,28.27,62.45,29.57,0.00,0.00,269.13,34.39,0
54.19,44.87,0.48,0.00,20.95,40.59,28.89,12.57,134.99,9.35,0
86.82,86.89,105.69,49.02,99.53,13.81,12.94,0.00,322.64,7.35,0
86.55,71.53,47.80,38.49,22.99,48.96,32.52,11.13,173.23,0.00,0
45.22,47.61,11.03,26.04,25.28,18.62,14.48,0.00,129.47,14.44,0
83.12,115.59,106.21,84.08,54.45,24.15,104.29,0.00,354.87,36.03,0
76.43,70.78,72.06,87.27,119.28,103.44,76.70,6.40,203.71,29.52,0
67.99,76.13,61.88,2.19,79.67,0.00,90.78,0.00,148.19,9.20,0
18.67,26.51,14.04,7.47,12.57,11.92,14.01,10.03,81.09,0.00,0
202.48,208.53,0.00,18.44,0.00,28.08,103.13,21.26,607.41,92.26,0
71.59,53.35,67.90,37.22,0.00,41.64,98.51,0.00,337.71,0.00,0
49.76,116.45,69.70,2.76,158.14,65.63,166.03,40.33,354.37,29.56,0
51.07,54.51,11.77,46.78,25.59,0.00,45.33,0.00,247.81,1.54,0
264.61,95.52,20.94,5.65,65.92,39.87,105.57,0.00,495.23,37.53,0
33.22,23.71,42.03,19.26,22.90,27.63,38.24,0.00,83.48,12.16,0
94.00,159.07,67.32,41.91,77.11,136.84,118.95,0.00,480.92,13.55,0
86.63,182.22,40.06,72.42,91.34,22.07,0.00,119.35,548.18,44.18,0
39.34,207.85,45.63,24.20,191.19,64.79,149.58,103.65,316.91,0.00,0
28.89,27.71,13.55,11.77,14.01,19.91,14.72,1.30,83.55,0.00,0
25.51,36.98,16.26,28.07,31.24,36.32,10.82,3.86,70.24,0.96,0
183.75,181.39,82.26,0.00,122.93,53.88,244.93,75.90,555.43,3.64,0
106.35,56.73,19.40,29.13,34.80,60.48,44.68,0.00,228.68,22.78,0
179.54,125.68,86.62,100.53,44.05,107.96,104.18,0.00,469.30,42.85,0
266.22,222.22,71.55,96.70,166.43,66.57,167.86,6.08,427.11,83.73,0
146.50,106.95,0.00,144.47,14.31,130.11,106.89,27.27,556.62,65.15,0
97.15,127.34,47.01,37.63,96.57,26.18,82.00,23.05,306.97,0.00,0
22.47,10.15,12.40,21.81,11.16,6.82,21.91,7.59,62.32,7.88,0
185.14,118.24,135.00,111.86,99.12,9.47,107.14,39.10,433.52,34.72,0
134.68,58.44,51.73,0.00,94.49,10.24,93.38,0.00,290.62,34.21,0
226.15,100.56,162.43,70.36,0.00,81.87,156.04,81.90,464.78,39.47,0
80.37,77.29,31.30,13.46,103.18,9.86,95.04,14.23,260.10,0.00,0
31.60,10.93,21.04,6.15,7.25,20.15,6.50,0.00,94.55,7.96,0
144.96,66.84,1.85,13.12,35.59,59.26,81.30,0.00,343.05,10.30,0
209.66,71.92,135.96,47.51,100.43,29.32,143.82,0.00,359.87,0.00,0
137.30,163.48,33.74,58.18,147.63,45.06,11.11,39.24,510.72,29.48,0
6.08,70.93,18.81,0.05,21.82,40.59,105.42,0.00,251.60,59.40,0
41.52,104.91,75.12,33.02,0.00,0.00,32.88,40.56,207.32,0.00,0
127.71,96.30,72.01,66.22,100.61,51.53,95.78,0.00,346.34,4.60,0
54.03,62.33,7.43,9.75,4.68,2.08,38.20,0.00,139.77,0.00,0
26.58,41.50,47.36,22.14,31.65,56.71,93.28,0.55,256.84,8.43,0
121.07,159.42,0.00,45.82,49.43,57.88,92.50,9.58,356.91,0.00,0
148.50,162.53,0.00,57.93,18.96,92.31,140.05,0.00,411.79,0.00,0
85.32,88.15,106.96,15.81,70.23,0.00,51.84,14.30,250.69,51.61,0
36.42,23.47,23.41,15.46,52.51,20.77,38.10,0.00,105.63,0.00,0
94.93,145.31,127.50,0.00,0.00,125.31,41.02,0.00,498.09,0.00,0
86.72,152.57,66.50,0.00,32.25,6.45,110.10,26.26,242.17,4.33,0
62.82,91.60,89.69,0.00,70.81,66.67,104.49,0.00,211.10,57.52,0
62.86,69.65,4.18,0.00,14.62,15.08,58.61,0.00,231.28,1.50,0
31.32,54.55,63.49,31.74,19.49,0.00,21.15,0.00,144.31,0.00,0
150.76,81.99,101.23,111.83,56.53,65.25,83.50,16.40,522.58,0.00,0
91.14,141.92,37.75,92.54,77.05,0.00,118.68,5.23,519.89,47.88,0
131.80,158.17,0.00,37.30,23.74,15.26,141.65,14.59,395.26,12.32,0
184.24,77.34,25.73,79.11,10.93,19.81,253.78,0.00,597.45,0.00,0
86.78,174.95,145.01,32.29,52.20,45.21,79.58,60.32,447.93,87.75,0
189.98,120.14,0.00,62.59,193.79,36.69,205.16,52.02,400.44,0.00,0
73.05,48.86,127.16,55.11,141.05,62.10,168.66,35.20,575.14,77.48,0
130.10,183.20,24.79,34.65,79.51,67.04,77.30,16.86,564.44,0.00,0
90.69,70.43,69.61,35.79,27.94,77.18,179.26,45.26,378.98,6.54,0
124.66,98.24,13.70,0.00,64.94,37.80,117.02,0.00,360.61,23.76,0
199.34,156.60,91.31,49.76,100.97,26.82,226.76,0.00,358.85,0.00,0
84.54,86.69,13.07,10.50,67.69,106.43,10.76,0.00,342.79,1.09,0
113.17,194.25,69.56,82.62,103.96,61.37,23.66,42.00,404.96,0.00,0
94.85,112.60,12.29,45.64,0.00,62.99,50.44,0.00,264.82,0.00,0
35.57,33.50,0.00,0.00,26.75,6.61,20.98,23.69,145.21,11.50,0
91.03,143.15,168.24,43.73,203.04,56.65,207.73,0.00,525.05,0.00,0
107.02,133.61,62.85,0.00,38.84,31.53,118.11,0.00,348.36,0.00,0
93.63,78.72,0.00,79.05,62.21,0.00,100.97,0.00,313.58,17.27,0
165.60,142.10,37.11,1.30,133.88,70.74,145.95,34.76,477.12,10.97,0
87.24,106.90,61.33,59.92,149.53,0.00,196.19,0.00,378.04,0.00,0
150.21,130.58,7.65,20.33,123.04,6.70,81.46,17.15,268.02,18.41,0
142.00,147.90,137.71,38.27,115.90,47.50,49.71,0.00,566.16,22.17,0
197.02,72.37,157.82,89.73,71.29,64.54,139.25,91.18,533.29,0.00,0
81.75,60.59,17.73,16.56,92.12,39.75,111.23,4.66,245.80,0.00,0
88.92,114.99,38.22,7.27,119.41,0.00,217.22,45.26,404.51,18.37,0
54.25,35.13,32.27,35.03,26.33,16.32,89.82,11.11,143.73,22.00,0
219.94,179.78,180.32,44.88,75.14,61.85,193.82,60.71,530.89,20.36,0
44.14,56.91,21.94,9.78,67.20,21.67,110.87,29.20,182.81,0.00,0
80.46,38.16,18.41,17.16,56.35,14.60,65.84,17.62,289.00,22.20,0
37.97,59.26,31.89,1.19,45.10,26.19,34.78,11.29,207.16,18.07,0
30.48,28.81,38.71,18.38,7.59,14.77,59.73,11.80,134.23,13.24,0
19.17,15.58,15.41,13.62,11.44,9.55,15.42,15.47,119.26,5.05,0
35.83,7.61,8.93,19.45,29.21,60.08,75.49,4.16,258.41,0.00,0
77.94,108.92,40.93,66.82,67.62,6.03,161.83,34.68,235.73,0.00,0
70.91,24.94,51.90,0.00,75.42,9.88,85.77,17.46,201.93,22.81,0
144.73,193.04,50.97,153.69,0.00,98.08,97.52,1.88,447.93,14.65,0
10.59,53.52,46.51,29.94,9.05,0.00,50.25,20.94,182.11,0.00,0
71.65,69.21,133.44,17.57,14.26,167.30,145.73,19.27,280.73,0.00,0
99.28,135.24,56.92,0.00,39.22,138.12,165.58,0.00,202.78,90.42,0
174.36,198.38,112.85,4.84,134.85,34.92,203.91,0.00,570.77,0.00,0
101.57,161.46,35.84,56.44,39.05,37.56,112.83,0.00,393.28,40.37,0
27.75,12.04,0.00,14.00,11.40,14.32,8.70,1.07,95.15,11.39,0
185.66,211.29,169.63,0.00,91.24,66.35,190.70,0.00,475.82,0.00,0
84.20,78.45,102.96,132.67,5.83,68.96,67.00,0.00,429.37,0.00,0
63.87,42.99,75.70,9.46,55.72,102.18,82.85,11.85,316.16,0.00,0
120.30,130.89,76.21,0.00,74.71,0.00,120.87,0.00,355.75,0.00,0
93.30,108.71,56.32,32.72,46.93,0.00,89.24,42.41,298.69,35.17,0
72.97,68.67,78.48,33.60,3.73,0.00,124.51,0.00,430.82,80.22,0
83.11,71.87,18.26,16.39,33.91,0.00,45.88,6.48,250.91,0.00,0
67.58,43.93,45.73,10.72,24.06,36.14,67.16,0.00,173.77,25.66,0
48.64,75.24,18.58,14.03,49.75,0.00,42.43,2.74,143.09,0.00,0
105.26,66.59,118.73,20.47,80.02,24.26,153.53,0.00,301.78,0.00,0
156.76,69.39,88.88,16.30,73.32,75.74,131.76,82.69,354.40,0.00,0
50.05,57.81,4.64,18.58,20.44,43.78,57.80,4.12,118.40,24.27,0
74.25,94.55,44.02,7.48,40.06,0.00,66.90,0.00,400.80,0.00,0
37.78,63.33,67.87,26.12,31.59,36.39,31.42,28.49,150.38,46.34,0
47.13,28.25,30.01,0.16,4.61,11.23,20.64,0.99,106.67,8.57,0
12.04,20.15,7.50,1.16,7.91,4.52,9.35,0.80,53.50,0.46,0
115.43,108.15,57.43,70.36,0.00,60.54,74.21,36.42,279.36,0.00,0
125.25,172.97,115.59,127.55,64.39,129.65,68.50,76.94,565.69,0.00,0
95.73,22.69,31.60,41.87,35.71,64.50,47.56,26.37,442.26,44.73,0
12.88,25.97,0.00,17.08,18.89,18.95,25.71,0.00,80.14,2.89,0
152.82,88.34,50.54,103.34,0.00,48.75,46.55,0.00,363.09,0.04,0
28.90,36.01,22.71,17.13,6.46,12.35,27.29,15.23,118.67,13.28,0
186.36,118.28,134.47,74.75,84.53,1.49,130.39,82.71,539.24,5.05,0
116.28,157.27,36.40,18.47,34.76,61.63,134.90,0.00,293.96,69.41,0
114.35,276.41,127.68,44.37,47.53,92.63,152.50,13.79,373.68,5.99,0
95.84,116.30,0.00,59.44,1.46,50.97,22.63,0.00,305.61,0.00,0
64.21,68.54,36.49,18.47,17.05,57.58,107.35,34.95,275.92,0.00,0
169.10,142.43,96.78,85.72,110.96,0.45,157.19,0.00,605.04,33.31,0
78.22,159.60,80.04,17.09,0.00,72.87,80.96,0.00,271.37,40.34,0
20.00,20.99,5.70,7.44,0.27,7.08,15.75,0.00,72.03,4.37,0
115.57,134.23,13.83,40.92,24.85,39.39,78.63,0.00,204.55,5.03,0
135.66,131.96,6.16,42.98,79.34,42.13,143.27,0.00,383.56,27.31,0
55.86,65.52,50.40,7.47,80.93,32.12,69.38,0.00,146.68,15.48,0
27.18,61.47,9.37,4.22,18.63,0.00,14.28,1.68,93.52,0.00,0
216.42,185.86,59.74,0.00,0.00,112.04,118.72,43.98,312.23,11.11,0
70.40,161.35,0.00,35.87,73.81,128.73,0.36,44.76,513.22,73.09,0
20.49,8.89,5.50,16.63,7.52,6.89,16.95,0.00,49.20,0.74,0
119.97,112.28,50.74,0.00,65.86,57.12,80.55,66.78,442.74,47.20,0
119.01,46.37,0.00,0.00,79.19,20.57,50.69,24.65,368.50,0.00,0
92.57,61.94,15.26,60.86,16.25,145.06,51.97,0.00,364.91,0.00,0
87.56,140.96,117.66,72.52,92.59,62.92,108.14,0.00,370.58,38.49,0
93.85,80.33,138.23,47.49,28.98,54.33,104.43,43.00,433.89,17.27,0
23.04,28.45,7.16,12.03,0.00,4.60,14.89,9.40,62.50,9.07,0
137.16,76.20,40.93,48.87,73.68,51.50,32.64,9.32,410.87,0.00,0
67.91,211.07,196.28,36.01,24.74,59.59,219.57,0.00,498.10,0.00,0
125.18,53.96,72.59,36.89,86.13,54.15,63.54,29.53,351.72,0.00,0
65.07,67.73,56.23,0.00,101.60,53.74,59.18,17.46,174.32,14.96,0
148.78,114.34,96.71,0.00,61.35,64.65,87.55,0.00,203.84,0.00,0
205.51,192.08,44.58,98.42,158.45,153.54,240.56,0.00,447.18,46.91,0
171.11,140.79,142.49,45.98,39.92,45.58,182.20,0.00,528.27,81.81,0
54.23,81.91,90.64,16.27,28.88,32.17,109.62,8.41,268.99,34.70,0
179.15,91.11,49.79,51.34,87.47,53.54,105.62,34.34,317.34,54.64,0
202.56,234.54,137.88,95.19,64.99,0.00,31.04,9.05,593.45,16.19,0
10.72,14.62,0.00,5.40,2.95,3.31,20.57,0.00,74.24,7.17,0
105.31,163.57,94.80,29.36,95.35,70.58,30.94,0.00,292.86,10.96,0
61.50,172.98,92.75,11.88,70.06,121.41,114.77,65.20,463.50,44.86,0
178.92,37.43,152.06,45.67,128.79,75.61,81.52,0.00,502.73,0.00,0
25.32,50.20,24.40,0.00,0.00,0.00,27.72,5.99,174.87,0.00,0
61.60,10.76,25.78,36.85,29.90,37.57,36.36,0.00,205.33,15.56,0
70.25,31.57,71.51,0.00,71.49,12.09,120.08,15.65,405.29,0.00,0
41.61,48.66,11.77,11.25,5.66,0.00,47.89,0.00,104.00,5.73,0
165.10,162.74,62.18,0.00,18.22,86.23,75.18,0.00,555.53,42.08,0
14.45,28.08,9.13,9.87,9.25,9.16,13.96,0.34,70.46,7.69,0
87.27,50.53,52.03,21.59,28.41,24.93,92.55,25.15,186.88,15.54,0
159.36,129.72,27.25,45.91,40.73,51.80,62.33,60.92,277.60,2.91,0
23.86,27.42,11.87,6.43,16.96,0.00,16.89,0.00,89.92,0.00,0
50.24,42.08,18.07,9.22,21.86,21.14,15.95,15.63,128.78,1.28,0
16.07,41.17,25.45,0.45,14.80,16.61,22.17,20.55,123.52,20.37,0
89.04,56.41,22.35,35.71,119.21,69.51,175.89,8.09,281.32,0.00,0
92.65,96.47,98.45,0.00,78.01,29.86,112.20,50.34,366.86,15.45,0
18.44,41.78,0.00,2.35,29.02,1.65,25.34,0.00,84.06,12.30,0
126.40,31.52,75.51,27.67,47.65,6.28,130.19,24.86,240.43,0.00,0
58.26,121.99,139.13,17.47,73.24,2.31,98.95,0.00,555.64,24.30,0
62.22,53.15,30.91,6.42,19.86,23.52,58.32,23.69,207.81,14.85,0
64.47,44.87,17.52,0.00,29.83,0.00,44.54,0.00,128.55,0.00,0
102.95,105.10,70.77,61.60,0.00,29.06,46.23,0.00,199.55,35.24,0
45.50,28.39,18.48,34.98,32.87,23.48,13.83,0.00,101.43,18.27,0
83.39,113.37,0.00,22.38,69.85,85.63,149.26,0.00,281.35,20.43,0
52.90,44.20,14.32,0.00,22.39,18.52,42.67,0.87,129.86,5.82,0
39.89,144.31,111.08,18.46,52.59,148.21,238.47,0.00,680.24,16.56,0
70.52,77.52,46.73,19.88,41.98,16.01,6.05,12.22,165.02,0.00,0
57.31,87.34,45.62,0.00,0.00,58.95,112.23,0.00,283.39,0.00,0
15.58,24.16,31.63,13.65,1.39,8.50,30.89,0.00,105.90,0.00,0
85.99,208.80,115.06,23.65,99.95,38.19,91.98,12.91,327.04,0.00,0
158.57,37.82,41.55,6.16,75.46,36.12,66.06,11.82,259.29,0.00,0
48.78,42.85,9.97,12.74,18.87,8.08,19.31,2.81,102.27,13.43,0
128.86,125.28,24.98,0.39,42.60,103.94,90.32,0.00,549.58,0.00,0
222.17,210.70,134.55,0.00,45.41,47.73,123.51,63.54,578.02,47.07,0
88.22,138.61,75.32,94.76,75.06,108.86,106.09,0.00,441.70,0.00,0
199.34,127.41,102.22,0.00,64.40,41.45,192.13,0.00,282.70,13.72,0
173.60,144.44,126.27,126.32,45.20,70.63,153.55,0.00,598.11,30.00,0
82.23,90.57,46.44,46.93,45.11,155.98,224.06,0.00,269.32,51.30,0
51.58,28.30,48.86,0.00,17.32,12.66,23.08,0.00,122.20,0.00,0
20.32,33.78,0.00,0.00,8.27,0.00,48.67,0.00,120.72,12.96,0
30.80,54.91,24.13,22.48,32.89,8.61,26.02,8.41,202.62,6.41,0
30.34,64.42,0.00,0.76,33.00,14.81,25.24,0.00,112.59,9.20,0
20.07,18.16,21.12,11.59,11.23,12.06,9.80,0.00,58.25,0.00,0
58.60,65.52,22.55,9.16,22.62,24.71,40.09,3.49,224.37,10.72,0
111.74,73.92,89.49,25.40,71.03,26.07,50.90,14.18,344.78,30.61,0
121.35,193.74,197.70,54.26,218.65,45.10,148.28,0.00,584.52,0.00,0
26.21,117.27,42.60,40.82,33.91,0.00,91.65,10.45,217.49,0.00,0
34.31,41.27,48.14,37.75,23.65,0.00,75.56,0.00,127.03,0.00,0
28.33,19.50,33.44,12.84,6.85,20.62,32.45,0.00,126.38,0.00,0
29.18,17.88,40.10,13.68,3.95,23.06,21.88,0.00,91.91,10.22,0
59.60,34.93,58.48,19.63,10.05,0.00,68.08,0.00,241.35,7.43,0
50.43,40.36,15.67,5.62,44.25,8.54,6.50,12.99,152.28,4.58,0
51.01,149.44,82.75,69.81,72.02,66.70,41.48,40.15,314.80,0.00,0
127.53,107.72,4.37,0.00,116.09,102.19,115.15,30.63,599.84,11.99,0
43.73,20.51,13.10,0.00,26.28,17.38,31.87,24.35,124.07,3.40,0
205.88,186.80,123.18,48.75,95.61,72.87,15.49,34.62,429.01,39.26,0
90.16,85.01,59.52,84.88,32.87,81.97,102.13,0.00,240.32,13.33,0
56.43,79.48,37.80,60.74,26.48,68.64,85.12,0.00,248.28,0.00,0
131.19,168.13,83.76,47.81,58.90,20.12,146.35,0.00,522.54,36.04,0
165.24,162.24,0.00,7.67,35.14,94.68,149.32,7.10,448.55,137.29,0
32.26,62.73,15.29,26.90,22.45,55.38,47.77,23.10,145.37,0.00,0
81.02,73.94,50.85,27.73,122.66,27.31,40.44,0.00,271.24,54.94,0
44.87,24.58,28.87,20.29,28.59,0.00,19.48,31.53,96.40,10.39,0
7.38,19.99,18.26,0.00,4.06,15.14,26.46,0.00,75.22,1.45,0
75.05,81.11,52.32,8.78,79.38,93.38,99.01,0.00,267.78,6.87,0
62.28,125.80,120.73,55.99,75.88,100.88,172.30,52.47,435.37,23.01,0
88.44,133.56,41.95,44.82,150.21,0.00,145.52,0.00,413.66,96.88,0
92.93,48.99,0.00,58.76,74.15,62.35,115.58,0.00,318.72,56.64,0
75.06,44.22,10.59,0.00,34.81,31.13,30.49,14.93,155.41,0.00,0
29.76,94.17,11.12,0.00,44.97,16.68,50.23,0.00,178.88,20.93,0
98.97,98.21,44.95,49.60,82.92,19.77,39.00,3.37,347.29,0.00,0
68.36,137.89,31.42,125.40,47.94,60.03,95.88,7.27,375.43,13.09,0
80.70,135.92,72.17,20.98,39.40,146.29,161.91,0.00,365.29,15.45,0
143.70,169.63,83.93,0.00,145.30,31.82,178.87,8.20,380.96,0.00,0
83.51,113.01,100.70,27.60,0.77,63.87,82.80,0.00,395.81,0.00,0
66.51,80.43,149.73,0.00,64.16,168.94,137.02,3.80,349.01,34.06,0
144.01,172.94,83.60,38.34,68.49,36.13,118.44,0.00,303.51,14.26,0
18.31,31.32,36.87,11.06,29.12,25.21,33.03,0.00,84.12,7.91,0
117.97,164.27,112.97,0.00,98.55,3.54,87.25,0.36,362.60,70.97,0
175.51,202.85,50.39,55.28,118.39,88.97,74.30,0.00,421.03,0.00,0
28.02,21.16,38.87,10.82,24.22,13.42,12.50,0.74,62.59,0.00,0
63.65,90.74,64.72,68.32,24.90,66.00,54.27,66.82,345.05,20.12,0
142.69,140.84,104.78,81.64,112.75,27.59,96.61,0.00,341.57,50.41,0
78.04,118.32,61.28,0.00,66.23,79.74,149.32,0.00,731.20,0.00,0
126.97,70.59,91.74,53.80,43.15,84.52,134.92,47.74,346.31,0.00,0
180.60,153.05,55.38,23.84,91.81,29.31,98.93,0.00,328.72,0.00,0
87.55,125.12,35.66,40.54,39.49,21.50,53.19,14.19,232.62,0.00,0
137.55,174.26,52.40,57.18,8.17,81.06,166.18,0.00,486.64,2.68,0
48.97,41.62,41.99,31.70,23.56,43.91,50.74,1.62,103.70,6.22,0
26.94,40.16,21.41,23.63,25.67,25.82,32.25,0.00,119.54,1.23,0
27.70,56.06,48.25,35.62,44.98,57.45,28.02,0.00,440.60,39.36,0
42.46,42.39,28.27,0.00,3.92,1.65,36.83,0.00,141.23,14.03,0
59.75,116.34,95.42,75.24,97.33,52.12,258.38,0.00,560.27,11.45,0
48.22,31.64,0.00,4.36,42.14,22.84,55.10,0.00,123.57,0.00,0
81.63,113.31,52.28,23.07,123.92,53.32,150.41,34.91,256.17,61.72,0
129.14,133.42,50.36,14.50,14.16,7.51,189.92,3.46,305.13,39.36,0
104.84,117.28,129.69,93.26,119.51,183.15,122.58,3.09,326.88,0.00,0
207.70,226.89,49.15,98.28,0.00,0.00,96.94,84.41,557.60,0.00,0
22.97,48.73,15.82,6.72,0.00,0.00,62.03,23.83,299.71,2.84,0
113.28,101.17,63.10,8.39,6.41,63.21,46.52,7.93,276.74,16.92,0
193.24,217.74,90.43,98.21,89.35,98.58,57.60,85.31,527.74,7.72,0
197.22,229.20,86.80,53.71,97.53,56.48,83.49,22.21,456.08,0.00,0
194.34,84.17,123.03,85.66,55.36,0.00,120.40,7.97,415.48,0.00,0
52.19,29.80,7.98,26.29,21.83,0.00,35.75,26.44,160.22,1.66,0
74.59,75.52,0.00,27.14,20.76,39.15,44.77,4.28,134.33,58.25,0
67.63,125.53,64.60,17.09,44.65,25.50,102.81,0.00,259.90,6.54,0
52.05,60.27,49.85,13.29,7.63,12.31,29.81,23.67,117.95,5.37,0
69.64,97.65,28.56,102.66,31.75,24.36,109.05,22.88,365.25,29.02,0
177.64,67.29,97.73,48.44,111.62,43.16,125.71,34.56,361.04,142.28,0
46.17,36.77,36.48,0.00,19.03,21.14,42.97,9.01,142.81,0.00,0
34.65,60.35,64.10,44.57,0.00,23.65,15.49,0.00,488.54,3.64,0
185.04,226.53,0.00,3.47,0.00,33.92,124.59,34.89,512.04,21.91,0
116.47,133.88,58.11,1.78,60.11,7.04,129.46,0.00,273.51,21.07,0
158.09,156.44,49.74,42.39,141.85,123.10,99.29,10.13,381.79,100.53,0
66.16,65.95,21.58,17.12,22.25,18.20,51.74,40.87,193.87,0.00,0
79.87,113.26,62.63,59.07,45.23,0.00,80.31,0.00,216.19,0.00,0
25.97,33.08,8.06,20.96,10.62,12.96,12.73,12.66,104.33,3.18,0
49.13,58.68,88.87,111.90,0.00,46.22,138.85,20.31,512.21,35.83,0
112.44,86.26,13.31,35.50,42.51,55.62,101.20,0.00,228.00,0.00,0
146.94,119.83,0.00,46.35,112.79,9.63,307.06,34.01,358.68,130.45,0
141.72,69.21,24.43,39.27,124.15,0.00,132.75,23.80,402.07,0.00,0
167.21,80.81,106.51,17.38,51.24,47.35,165.43,36.83,382.97,50.30,0
44.20,41.32,24.68,24.99,0.00,32.48,22.28,0.00,185.66,0.00,0
48.78,74.34,32.25,0.00,16.90,32.06,36.88,21.70,218.17,0.00,0
77.68,160.85,130.91,20.77,88.92,119.59,86.13,2.77,374.23,33.89,0
63.25,90.61,44.49,6.77,91.90,72.07,24.87,0.00,302.23,0.00,0
166.85,101.74,93.12,96.63,146.85,19.44,108.97,38.37,358.01,0.00,0
56.48,37.44,22.41,0.00,18.65,15.17,28.35,0.00,126.42,3.07,0
85.79,65.47,26.78,31.06,0.00,22.45,57.02,21.50,189.45,21.99,0
153.91,109.17,64.83,76.36,126.49,26.05,136.03,3.95,423.38,40.54,0
170.09,161.84,83.54,70.53,119.21,0.00,44.77,0.00,412.57,0.00,0
52.24,33.69,27.97,1.05,0.00,0.00,52.87,5.87,84.11,0.00,0
126.06,88.36,79.55,102.28,123.96,91.68,144.29,0.00,325.98,0.00,0
86.07,50.37,61.24,50.03,36.61,50.09,164.36,48.14,238.77,0.00,0
14.49,22.05,17.32,2.54,0.00,18.55,9.45,8.95,84.44,20.72,0
69.28,89.85,21.55,29.04,0.00,72.93,73.93,0.00,227.72,26.67,0
59.57,17.56,20.66,0.00,44.56,19.12,30.92,15.16,105.78,11.11,0
84.94,127.78,0.00,19.53,2.46,135.34,62.62,43.12,418.60,48.64,0
44.48,24.69,13.87,0.00,13.08,4.46,33.59,0.00,98.23,14.88,0
33.55,25.94,47.00,38.08,4.73,20.26,65.08,27.93,278.17,1.25,0
82.18,57.79,40.45,207.60,0.00,11.62,86.63,92.33,500.42,87.87,0
41.84,61.03,83.98,0.00,43.41,5.42,14.20,0.00,216.32,0.00,0
82.52,113.97,42.20,24.15,110.00,0.00,83.06,13.71,485.17,5.30,0
145.51,109.17,82.27,61.48,57.84,145.39,36.38,38.46,452.92,33.03,0
172.05,120.96,33.95,66.63,48.08,0.00,92.15,4.71,614.40,30.25,0
25.38,41.84,24.07,5.61,40.77,18.60,33.47,1.51,104.51,3.64,0
23.89,71.65,33.86,41.65,69.76,15.09,41.42,0.00,119.12,0.00,0
77.04,56.36,21.60,14.69,48.20,37.73,90.55,0.00,276.15,17.34,0
13.80,16.27,9.44,11.42,19.96,19.29,20.51,0.00,65.23,0.00,0
19.01,8.57,42.05,2.79,32.49,40.45,29.63,21.51,176.96,6.40,0
125.64,76.78,55.77,40.09,35.69,104.46,70.10,0.28,203.00,17.69,0
22.51,82.96,13.05,47.91,43.27,0.00,82.82,0.00,197.26,2.05,0
14.39,10.09,31.29,0.00,19.91,0.00,12.90,0.00,80.21,10.31,0
127.79,106.70,54.37,0.40,10.42,70.35,68.86,0.00,306.35,40.16,0
67.93,40.93,22.40,21.95,12.25,9.38,13.83,0.00,124.03,41.50,0
22.27,19.49,22.44,7.54,20.76,0.00,30.82,7.25,82.64,17.81,0
60.71,20.60,48.89,40.14,0.00,11.17,42.80,10.21,234.31,5.53,0
217.83,164.29,91.04,66.87,163.51,70.09,78.21,0.00,554.92,1.28,0
40.59,251.41,42.26,102.04,92.37,30.37,194.74,31.03,549.52,0.00,0
138.73,189.71,59.74,8.24,86.49,0.00,150.31,0.00,435.97,55.58,0
145.45,113.74,114.02,10.91,72.66,24.97,94.05,80.68,194.13,5.16,0
84.44,91.97,72.34,18.44,66.88,0.00,76.15,34.53,273.98,42.58,0
149.97,96.11,56.79,33.56,72.46,146.46,148.39,0.00,468.07,0.00,0
67.46,99.81,94.22,0.00,66.76,13.92,88.31,9.21,287.50,19.18,0
33.83,64.05,52.26,34.10,48.88,21.87,48.83,25.85,175.82,0.00,0
215.55,95.21,42.87,97.62,103.41,129.16,124.70,36.44,398.52,44.98,0
124.01,80.47,211.04,68.31,121.66,38.62,102.39,32.38,258.00,0.00,0
213.22,199.22,97.77,90.26,51.37,77.78,25.69,0.00,600.95,11.84,0
155.42,83.98,8.27,55.26,76.44,38.21,74.86,0.00,352.87,37.04,0
31.73,58.75,19.00,0.00,29.45,2.72,9.18,17.30,116.71,0.00,0
32.30,78.89,16.93,18.76,26.37,50.92,55.33,6.78,265.61,0.00,0
152.06,138.53,147.62,45.95,101.89,41.88,174.77,56.19,371.77,0.00,0
95.92,66.54,4.00,48.88,12.35,35.49,47.63,63.86,413.15,0.00,0
70.78,95.74,43.82,38.38,6.98,0.00,107.75,14.10,251.94,55.25,0
122.24,129.46,71.52,0.00,84.61,8.25,175.30,10.31,503.08,0.00,0
252.67,165.94,45.29,24.00,46.14,113.86,95.19,16.70,654.57,16.29,0
76.15,41.88,20.28,5.84,40.18,9.86,61.28,0.00,189.15,32.64,0
91.53,108.33,6.26,53.13,66.88,51.12,30.08,4.82,347.79,68.61,0
114.66,230.15,157.44,110.58,28.36,102.56,178.33,51.58,560.53,68.59,0
2.45,23.03,9.01,1.05,14.82,10.27,7.99,13.14,72.91,1.06,0
88.87,74.36,44.69,112.23,32.62,45.90,59.85,0.28,381.93,0.00,0
128.01,91.88,130.79,36.12,24.63,24.25,115.35,89.74,371.58,4.18,0
58.61,103.64,107.13,31.92,32.18,89.28,113.44,65.18,328.39,66.66,0
196.51,196.04,38.19,100.35,142.33,101.88,93.61,46.75,386.95,28.20,0
146.70,159.61,0.60,0.00,58.10,81.79,107.99,0.00,438.38,41.08,0
0.00,127.84,70.22,19.88,121.89,44.18,45.21,0.00,514.50,76.81,0
60.65,53.25,34.84,0.00,28.17,0.00,64.53,0.00,203.36,19.63,0
120.73,37.94,53.73,45.27,0.00,10.96,31.05,4.67,327.26,0.00,0
193.09,130.44,50.02,17.27,85.89,0.00,86.24,0.00,335.07,0.00,0
207.73,185.09,146.20,0.00,30.51,11.95,154.79,0.31,518.79,18.97,0
118.07,112.33,135.06,107.20,45.35,71.21,138.15,0.00,352.80,5.32,0
95.02,113.85,57.54,54.22,84.41,29.44,16.96,44.70,355.16,28.53,0
43.71,48.50,33.67,19.38,85.17,79.52,73.27,0.00,301.83,40.49,0
92.25,55.66,63.83,41.33,126.69,0.00,117.58,0.00,287.75,5.08,0
134.06,134.60,62.54,95.68,31.08,101.71,224.38,34.93,376.79,0.00,0
127.27,252.40,77.63,45.94,92.96,85.27,113.19,66.77,360.70,1.34,0
44.95,68.90,9.05,2.51,42.94,19.53,48.08,0.00,144.09,25.95,0
17.95,21.02,11.41,0.00,22.78,18.47,19.24,2.68,72.58,0.00,0
211.46,136.57,94.95,69.41,120.83,112.71,166.04,8.89,584.48,49.90,0
23.13,5.31,0.00,5.36,9.64,15.86,7.97,5.06,58.43,3.28,0
118.70,175.19,54.04,69.22,0.00,71.86,72.85,8.17,266.35,58.68,0
52.08,77.21,0.00,50.41,41.64,8.60,27.28,11.25,170.42,0.00,0
79.79,94.67,0.00,17.31,71.13,16.53,120.88,25.92,256.22,41.52,0
310.24,168.33,47.49,102.14,39.43,100.10,146.40,27.39,435.02,0.00,0
163.14,100.66,25.86,74.76,47.47,25.31,115.21,53.04,315.20,0.00,0
75.44,94.50,23.77,10.25,26.05,1.64,22.76,0.00,215.22,0.00,0
87.20,109.44,5.11,26.19,42.06,48.84,37.76,0.00,424.75,48.32,0
120.64,122.26,108.92,13.02,57.58,16.29,97.81,0.39,332.10,30.11,0
69.06,51.45,35.73,82.56,81.88,65.17,56.44,65.23,262.73,13.29,0
95.95,214.59,105.25,50.33,124.57,99.94,165.52,15.74,234.62,0.00,0
63.28,57.04,141.58,0.00,92.47,39.47,80.08,5.00,243.01,0.00,0
45.97,43.73,52.61,26.49,26.94,60.21,57.37,27.45,206.98,25.71,0
35.38,26.57,36.43,28.20,14.71,30.97,68.52,27.94,167.38,0.00,0
44.00,35.48,40.26,6.97,16.65,14.54,20.21,0.00,194.69,23.40,0
161.55,76.14,150.32,77.50,142.89,0.00,125.40,31.06,474.54,22.44,0
37.28,37.20,46.76,12.87,26.65,38.91,31.83,0.00,152.77,6.95,0
16.32,28.44,24.95,3.02,11.36,19.34,41.23,0.00,97.22,0.00,0
129.62,150.86,106.40,92.09,182.54,115.64,137.02,0.00,386.83,29.52,0
49.35,30.59,58.77,14.53,43.72,13.56,25.86,18.13,188.78,6.91,0
22.56,38.72,19.24,0.00,17.79,24.04,18.77,10.13,132.88,0.00,0
174.40,149.54,63.86,65.10,0.00,68.79,108.34,0.00,403.27,0.00,0
113.67,62.92,87.60,224.84,102.67,185.88,249.80,0.00,495.13,0.00,0
22.77,51.76,4.95,41.79,28.33,41.46,27.04,1.97,117.46,0.00,0
106.40,99.67,160.94,33.22,0.00,115.92,70.15,0.00,269.36,0.00,0
39.05,108.69,65.12,11.00,28.20,19.84,63.94,20.97,263.71,60.57,0
182.63,127.69,76.17,92.45,74.61,0.00,65.25,11.34,632.38,18.26,0
82.97,68.21,50.64,0.00,0.00,42.82,52.77,0.00,222.78,0.00,0
68.58,56.21,33.47,6.86,22.58,12.66,23.90,0.00,175.09,16.47,0
84.99,55.39,77.94,0.00,63.91,14.66,91.59,0.00,256.59,62.75,0
38.39,63.60,22.02,0.00,18.48,18.61,62.88,5.78,207.09,0.00,0
17.49,25.95,9.57,9.29,18.16,27.92,24.30,0.00,78.97,3.58,0
45.73,63.81,23.57,36.17,47.34,55.87,36.70,0.00,182.23,11.57,0
146.98,83.65,19.12,25.31,95.36,73.04,46.10,0.00,499.92,23.37,0
130.51,122.43,107.73,16.90,28.85,15.42,74.40,113.70,506.21,46.37,0
32.71,78.58,52.06,8.25,35.46,38.34,104.80,11.70,403.99,0.00,0
163.95,165.19,116.21,37.29,2.33,31.34,225.91,0.00,458.40,64.16,0
190.39,54.52,47.94,90.89,128.57,103.60,72.62,0.00,482.35,55.23,0
26.76,34.76,23.57,2.44,6.08,0.00,14.96,0.00,75.07,0.00,0
24.98,34.46,21.86,18.36,49.87,18.87,31.82,0.00,94.39,0.00,0
159.69,126.62,25.54,109.06,113.95,73.86,170.23,10.83,494.32,41.98,0
35.71,21.93,14.10,0.00,14.65,18.21,6.50,0.00,134.63,0.19,0
171.41,243.41,186.98,35.11,60.76,0.00,226.35,0.00,537.58,153.44,0
51.50,40.67,17.91,54.59,58.56,67.74,44.84,14.04,224.42,29.50,0
57.18,89.51,86.14,25.48,21.08,17.32,57.20,0.00,134.03,2.52,0
144.47,0.00,140.61,104.62,114.55,160.05,136.47,0.00,494.43,16.78,0
134.10,107.52,110.25,95.44,150.18,62.24,139.70,0.00,341.31,12.95,0
40.18,161.50,44.04,2.48,93.28,69.78,169.00,35.80,342.44,30.76,0
65.88,122.90,46.73,41.91,108.83,68.25,59.12,79.68,595.26,104.00,0
16.40,25.17,32.13,16.79,14.52,28.56,31.52,2.56,105.41,5.95,0
31.67,13.99,38.64,25.51,38.68,0.00,36.66,0.00,99.02,7.35,0
114.17,115.08,47.33,24.33,100.93,67.92,109.42,25.02,278.79,0.00,0
180.91,148.79,96.83,0.00,129.55,59.72,163.55,0.00,585.43,7.17,0
169.10,217.70,125.59,88.93,83.84,4.83,163.22,36.60,452.53,9.39,0
231.63,216.84,4.53,0.00,0.00,116.41,0.00,13.19,596.03,92.33,0
24.59,45.87,9.89,9.67,2.67,18.85,10.13,6.96,173.09,15.38,0
32.07,16.42,10.08,1.88,0.00,24.63,20.02,3.65,108.17,0.00,0
0.00,149.34,124.21,137.79,114.30,72.11,178.73,0.00,522.39,73.78,0
264.17,234.01,88.89,104.34,41.45,23.20,109.60,5.84,571.17,45.37,0
79.36,111.19,51.54,0.00,50.18,0.00,160.18,49.66,222.66,29.80,0
20.59,13.45,6.88,10.58,14.49,20.09,36.18,4.55,61.85,10.52,0
89.14,52.61,39.85,8.43,23.10,15.25,29.97,20.17,217.56,6.31,0
108.85,140.96,0.00,9.98,73.67,9.03,182.45,60.89,473.85,0.00,0
10.59,64.58,4.68,0.00,0.00,38.44,26.46,21.15,252.33,11.88,0
66.08,89.72,32.58,26.92,57.60,0.00,67.12,0.00,212.46,0.00,0
82.59,96.24,14.45,62.03,25.54,63.06,52.97,40.41,261.04,9.03,0
53.64,111.19,91.14,2.91,6.86,0.00,87.76,0.00,342.36,3.51,0
282.95,166.34,234.52,52.06,12.84,0.00,227.44,0.00,587.67,141.27,0
32.10,69.97,58.47,17.19,38.32,0.07,72.43,0.00,211.90,17.70,0
112.63,229.40,83.02,9.94,96.02,0.00,84.03,73.57,393.00,5.17,0
36.53,28.01,17.64,4.43,16.35,32.45,24.81,17.48,120.72,16.39,0
75.64,48.99,49.47,12.08,51.38,31.29,62.60,5.42,177.27,19.98,0
154.59,78.01,138.48,67.97,75.15,66.17,121.99,54.58,391.80,53.17,0
103.26,156.15,60.83,4.69,65.79,161.39,144.72,21.54,463.23,29.95,0
73.96,34.51,175.18,122.28,78.20,46.76,165.22,69.75,319.77,25.11,0
145.90,90.04,71.47,129.12,71.02,62.79,180.63,0.00,629.05,118.02,0
69.25,47.56,47.02,23.38,28.19,70.54,75.61,24.24,217.08,30.85,0
73.11,49.08,0.00,10.70,21.79,27.14,26.81,14.73,192.61,17.87,0
14.12,20.56,17.96,3.87,12.59,16.36,10.58,0.00,100.54,0.00,0
120.52,91.02,54.40,14.07,100.55,0.00,57.99,0.10,271.70,0.00,0
37.91,47.63,80.58,0.00,55.55,25.94,64.50,0.00,241.80,17.42,0
96.98,152.64,63.79,74.83,58.63,19.22,125.68,70.74,374.24,0.00,0
117.77,152.34,111.27,42.10,123.24,41.81,80.32,60.03,570.69,0.00,0
211.35,269.21,55.95,225.38,146.67,238.63,58.70,40.51,524.96,75.69,0
20.84,33.23,6.21,2.50,27.28,23.34,25.41,0.00,65.94,0.00,0
226.28,188.62,30.34,67.14,0.36,64.00,108.45,0.00,601.28,0.00,0
24.14,19.10,13.46,4.35,12.37,5.61,20.43,3.36,57.33,5.03,0
144.97,136.13,55.16,85.44,99.63,80.11,167.21,70.80,372.81,0.00,0
33.09,14.55,17.95,16.71,0.00,25.94,24.06,8.75,130.49,0.00,0
190.37,168.68,127.27,190.12,14.09,212.35,217.89,52.57,520.23,48.29,0
79.85,126.94,70.15,0.00,73.81,22.43,108.53,0.00,340.30,13.87,0
80.26,119.70,5.94,39.44,46.54,82.23,50.74,20.99,316.37,0.00,0
160.23,150.04,160.61,25.54,146.88,0.00,92.95,0.00,413.93,0.00,0
139.25,52.39,60.53,0.00,134.18,10.71,120.30,3.86,300.51,0.00,0
107.01,72.91,97.97,0.00,92.16,0.00,128.19,0.00,491.68,17.32,0
16.58,13.64,13.42,13.22,16.81,16.74,10.64,5.79,54.79,0.49,0
146.20,84.69,26.74,70.68,168.48,65.54,36.47,0.00,584.44,3.90,0
8.72,18.18,36.39,17.07,12.04,13.93,12.49,7.82,98.21,0.00,0
70.79,99.98,44.77,24.28,24.23,46.44,117.07,7.97,219.72,21.00,0
43.44,56.65,61.15,0.00,17.60,26.14,47.42,19.90,145.11,22.04,0
8.58,26.22,0.48,0.00,25.33,5.23,21.29,0.00,83.24,6.71,0
57.56,107.22,43.26,0.03,69.23,24.48,21.62,3.75,219.97,39.78,0
24.49,71.74,0.00,18.87,5.17,39.73,15.12,0.00,98.96,28.08,0
116.34,98.59,29.19,47.47,28.94,65.29,53.14,0.00,352.23,10.20,0
208.89,145.33,66.93,0.00,65.51,88.52,104.26,52.14,454.21,51.34,0
87.57,86.50,0.00,66.50,101.94,0.00,183.60,0.00,574.93,15.99,0
29.10,29.51,45.33,14.14,27.76,19.50,52.70,0.00,102.95,0.00,0
95.69,49.77,45.72,63.48,74.63,0.00,75.64,0.00,201.50,31.94,0
163.27,117.35,0.00,75.83,128.14,109.29,118.22,96.30,577.36,63.11,0
60.15,151.61,101.73,0.00,69.23,30.16,46.24,0.00,595.89,0.00,0
153.19,64.57,73.79,0.00,121.97,60.45,206.41,18.39,477.96,22.34,0
83.91,153.84,52.75,66.35,0.00,16.37,128.68,0.00,303.63,0.00,0
56.57,21.16,30.98,9.76,5.08,10.68,36.70,0.00,133.18,0.00,0
52.10,53.93,43.85,5.08,22.56,20.17,46.28,19.65,179.12,15.32,0
24.35,39.48,41.51,46.04,9.34,61.85,51.77,11.21,238.01,2.21,0
24.11,17.32,7.81,11.17,22.60,15.76,13.33,0.30,86.36,0.00,0
65.98,28.91,45.46,24.73,61.32,0.00,77.51,4.69,275.44,0.00,0
0.00,90.13,122.87,146.07,123.12,126.25,77.84,42.58,533.44,0.00,0
67.36,56.38,0.00,0.00,30.84,42.66,21.30,0.00,200.10,0.00,0
28.39,17.04,15.22,18.92,17.37,7.69,25.03,0.00,74.65,1.45,0
8.10,16.57,15.42,5.60,19.59,15.42,32.14,0.00,45.14,6.69,0
27.99,37.43,24.77,0.00,35.78,60.60,25.20,0.00,154.73,9.76,0
207.72,139.84,84.50,40.35,101.02,48.35,95.52,0.00,382.50,0.00,0
54.83,102.91,0.00,111.70,70.21,56.95,51.26,0.53,301.59,0.00,0
164.98,94.13,202.27,54.99,152.13,31.82,146.48,0.00,437.79,0.00,0
97.63,143.13,165.83,124.85,48.76,180.53,103.42,0.00,497.70,82.94,0
171.29,33.87,63.43,83.28,144.70,84.33,3.21,74.07,537.41,20.97,0
19.89,44.65,33.93,29.03,31.75,42.45,17.28,8.73,123.87,18.35,0
68.27,97.94,25.13,68.90,91.30,111.35,58.04,0.00,416.62,0.00,0
94.75,111.42,61.00,70.21,144.23,31.59,83.16,0.00,420.41,0.00,0
93.40,35.03,81.95,35.23,64.93,65.20,77.76,15.66,396.89,37.83,0
65.25,118.55,82.48,15.77,169.40,135.37,205.89,0.00,482.33,0.00,0
32.98,29.79,54.27,3.08,34.17,20.34,57.68,3.56,173.90,0.00,0
70.09,0.00,72.77,0.66,28.72,2.95,87.57,9.95,248.01,8.90,0
118.02,44.97,31.62,37.78,17.10,0.00,28.26,0.00,281.62,19.97,0
71.26,88.94,70.48,17.23,59.67,63.27,10.32,15.26,249.68,31.50,0
43.60,58.45,61.86,56.33,20.08,8.66,54.94,9.87,214.60,0.00,0
123.44,144.21,67.66,77.44,120.46,35.87,147.77,34.09,348.35,8.65,0
81.15,66.75,33.78,44.79,42.33,54.08,122.32,0.00,303.69,0.00,0
101.25,48.58,60.03,5.55,60.26,21.24,21.94,1.15,203.05,17.76,0
54.12,92.05,0.00,0.00,61.57,80.44,35.96,37.95,396.87,35.63,0
66.08,59.54,29.50,28.20,21.77,60.37,139.60,0.00,284.92,0.00,0
21.78,67.32,39.47,18.73,17.38,24.78,42.53,0.79,145.76,14.21,0
206.92,216.79,84.80,0.00,120.32,51.70,211.98,0.00,365.17,0.00,0
99.26,143.32,106.96,68.66,0.00,49.38,73.33,0.00,401.76,0.00,0
11.37,36.65,32.54,52.90,36.43,13.06,84.87,0.00,157.11,17.25,0
135.94,163.24,58.54,0.00,142.68,10.31,46.85,0.00,529.77,0.00,0
22.39,30.00,40.24,12.53,4.56,41.26,46.32,14.57,178.90,0.00,0
95.72,117.81,94.40,31.93,50.28,52.63,130.77,0.00,284.85,44.81,0
135.45,221.55,0.00,15.11,60.91,18.28,80.58,0.00,565.63,42.06,0
87.27,54.52,31.04,51.85,52.60,35.57,15.55,0.00,189.06,0.00,0
171.46,138.64,105.38,13.51,47.79,50.33,13.93,32.59,299.49,0.00,0
68.85,55.97,51.98,26.97,0.00,17.02,46.76,15.29,186.01,7.69,0
75.85,70.36,11.10,65.77,25.67,83.59,83.94,0.00,278.98,0.00,0
58.74,63.37,16.15,0.00,82.93,65.71,124.32,0.00,594.70,46.82,0
136.64,71.00,31.38,76.61,20.31,51.33,40.34,16.54,308.26,40.77,0
73.12,312.04,64.99,65.24,102.72,194.60,101.83,0.00,699.05,0.00,0
122.75,110.91,39.03,82.55,33.75,29.00,139.59,62.62,390.82,28.60,0
22.40,34.24,14.21,4.55,14.19,12.91,21.80,0.00,71.23,0.00,0
112.30,133.58,12.90,49.68,36.50,91.71,71.49,2.44,181.38,0.00,0
96.08,17.14,59.08,36.52,58.70,50.80,158.99,0.00,311.39,30.81,0
115.26,56.08,104.38,27.02,33.54,1.95,35.35,13.59,266.19,0.00,0
81.93,118.74,42.55,10.91,29.30,50.51,31.63,2.61,204.91,0.00,0
130.55,224.38,19.37,104.08,22.47,24.01,145.26,2.11,480.92,31.72,0
94.37,158.86,231.45,163.18,167.63,108.43,206.29,0.00,559.92,0.00,0
62.54,82.26,0.00,0.00,0.31,42.93,92.09,0.00,298.30,26.20,0
128.86,195.74,21.23,73.45,76.49,113.49,43.43,0.00,516.98,52.13,0
144.32,102.01,10.29,54.91,23.13,15.98,85.68,0.00,449.92,0.00,0
78.37,81.10,64.89,0.00,49.23,0.00,49.38,9.54,299.04,7.73,0
177.70,127.80,13.97,94.58,70.49,21.16,87.25,90.79,476.49,18.98,0
77.66,193.04,96.89,112.14,13.98,77.02,72.28,133.50,357.61,108.56,0
133.16,119.13,98.53,0.00,54.40,98.87,240.85,43.04,479.91,0.00,0
107.59,68.51,55.49,9.08,0.00,23.02,62.96,45.19,204.83,49.48,0
48.95,60.70,12.95,0.00,23.93,33.03,53.55,0.00,214.49,36.49,0
171.07,132.12,79.52,37.91,72.00,83.11,87.02,8.56,293.02,22.81,0
80.51,73.99,81.52,57.87,74.52,11.45,73.36,0.00,306.85,8.50,0
89.85,106.89,26.35,16.99,10.24,86.29,0.00,40.83,344.60,30.33,0
323.58,117.81,19.26,122.61,59.38,117.90,149.83,0.00,421.00,78.49,0
49.74,19.17,21.07,82.76,20.70,33.27,0.00,0.00,178.72,14.64,0
187.68,222.63,17.70,32.99,85.73,97.24,126.50,0.68,550.30,49.04,0
141.52,73.19,64.42,89.05,123.83,34.41,33.71,0.15,249.61,0.00,0
80.46,64.47,31.86,38.97,36.07,133.43,100.38,34.46,302.86,37.91,0
9.12,29.25,13.64,6.60,16.00,3.11,12.39,1.92,50.93,0.00,0
58.14,57.12,23.37,43.08,40.00,68.50,33.69,7.43,205.55,0.00,0
15.22,11.16,7.02,0.00,5.47,11.55,3.69,3.63,72.56,0.00,0
104.07,69.77,11.01,0.00,91.18,101.88,117.26,0.00,288.61,0.00,0
112.66,184.53,111.20,0.00,49.32,15.03,173.11,0.00,455.96,26.84,0
316.19,293.30,100.45,64.75,149.16,0.00,180.01,62.40,425.52,0.00,0
99.42,142.89,58.21,33.78,62.95,0.00,37.04,0.00,348.84,0.00,0
141.68,116.18,37.28,0.00,67.20,25.93,81.71,40.24,243.77,0.00,0
175.19,122.51,32.90,22.02,66.79,0.00,144.14,0.00,245.70,0.00,0
39.41,46.80,19.46,59.32,38.17,16.74,16.38,22.92,256.34,0.00,0
45.35,36.85,46.24,16.24,30.20,0.00,53.43,0.00,113.79,6.41,0
176.32,71.77,4.16,33.49,31.28,92.01,103.66,0.00,490.24,0.00,0
51.05,103.92,20.66,23.25,108.88,38.91,38.60,33.18,290.21,47.13,0
72.60,72.38,35.21,15.65,14.33,42.72,43.41,0.00,199.38,11.27,0
168.99,119.15,31.66,75.46,73.53,0.00,7.19,8.54,247.20,59.69,0
46.34,71.82,32.18,20.95,35.12,28.84,29.68,2.61,259.40,41.28,0
89.48,186.40,133.44,78.28,101.87,53.81,119.76,0.00,531.20,59.87,0
76.21,134.90,130.58,80.47,0.00,81.91,215.27,0.00,537.74,54.31,0
70.55,48.03,47.52,13.94,29.63,22.79,44.98,0.00,114.07,0.00,0
188.35,139.72,94.40,28.01,119.85,78.63,249.75,45.68,449.83,0.94,0
37.71,25.53,21.19,39.52,25.40,16.87,37.93,0.00,139.16,0.00,0
85.08,105.99,47.39,0.00,0.00,67.98,81.90,14.22,258.33,40.12,0
156.09,218.51,166.03,67.62,132.78,43.93,124.02,47.72,653.10,72.37,0
127.99,242.85,27.08,165.77,86.04,111.85,168.94,0.00,560.52,101.74,0
210.82,190.17,159.67,25.46,0.00,0.00,72.98,21.46,400.66,0.00,0
21.54,26.15,12.60,0.00,6.14,4.99,18.39,0.00,76.86,0.00,0
86.45,107.14,64.64,53.25,44.26,50.91,148.51,5.59,163.15,9.87,0
69.12,23.39,29.05,0.00,25.92,14.01,14.24,22.93,154.34,0.00,0
64.02,99.66,59.23,11.61,55.15,0.00,80.07,10.71,287.41,0.00,0
149.41,156.08,0.00,119.02,13.00,55.73,170.24,0.00,367.28,0.00,0
42.92,19.91,21.92,4.30,33.43,0.00,30.04,0.00,62.28,0.00,0
60.82,141.20,70.84,19.69,92.03,79.09,156.74,14.62,493.47,0.00,0
87.14,132.03,67.29,27.98,68.95,0.00,17.93,0.00,324.33,0.00,0
40.15,85.06,1.16,9.96,19.57,3.44,17.76,0.64,108.99,0.00,0
86.97,132.74,68.82,42.84,31.84,66.48,119.48,21.88,497.74,0.00,0
188.13,127.70,71.89,3.26,0.00,2.52,124.86,33.67,494.30,68.50,0
126.87,146.09,99.46,49.11,93.52,0.00,166.39,37.52,431.79,0.00,0
47.23,168.17,32.70,79.73,2.86,0.00,57.99,79.77,207.71,62.74,0
77.76,101.53,66.91,34.27,25.05,29.82,35.88,1.64,284.81,0.00,0
75.81,120.97,66.05,54.16,65.33,38.12,33.64,28.18,374.34,26.52,0
140.12,150.65,13.41,78.50,103.95,23.83,115.14,13.09,449.68,0.00,0
72.41,62.40,40.43,11.29,32.39,39.60,111.14,11.04,227.46,8.99,0
174.30,250.34,133.12,0.00,78.43,38.17,44.72,0.00,554.43,121.04,0
0.00,79.23,105.56,101.52,96.48,13.51,212.57,22.53,358.63,0.00,0
105.46,71.63,106.06,55.96,56.59,21.71,93.47,12.82,237.29,0.00,0
44.18,65.67,62.82,41.76,71.22,61.39,57.21,11.23,241.88,0.00,0
310.20,81.29,102.79,26.04,77.51,102.18,241.51,0.00,525.87,0.00,0
177.23,131.89,208.97,0.07,128.31,54.06,115.74,18.13,420.40,18.34,0
93.80,182.62,62.10,18.92,37.13,71.24,224.39,0.00,355.39,37.10,0
69.56,57.68,49.51,9.24,33.71,72.81,122.99,0.00,313.69,0.00,0
39.24,89.08,59.59,3.74,43.92,0.00,114.48,20.97,260.35,22.97,0
46.84,149.12,39.49,83.53,110.96,123.72,108.03,6.75,242.27,0.00,0
136.39,118.33,0.00,40.23,37.96,0.00,85.80,0.00,236.35,0.00,0
53.07,46.70,15.56,14.79,0.00,20.19,20.88,0.00,105.48,0.00,0
66.61,52.96,157.48,8.52,75.26,49.03,48.99,0.00,323.97,26.91,0
122.76,200.55,54.84,73.63,0.00,12.98,0.00,37.90,601.65,35.15,0
31.29,44.71,0.00,0.00,17.45,39.19,36.51,0.00,133.01,33.36,0
185.67,221.39,12.98,0.00,60.35,24.47,101.37,97.48,506.08,0.00,0
121.42,151.53,102.12,0.00,138.51,31.59,191.58,15.66,366.21,0.00,0
15.21,70.98,31.95,11.80,20.67,22.35,47.83,0.00,153.23,0.00,0
131.43,39.70,89.86,26.08,72.87,99.44,40.11,0.00,299.49,0.00,0
125.15,85.80,88.86,0.00,73.82,22.51,100.98,0.00,227.72,29.80,0
34.04,119.94,89.18,64.90,90.55,24.28,83.77,0.00,584.21,38.34,0
237.77,168.28,0.00,24.62,46.48,125.04,170.24,31.59,592.36,51.67,0
27.92,45.17,7.51,17.77,41.63,10.95,49.69,2.73,131.93,5.21,0
127.07,120.15,24.71,25.41,0.00,15.74,168.97,0.00,502.17,45.72,0
134.88,179.14,59.51,30.03,97.29,3.04,144.46,0.00,574.97,54.04,0
40.35,51.23,33.28,24.84,0.40,11.95,78.56,15.78,91.11,10.15,0
189.89,142.02,39.23,91.69,146.68,52.95,114.68,86.34,459.51,0.00,0
80.28,28.55,73.88,0.00,9.57,15.60,43.69,0.00,473.61,45.12,0
33.39,35.78,0.00,21.41,4.41,2.97,1.29,0.00,138.34,12.96,0
94.89,55.59,47.98,13.14,77.85,17.23,77.66,52.84,321.94,29.23,0
67.67,11.58,35.89,39.72,83.78,62.36,125.24,0.00,242.91,14.61,0
87.82,125.14,68.18,45.28,95.40,109.64,50.96,0.00,456.24,35.04,0
218.42,172.76,134.67,22.80,69.82,75.84,129.33,0.00,573.02,0.00,0
33.19,41.06,14.23,12.66,20.94,35.30,34.84,0.00,113.36,0.00,0
103.89,160.18,42.47,85.95,26.07,73.34,100.19,19.89,388.18,0.00,0
95.38,84.39,85.44,41.80,51.04,94.64,91.12,18.17,368.42,0.00,0
162.73,140.73,50.29,0.00,20.85,124.97,108.29,19.73,539.33,42.11,0
111.55,36.02,55.92,4.34,136.08,70.37,132.62,20.09,468.13,0.00,0
109.58,94.03,41.41,46.84,81.26,77.38,46.19,50.47,289.74,0.00,0
47.47,62.58,51.72,14.53,34.14,20.31,24.56,0.00,185.55,0.00,0
147.08,185.49,116.50,53.46,149.97,158.41,56.41,8.78,562.02,0.00,0
67.21,34.30,25.20,16.60,40.03,0.00,22.01,0.00,117.20,8.18,0
187.13,130.84,104.69,48.52,40.89,106.95,150.07,43.17,432.78,93.37,0
144.32,73.47,44.69,0.00,80.52,100.81,106.66,0.00,569.19,5.30,0
87.84,80.86,0.28,47.36,51.41,27.33,58.19,0.00,261.69,5.23,0
67.79,55.53,9.68,5.32,11.02,10.60,14.10,18.77,151.62,21.16,0
130.82,138.38,52.02,64.90,6.55,64.91,135.42,0.00,292.38,0.70,0
14.29,18.61,6.94,0.00,15.27,16.34,32.63,10.39,115.58,21.04,0
77.68,48.72,0.00,19.28,8.61,13.64,42.68,0.00,138.22,0.00,0
95.67,87.71,88.27,9.80,76.94,0.00,96.82,35.35,414.60,25.26,0
16.68,19.70,23.82,0.00,25.89,13.13,16.74,0.00,65.45,6.71,0
44.28,46.46,3.43,25.82,23.21,25.31,62.52,21.44,120.55,0.00,0
160.65,264.00,158.86,126.06,63.32,91.14,285.68,71.88,478.86,14.83,0
17.27,15.64,18.08,2.45,14.69,18.99,31.35,1.02,93.49,3.27,0
140.99,110.26,64.65,30.23,58.78,0.00,64.03,1.82,275.23,8.00,0
121.71,76.54,42.45,43.85,86.17,0.00,124.64,27.47,356.38,0.00,0
11.55,23.62,2.74,3.79,17.04,9.49,30.13,0.00,56.45,16.60,0
24.50,41.72,8.70,18.59,12.78,3.46,13.16,0.00,114.04,9.37,0
151.61,180.12,80.00,142.19,146.32,79.55,220.63,77.53,429.99,18.25,0
49.29,51.65,81.75,12.23,43.83,6.29,42.53,41.86,183.58,0.00,0
54.76,44.38,41.47,29.30,0.00,61.92,65.19,28.54,295.41,14.37,0
139.79,133.01,44.93,41.52,90.39,0.00,94.19,0.07,425.94,3.81,0
47.35,69.69,60.11,20.46,14.73,0.00,82.01,31.46,437.29,0.00,0
49.63,41.17,33.08,40.92,37.91,64.95,65.24,0.00,140.30,0.00,0
34.28,57.88,30.71,43.47,54.84,0.00,127.55,0.00,187.25,22.35,0
85.72,100.19,73.05,59.29,111.80,0.00,165.93,27.03,329.11,13.86,0
103.01,226.06,104.56,22.72,52.35,55.91,91.98,0.00,619.51,0.00,0
62.72,67.02,0.00,28.61,16.84,0.00,34.91,0.00,150.80,0.00,0
175.50,128.33,53.42,135.99,130.43,121.37,176.16,59.35,450.36,0.00,0
126.54,126.34,20.95,19.55,26.86,40.99,0.16,0.00,242.25,3.97,0
217.28,118.48,53.40,95.64,170.15,67.64,114.57,31.51,502.64,33.42,0
260.94,292.87,118.12,1.42,112.14,67.95,158.98,38.08,541.87,0.00,0
102.96,139.22,84.19,8.16,0.00,34.80,128.02,0.00,490.01,30.92,0
47.67,84.34,22.34,21.79,57.53,33.50,95.08,50.44,220.93,44.85,0
37.01,31.40,15.44,12.62,29.33,12.48,5.58,6.99,98.84,2.21,0
38.24,87.49,54.96,36.29,38.68,58.71,93.29,51.83,311.32,23.93,0
139.16,92.66,0.00,57.14,27.00,3.24,119.93,28.58,429.16,7.96,0
69.44,79.76,83.75,48.23,52.75,32.80,155.19,13.73,575.56,0.00,0
197.58,176.96,0.00,46.67,90.22,87.51,140.19,0.00,573.61,32.70,0
45.37,97.10,116.85,61.06,110.13,73.38,66.08,19.49,369.46,0.00,0
216.12,185.01,234.81,26.43,81.78,25.02,187.89,14.41,394.37,54.08,0
71.84,94.34,122.14,0.00,288.21,0.21,225.88,84.39,575.40,0.00,0
216.82,153.69,175.07,0.00,68.70,42.95,43.17,11.77,389.49,60.46,0
98.61,106.31,98.88,37.25,74.92,0.00,144.56,23.07,447.48,9.77,0
17.76,16.08,25.43,6.25,38.94,24.76,32.24,0.00,80.13,5.60,0
169.88,113.93,49.55,65.41,45.40,56.53,113.58,33.14,322.69,0.00,0
95.15,88.66,29.01,0.00,19.00,33.53,80.34,0.00,213.52,31.09,0
115.65,146.19,17.89,53.93,44.65,60.95,180.50,0.00,474.38,46.99,0
136.52,181.12,132.49,84.16,56.63,19.56,150.25,0.00,498.65,5.69,0
190.06,117.84,122.70,0.00,68.00,21.53,153.24,0.00,414.85,0.00,0
68.06,66.64,37.42,29.19,21.79,25.04,45.72,14.86,179.50,13.38,0
69.24,128.34,122.31,26.45,100.23,34.73,117.75,30.02,227.56,76.43,0
143.03,180.63,129.88,62.82,36.65,0.00,130.01,6.34,548.82,108.39,0
60.05,65.82,51.26,7.67,58.86,45.18,44.95,36.47,185.48,24.63,0
98.21,149.05,115.59,83.16,26.68,104.21,42.65,3.72,508.54,0.00,0
77.41,98.95,3.51,0.00,34.95,43.19,25.75,19.65,314.28,17.24,0
62.97,100.64,88.50,0.00,83.76,152.74,118.12,38.87,388.45,40.29,0
38.81,55.15,0.00,19.92,7.94,28.51,75.31,0.00,184.64,6.08,0
64.63,75.30,87.64,161.99,106.08,0.00,139.66,0.00,632.75,19.42,0
127.71,128.16,21.32,84.89,117.16,76.09,118.81,0.00,652.68,0.00,0
56.25,61.04,39.73,3.57,23.83,27.19,37.13,8.09,184.39,0.00,0
30.64,36.47,5.50,26.73,33.06,27.20,58.64,0.00,210.99,10.88,0
19.13,123.75,89.26,108.07,160.16,0.00,131.99,0.00,632.17,0.00,0
224.69,132.11,130.75,79.45,63.11,107.87,111.06,0.00,514.78,72.44,0
95.68,186.20,41.33,0.00,60.74,16.70,116.21,61.81,356.14,16.08,0
145.39,70.19,27.59,4.57,59.90,42.68,32.04,93.75,236.08,0.00,0
50.14,54.38,29.76,30.81,0.00,19.58,33.25,9.01,162.41,12.25,0
80.10,131.10,68.21,25.65,66.48,0.00,178.87,1.21,399.52,23.19,0
158.67,84.24,110.95,7.05,118.54,53.63,28.17,39.87,423.87,30.38,0
15.92,34.53,31.71,19.09,19.85,5.71,23.37,0.56,55.93,3.92,0
38.54,47.71,61.61,52.65,12.13,0.00,122.65,0.00,263.10,0.00,0
179.10,93.29,115.77,8.54,46.97,34.22,0.00,0.00,457.04,0.00,0
157.16,124.09,7.61,38.64,157.98,66.92,118.51,42.45,449.42,19.34,0
78.48,69.13,13.35,23.47,30.08,43.63,70.80,13.83,193.99,20.01,0
41.82,13.74,0.00,16.55,20.28,39.84,12.50,8.19,121.39,14.03,0
68.49,94.91,130.55,0.00,127.91,42.25,174.45,51.96,385.51,58.03,0
133.85,125.09,6.48,0.00,56.83,92.02,93.66,26.89,408.00,49.15,0
114.48,84.79,45.82,0.00,39.80,0.00,83.65,2.70,314.02,30.14,0
77.98,132.07,38.49,32.48,23.13,37.83,77.13,18.08,344.35,0.00,0
108.83,144.05,36.64,28.36,36.65,34.81,116.35,0.00,142.17,20.13,0
30.58,41.61,27.73,24.03,23.79,4.94,23.16,0.00,85.52,0.00,0
6.72,62.35,0.00,56.94,88.17,61.27,35.69,0.00,205.00,46.00,0
58.90,53.47,50.99,1.29,33.44,47.25,72.54,0.00,256.24,16.45,0
217.10,131.18,36.88,110.73,97.03,69.21,184.97,18.28,450.15,12.31,0
160.67,171.86,116.97,62.16,74.75,190.16,163.60,19.25,446.60,50.00,0
157.59,138.08,0.15,41.51,82.70,16.56,108.24,0.00,541.53,4.95,0
52.90,46.47,6.36,19.82,21.50,10.60,45.19,0.00,113.73,0.00,0
148.56,66.97,42.77,48.78,60.24,0.00,13.02,0.00,366.73,0.00,0
118.59,167.65,91.06,12.01,97.39,39.15,217.87,26.53,396.63,0.00,0
127.82,115.42,0.00,76.05,16.29,74.38,89.74,0.00,367.97,31.65,0
100.18,33.19,62.55,29.42,125.87,63.01,54.44,43.10,345.22,28.67,0
129.93,159.37,51.10,0.00,92.69,76.86,124.63,87.69,751.41,81.76,0
95.44,81.79,134.30,29.92,93.55,17.04,123.36,45.60,266.92,11.65,0
138.53,134.24,135.23,13.78,147.71,94.10,106.19,151.37,502.73,77.03,0
98.34,117.26,97.56,0.00,119.75,27.22,54.45,21.92,363.06,41.02,0
45.38,69.23,20.78,12.93,0.00,5.26,64.99,7.74,139.85,0.20,0
144.57,42.46,23.83,35.66,115.38,166.48,116.91,0.00,289.04,162.59,0
212.93,169.37,40.25,10.38,99.72,68.06,243.92,15.85,507.13,0.00,0
45.52,39.43,53.66,11.34,22.60,3.26,41.16,6.18,211.23,0.00,0
5.17,41.00,26.90,10.35,13.11,0.00,42.13,10.85,133.08,16.38,0
32.63,33.43,26.97,1.51,14.92,27.51,30.02,0.00,99.40,20.45,0
66.45,111.60,106.90,0.00,67.38,70.90,92.76,20.27,441.26,40.84,0
99.01,85.59,4.93,58.51,57.47,11.59,117.74,0.00,488.79,15.36,0
45.69,61.43,45.12,0.73,24.66,34.07,125.33,5.44,363.54,104.94,0
61.49,153.90,86.32,148.16,86.62,168.88,111.82,106.74,331.75,44.27,0
130.03,137.16,0.00,105.60,31.79,0.00,81.23,53.85,564.82,6.61,0
133.91,120.29,63.17,0.00,83.91,12.85,117.06,0.00,688.07,24.04,0
138.63,121.99,41.66,44.24,24.23,71.28,36.70,0.00,343.05,0.00,0
83.28,96.04,69.28,30.16,113.23,0.00,58.57,0.00,403.56,15.63,0
93.82,76.14,109.98,168.52,88.61,119.01,154.32,21.25,395.16,0.00,0
190.75,165.26,66.96,91.27,150.95,93.95,141.63,9.88,388.54,17.33,0
6.99,14.89,22.12,7.41,8.48,20.02,24.81,0.00,46.21,6.68,0
39.13,104.14,69.20,35.18,108.71,60.04,118.04,0.00,266.68,50.82,0
90.24,85.73,47.42,8.73,1.84,68.62,58.99,0.00,227.31,0.00,0
113.77,45.10,51.64,33.37,104.81,54.28,168.28,0.00,316.33,6.46,0
41.24,71.03,25.05,10.47,56.59,15.40,40.51,0.00,194.11,3.99,0
92.64,136.13,0.00,103.90,0.00,20.51,22.39,0.00,394.51,15.30,0
5.60,40.88,9.01,22.02,29.25,21.42,23.65,0.00,112.00,0.00,0
75.43,106.93,65.30,0.00,28.39,40.39,98.51,1.91,371.89,5.28,0
67.60,92.73,75.00,74.04,0.00,18.54,123.37,0.00,223.93,17.43,0
36.52,41.32,31.43,3.02,25.78,25.94,39.61,5.17,105.97,0.00,0
178.70,185.11,61.35,115.54,96.89,27.33,197.52,31.86,664.24,102.46,0
85.54,119.99,15.43,75.27,99.24,111.84,123.16,0.00,354.46,30.74,0
52.71,62.83,59.44,11.23,16.57,10.34,82.73,0.00,169.53,7.45,0
173.73,100.68,69.93,49.27,110.42,25.25,145.79,22.58,527.48,0.03,0
31.45,23.80,15.08,6.47,1.69,27.49,12.98,0.00,88.15,3.16,0
28.11,43.12,50.73,51.19,20.85,31.40,17.63,0.00,246.32,0.00,0
24.02,118.18,4.60,20.62,75.80,23.12,37.50,21.77,338.53,0.00,0
96.25,88.37,58.50,10.92,36.40,47.40,74.23,33.80,287.16,15.81,0
114.43,115.14,61.52,0.00,46.79,50.94,102.61,6.40,549.08,0.00,0
25.25,28.31,5.75,15.53,7.88,0.00,7.40,13.15,80.64,8.31,0
83.36,46.33,46.53,27.57,23.00,16.70,53.13,4.22,273.89,0.00,0
40.80,43.80,11.01,14.48,30.49,49.35,30.50,28.34,169.29,0.00,0
61.95,57.34,30.53,13.55,8.18,19.99,23.42,3.29,173.28,22.30,0
98.91,50.34,0.00,27.91,0.00,39.50,57.56,10.30,165.93,0.00,0
70.24,43.39,39.81,31.68,33.03,45.04,62.92,0.00,128.33,0.00,0
102.86,65.28,33.16,0.00,40.08,16.28,54.83,23.31,180.40,13.43,0
58.77,41.96,0.61,16.29,30.13,13.86,30.75,0.00,131.78,17.35,0
28.71,33.12,20.67,13.23,2.93,16.45,27.24,3.65,83.63,0.00,0
158.37,160.43,132.77,28.77,116.43,10.30,125.04,0.00,397.04,45.04,0
122.17,173.01,23.80,25.09,0.00,143.70,111.72,69.87,454.94,43.88,0
91.03,125.82,50.97,28.27,36.12,45.24,88.98,1.41,247.94,0.00,0
27.93,76.21,43.05,2.91,28.81,22.86,58.50,0.00,244.54,32.22,0
123.60,87.61,120.50,99.85,149.35,45.84,115.82,88.92,491.15,0.00,0
249.94,109.67,179.23,190.86,53.98,56.88,93.31,95.78,537.54,62.32,0
79.16,130.95,53.93,86.53,79.82,59.52,241.90,94.07,395.01,77.11,0
97.01,119.63,48.33,86.75,32.84,66.62,49.40,0.00,285.85,8.99,0
46.17,11.17,39.84,37.69,36.57,40.57,54.47,25.13,148.88,7.67,0
169.12,100.97,0.00,88.56,135.15,120.73,152.07,49.13,354.75,7.64,0
202.94,101.39,40.47,101.97,79.10,39.91,101.87,0.00,466.93,2.83,0
95.40,88.26,74.90,62.05,126.69,50.49,148.38,0.00,292.86,38.57,0
7.69,28.10,7.20,0.00,3.87,4.55,19.61,4.58,93.96,5.01,0
124.37,63.06,32.35,93.59,8.00,10.32,68.46,14.84,260.15,42.29,0
9.62,61.83,20.08,33.07,22.47,28.15,24.66,2.96,160.54,0.00,0
23.62,19.06,12.72,0.00,27.19,0.00,20.26,1.70,95.52,0.00,0
13.54,15.97,7.70,7.96,17.97,0.00,37.09,9.33,94.28,4.19,0
154.38,174.15,78.11,0.00,132.90,66.08,132.60,0.00,499.73,0.00,0
22.64,24.10,13.96,12.57,15.44,20.25,23.88,0.00,84.90,6.11,0
20.12,78.32,3.59,42.87,0.00,0.00,104.07,0.00,324.09,10.71,0
41.02,42.60,22.64,31.03,8.43,10.43,38.37,2.75,119.85,14.16,0
108.70,76.12,22.99,67.34,95.37,48.73,79.15,49.20,230.59,0.00,0
76.51,88.39,45.74,5.17,10.57,38.65,98.14,0.00,183.56,0.00,0
30.64,55.03,38.37,14.44,6.19,15.21,25.15,0.00,164.57,0.00,0
211.24,77.35,80.19,61.75,34.38,97.31,97.04,0.00,409.49,0.00,0
49.51,84.62,36.21,52.10,35.46,16.59,70.75,1.61,221.85,21.23,0
141.66,93.67,66.46,45.07,48.99,48.28,20.72,0.00,426.44,0.00,0
77.64,168.58,20.04,18.81,56.20,44.93,53.97,6.59,196.60,27.50,0
62.07,133.15,35.24,0.00,32.99,19.59,0.00,0.00,443.02,57.79,0
25.22,6.18,16.98,2.17,22.12,2.43,12.94,0.00,64.92,0.74,0
40.90,87.78,21.45,8.17,19.57,3.97,27.24,0.00,225.47,14.72,0
14.55,13.24,0.80,8.17,9.89,6.82,21.68,0.00,110.80,5.15,0
114.48,113.10,39.29,53.74,101.29,31.96,93.13,0.00,265.38,18.80,0
103.47,104.25,185.46,35.81,72.47,4.05,86.05,58.03,433.12,46.15,0
48.94,19.85,35.89,57.39,35.83,0.00,41.42,20.61,160.09,0.00,0
152.29,150.58,110.27,0.00,83.98,26.24,24.57,0.00,378.63,24.22,0
27.92,23.46,12.60,7.19,6.87,17.56,8.59,2.31,51.25,0.00,0
51.14,57.34,0.00,5.14,51.25,34.10,26.65,2.97,211.69,0.00,0
21.93,13.40,8.02,3.37,20.87,0.00,15.38,7.14,43.67,0.00,0
51.72,49.03,2.82,23.62,19.07,36.10,36.74,20.00,121.88,0.00,0
153.16,62.51,50.18,83.98,86.61,53.60,83.01,20.35,518.50,16.25,0
93.38,71.68,17.07,41.20,11.05,15.25,58.57,30.58,200.96,6.49,0
86.11,48.53,69.29,6.20,75.59,13.46,44.42,16.39,225.13,6.14,0
50.55,103.06,41.71,15.49,37.11,28.22,70.54,30.75,107.39,17.21,0
94.21,122.93,84.49,4.58,37.73,36.91,160.50,54.28,252.48,55.88,0
63.05,20.57,62.28,42.28,111.52,56.15,44.98,0.00,322.45,11.65,0
164.57,173.53,59.05,42.25,62.89,109.81,164.63,38.68,539.99,0.00,0
161.09,117.31,49.18,181.63,0.00,0.00,196.89,64.75,530.59,0.00,0
25.88,4.64,0.00,0.54,33.50,13.84,44.24,0.00,55.47,0.00,0
52.89,54.13,50.65,13.74,17.30,13.01,55.28,16.66,243.04,32.46,0
101.23,156.62,114.15,49.50,0.00,112.92,124.10,0.00,471.73,27.46,0
59.90,19.90,19.00,0.00,26.70,18.51,16.43,18.43,114.79,2.70,0
135.01,151.78,40.81,0.00,99.39,0.00,72.65,0.00,396.66,5.61,0
72.83,77.70,87.49,18.54,0.28,12.03,19.10,24.91,306.35,12.86,0
97.83,93.02,37.67,0.00,5.01,18.65,83.47,16.82,319.43,0.65,0
45.20,38.41,72.02,78.52,0.00,9.34,2.21,8.28,271.68,0.00,0
241.48,181.65,80.59,57.25,58.99,13.48,130.62,0.00,471.44,0.00,0
44.12,40.34,30.31,0.00,19.19,41.88,47.30,21.76,158.46,0.64,0
73.94,62.21,43.54,52.61,27.62,52.77,10.42,0.00,228.76,0.00,0
76.71,29.31,19.17,25.78,18.76,62.00,21.74,0.00,190.46,0.00,0
58.27,33.29,13.65,7.33,0.00,16.55,18.68,0.00,128.04,15.62,0
63.91,106.95,0.00,29.00,72.40,5.17,70.76,16.71,390.35,68.34,0
85.78,52.58,42.35,40.66,57.12,27.61,105.05,45.65,259.34,50.45,0
261.53,257.57,63.30,120.55,142.21,35.10,169.19,103.01,559.11,0.00,0
121.58,41.03,112.30,59.31,60.82,60.28,154.35,17.93,329.81,0.00,0
129.22,144.18,75.62,125.22,40.25,98.49,8.43,9.09,382.60,0.00,0
171.91,100.81,76.02,35.01,22.67,86.05,70.42,60.49,334.40,2.05,0
52.66,101.98,50.71,21.61,34.24,13.42,26.20,0.00,237.56,0.00,0
104.39,218.70,69.62,71.46,12.72,69.48,196.01,0.00,456.89,10.52,0
112.24,73.72,34.86,0.00,138.49,90.65,106.74,24.93,290.01,12.69,0
62.36,48.52,0.00,52.34,1.10,24.53,51.73,0.00,338.46,0.00,0
99.90,66.15,59.33,30.83,0.00,58.05,79.97,49.47,364.55,10.88,0
8.92,23.00,3.73,0.00,14.90,7.14,13.32,7.92,66.00,0.00,0
40.07,45.44,21.12,26.58,0.00,17.47,43.56,11.32,148.83,5.69,0
0.00,58.34,19.80,32.53,28.18,73.54,63.14,0.00,256.62,0.00,0
88.83,78.29,37.01,43.06,37.69,34.58,24.22,37.24,281.56,7.55,0
32.78,69.35,62.14,77.17,72.65,106.08,77.44,1.77,223.83,0.00,0
79.68,146.28,71.85,0.00,77.50,50.25,9.65,23.56,389.01,38.90,0
154.17,82.09,139.27,0.00,2.48,45.29,76.14,0.00,409.92,21.89,0
187.42,175.72,0.00,95.33,189.44,142.48,108.51,0.00,619.49,103.45,0
79.66,62.47,10.62,42.16,20.31,14.51,55.61,6.95,224.58,0.00,0
59.25,11.37,46.06,2.91,30.40,12.97,30.84,9.71,217.34,4.28,0
45.21,49.79,16.36,60.13,28.84,43.93,19.60,18.49,177.57,0.25,0
99.23,157.17,0.00,0.00,104.53,17.34,62.27,82.59,556.42,22.02,0
76.05,57.89,46.19,0.00,23.72,0.00,93.60,21.90,208.72,40.79,0
155.84,14.40,124.37,79.87,119.08,121.87,122.19,34.06,346.74,0.00,0
82.11,63.57,89.62,44.07,45.40,26.50,50.80,0.00,289.98,0.00,0
47.15,73.77,7.16,24.26,22.21,0.00,41.60,32.51,144.20,14.30,0
8.65,77.92,53.16,79.30,64.49,45.21,28.64,0.00,404.35,53.39,0
103.57,46.90,40.45,24.78,12.15,72.64,116.92,15.38,318.97,0.00,0
8.75,1.07,125.85,22.19,30.26,0.00,176.59,25.46,325.54,72.23,0
38.99,53.72,17.87,45.20,12.08,38.40,20.09,34.42,155.48,17.65,0
142.29,146.03,106.72,45.68,139.59,50.76,83.52,66.76,374.12,37.59,0
122.23,127.02,77.57,24.00,26.64,13.95,0.00,23.82,473.06,65.34,0
34.92,42.49,11.30,23.41,19.60,20.22,61.07,10.59,117.55,0.00,0
96.35,95.07,77.95,33.51,71.09,0.00,74.14,27.46,412.23,42.56,0
113.84,60.10,49.68,57.77,63.49,10.85,109.80,27.45,258.64,0.00,0
93.16,103.59,91.08,32.33,34.71,49.16,41.61,0.00,306.61,0.00,0
111.40,65.94,87.96,0.00,23.34,71.26,58.31,0.00,399.89,0.00,0
150.22,166.80,147.80,43.71,153.16,47.98,102.03,55.55,646.39,8.86,0
151.27,180.54,119.76,92.30,139.68,27.38,132.72,0.00,548.90,6.21,0
64.71,77.80,39.86,12.16,8.71,31.65,37.00,7.70,204.34,0.00,0
156.22,98.70,19.92,63.79,58.67,51.95,82.85,22.32,343.39,53.41,0
131.31,139.71,51.89,0.00,51.47,0.00,115.92,0.00,407.72,47.88,0
65.15,40.37,44.75,21.85,57.24,8.50,16.57,0.00,224.48,1.93,0
45.91,34.90,15.15,34.58,0.00,33.37,91.11,5.64,205.11,0.00,0
42.46,35.53,15.14,11.49,31.17,5.90,30.30,18.32,130.09,1.08,0
20.52,15.05,14.18,0.00,8.10,12.86,27.40,1.13,87.63,0.00,0
15.01,39.26,30.71,24.82,30.21,44.84,20.98,0.00,96.32,0.00,0
94.21,120.87,133.11,4.24,84.30,24.92,135.40,63.60,245.51,29.25,0
76.86,96.77,52.62,0.37,30.54,0.00,94.18,95.09,313.81,51.92,0
126.97,208.95,12.54,75.54,260.07,21.43,73.27,50.84,479.93,123.14,0
63.55,30.24,14.53,58.69,23.21,59.44,67.87,0.00,176.88,0.00,0
70.30,54.33,41.62,0.00,0.00,59.71,93.13,0.00,255.82,16.62,0
55.92,15.70,48.97,39.98,18.22,87.04,66.27,0.00,356.06,0.00,0
155.36,182.44,206.21,162.91,250.90,109.79,139.18,43.31,483.08,74.75,0
28.48,23.70,24.41,15.12,20.06,27.79,15.60,10.91,120.29,1.52,0
80.02,103.88,66.43,38.72,96.93,45.83,112.39,0.00,337.70,0.00,0
93.66,42.09,49.41,106.03,64.38,34.00,55.48,41.40,395.50,2.01,0
162.24,151.26,111.30,2.59,120.46,29.09,94.09,0.00,344.33,40.17,0
152.92,89.68,55.09,56.14,35.61,57.23,74.33,0.00,528.15,27.16,0
113.26,141.09,121.02,0.00,0.00,79.80,96.32,0.00,366.80,157.11,0
134.10,71.80,50.10,0.00,81.62,112.89,109.38,0.00,258.03,59.10,0
21.64,33.53,22.06,13.57,36.62,44.09,14.92,2.97,103.58,0.00,0
73.71,113.02,118.48,58.70,135.10,58.83,81.92,0.00,600.49,48.51,0
0.00,26.24,18.81,7.32,16.16,10.57,52.19,9.29,90.44,0.00,0
173.72,129.21,0.00,40.53,10.56,85.87,134.03,21.17,548.55,64.37,0
79.88,65.16,23.67,10.69,62.30,14.00,50.84,17.80,229.58,28.03,0
33.87,35.54,13.53,14.57,4.88,0.00,6.37,10.74,117.64,0.00,0
52.96,81.97,28.59,0.00,6.88,25.26,13.58,15.30,273.40,7.34,0
19.45,20.92,10.44,21.62,17.58,0.00,27.41,8.16,69.51,4.73,0
17.07,22.63,3.81,0.00,11.98,7.68,15.63,0.00,70.80,0.00,0
28.30,54.83,23.01,9.93,15.91,15.60,42.33,0.00,77.71,13.38,0
152.22,158.40,111.54,58.36,116.84,63.89,105.58,0.00,310.82,0.00,0
75.99,139.06,33.57,31.30,78.47,60.23,110.26,0.00,366.56,0.00,0
71.00,53.52,11.29,47.68,8.24,55.70,74.46,28.96,326.82,21.39,0
218.24,166.12,37.33,47.21,67.25,10.30,164.00,2.63,424.38,0.00,0
27.29,30.30,32.53,9.39,63.98,0.00,63.17,28.35,163.01,5.52,0
46.84,63.46,11.94,0.00,40.23,19.99,49.65,11.59,157.29,15.16,0
196.00,152.22,113.24,0.00,67.84,7.96,137.09,0.00,262.80,33.42,0
47.80,78.75,65.17,21.32,81.14,42.20,205.67,0.00,237.67,0.00,0
194.89,200.40,89.59,65.60,148.94,85.52,99.99,0.00,651.63,48.46,0
130.32,215.26,102.99,0.00,196.98,81.16,210.53,0.00,645.70,103.11,0
154.74,74.13,134.15,95.16,136.61,81.95,158.15,9.57,532.95,35.41,0
61.06,69.68,25.17,38.95,30.64,11.39,56.34,16.70,247.40,38.62,0
4.91,56.36,92.13,409.37,16.54,302.50,0.00,58.78,31.41,63.13,1
63.49,52.41,95.97,367.95,67.81,477.82,94.38,40.94,15.62,21.26,1
0.00,25.40,32.79,445.17,91.63,234.41,46.77,0.00,0.00,0.00,1
11.35,0.31,5.37,252.61,76.50,443.78,43.73,52.90,42.01,15.72,1
2.66,0.00,18.41,91.08,19.55,127.50,19.42,0.00,4.03,0.00,1
41.78,68.87,0.93,169.39,0.00,233.69,16.02,10.47,0.00,0.00,1
46.06,28.05,20.09,387.80,81.89,400.87,78.26,37.74,0.00,27.83,1
0.00,59.79,39.10,161.77,31.75,274.58,0.00,0.00,0.00,27.95,1
1.57,0.00,3.34,112.45,2.94,103.97,10.50,1.90,16.46,16.99,1
0.00,21.46,23.14,207.16,25.99,175.12,20.46,9.35,35.98,12.59,1
50.86,54.31,125.84,340.06,105.61,322.99,36.30,7.48,3.46,0.00,1
44.72,67.04,19.64,173.90,85.34,422.67,85.42,0.00,0.00,20.21,1
41.08,0.00,19.47,247.85,47.49,270.40,59.62,4.07,0.00,0.66,1
3.27,0.00,0.00,48.89,5.12,91.86,0.65,0.00,1.73,7.17,1
44.22,0.00,28.87,254.76,30.00,494.37,46.51,12.82,100.46,30.37,1
0.00,47.15,19.81,355.22,0.00,531.30,65.47,0.00,0.00,0.00,1
20.95,22.03,73.22,302.00,34.09,268.90,0.00,0.00,0.00,35.91,1
29.90,24.02,17.13,109.78,42.51,153.59,27.18,21.49,0.00,0.00,1
0.00,2.09,0.00,262.69,0.00,404.01,0.00,0.00,42.19,0.00,1
37.78,24.16,22.30,103.14,12.78,163.42,14.99,22.83,1.74,0.00,1
42.59,28.85,20.00,172.83,16.77,246.41,13.45,5.06,0.00,0.00,1
24.42,0.00,47.18,271.45,5.94,244.47,11.77,61.01,16.57,1.01,1
82.14,8.13,70.40,399.08,15.91,304.92,38.55,29.21,38.05,0.47,1
58.46,29.77,92.57,306.27,0.00,569.85,0.00,0.00,0.00,0.00,1
41.17,37.04,11.37,296.24,30.87,240.29,25.04,0.00,10.98,45.30,1
0.00,90.56,0.00,479.63,28.88,367.92,44.69,12.80,39.37,0.00,1
0.00,18.30,21.10,263.32,38.03,283.66,51.81,0.00,38.91,50.62,1
1.42,6.62,3.50,62.85,16.41,54.25,0.00,0.26,0.00,5.13,1
12.90,28.44,48.26,417.68,111.51,380.12,35.03,0.00,7.23,23.72,1
4.93,18.39,22.81,274.99,9.61,483.36,13.62,45.17,0.00,0.00,1
0.00,70.57,0.00,408.65,53.67,347.93,31.75,0.00,41.52,31.67,1
13.18,14.40,50.05,302.22,4.93,261.09,0.00,0.00,61.92,15.04,1
0.00,0.00,0.00,186.23,6.42,291.70,35.32,0.00,17.05,54.92,1
31.02,50.66,0.00,604.09,66.99,464.19,0.00,26.62,21.48,0.00,1
36.90,0.00,94.28,533.68,161.16,401.30,11.47,0.00,0.00,64.83,1
0.00,1.42,67.02,263.61,52.64,421.17,17.16,0.00,2.64,49.44,1
20.63,0.00,0.00,154.77,0.00,220.29,0.00,34.55,25.35,0.53,1
2.15,4.28,8.33,46.25,0.00,51.74,2.85,0.00,0.00,0.00,1
0.00,17.28,55.53,224.64,65.76,397.34,17.89,50.22,36.39,42.54,1
0.00,0.00,13.24,184.03,0.00,309.23,67.57,0.00,10.31,48.40,1
52.78,0.00,39.88,152.79,17.32,395.94,36.36,0.00,15.79,8.37,1
93.82,64.52,6.41,359.87,34.64,386.37,13.03,0.00,82.81,42.03,1
0.00,67.52,80.71,377.08,145.51,450.69,112.18,0.00,38.90,0.00,1
22.78,19.87,0.00,151.37,9.04,149.50,10.35,0.00,0.00,0.00,1
0.00,28.58,2.63,239.84,59.47,262.52,0.00,0.00,36.83,2.62,1
10.47,0.00,17.39,134.29,4.23,352.88,0.00,0.00,15.74,0.00,1
19.93,101.59,30.91,361.97,88.78,313.14,57.54,17.51,31.39,16.13,1
0.00,4.92,50.41,153.60,45.07,246.19,0.00,12.77,41.50,13.47,1
0.00,7.69,7.50,61.44,8.62,66.00,5.68,5.77,0.01,12.60,1
49.86,34.73,7.10,132.38,22.76,286.87,0.00,40.47,0.00,30.22,1
6.52,24.86,34.34,427.35,44.52,413.29,18.01,24.96,58.84,115.69,1
15.64,0.00,51.62,208.20,71.78,288.74,32.91,5.68,11.63,0.00,1
0.07,0.00,27.99,143.31,0.00,316.38,20.48,14.38,16.69,8.04,1
59.45,22.38,81.96,373.89,1.10,332.81,69.62,9.89,52.19,50.19,1
0.00,42.98,67.33,243.49,33.51,155.32,5.24,0.00,0.00,2.94,1
5.15,28.78,40.80,315.30,0.00,352.69,72.95,76.77,68.67,69.11,1
44.33,0.00,89.25,306.05,115.79,416.36,81.76,0.00,0.00,4.25,1
22.64,45.04,24.12,311.65,54.77,354.51,12.87,0.00,0.00,0.00,1
7.38,17.32,2.52,172.13,49.11,150.84,26.74,27.37,0.00,14.20,1
18.04,4.62,20.93,149.65,0.00,258.18,0.00,0.00,17.04,0.00,1
0.00,0.00,20.17,59.17,0.00,55.41,13.99,0.00,0.00,0.00,1
40.65,70.53,50.58,426.24,115.01,457.01,20.15,12.81,0.00,25.60,1
5.40,1.77,9.48,107.03,13.35,257.05,0.00,17.12,0.00,3.94,1
0.00,14.17,25.42,221.94,63.91,273.06,52.07,57.60,24.93,20.11,1
23.10,10.41,9.53,72.75,2.25,71.94,0.00,2.29,1.50,0.00,1
129.80,0.00,31.97,138.61,32.38,307.65,51.64,1.57,46.83,0.00,1
68.22,0.00,32.74,251.23,3.42,324.06,0.00,31.88,19.16,0.00,1
3.78,0.92,18.24,79.79,9.38,70.43,2.29,3.69,6.66,7.95,1
91.49,42.83,28.88,311.85,41.42,521.30,1.67,57.94,53.95,7.65,1
28.31,0.00,0.00,116.29,0.00,165.24,0.00,0.00,0.00,14.75,1
0.00,8.18,14.44,192.33,11.88,450.84,0.00,0.00,58.42,43.08,1
3.73,0.16,27.03,307.94,16.87,190.41,0.65,0.00,6.48,19.07,1
24.51,7.43,85.76,361.03,50.68,335.11,140.10,0.00,58.50,0.00,1
0.00,65.53,0.00,361.10,32.40,459.69,0.00,58.10,0.00,0.00,1
35.90,15.36,13.85,225.19,18.66,240.67,11.13,5.80,28.29,0.00,1
0.00,0.00,59.03,223.03,7.90,429.16,0.00,48.89,2.60,13.15,1
32.78,34.29,4.18,244.57,5.15,402.80,87.63,0.00,0.00,22.60,1
4.64,3.35,22.32,76.20,4.56,195.72,2.96,4.07,14.28,0.00,1
0.00,53.19,28.20,130.30,40.25,296.11,56.38,23.97,0.00,31.37,1
26.59,16.04,0.00,352.92,12.46,309.57,0.00,15.87,8.52,16.84,1
0.68,0.00,19.37,125.03,0.27,207.51,7.63,0.00,47.27,0.00,1
28.60,40.77,0.00,240.24,47.01,369.92,20.59,0.00,11.94,1.32,1
0.00,12.48,10.20,108.98,15.80,241.58,18.36,0.00,2.64,2.41,1
51.87,28.40,53.30,270.45,68.43,142.73,59.53,27.34,17.59,33.70,1
0.00,7.25,19.32,76.59,0.00,174.66,7.06,0.04,1.08,0.00,1
4.92,58.69,7.52,238.55,112.36,264.96,0.00,0.00,36.42,54.13,1
38.00,0.00,53.97,159.64,21.94,326.84,45.63,8.58,0.00,2.70,1
22.02,30.37,75.35,339.11,27.57,312.17,35.99,0.00,0.00,45.93,1
0.00,0.00,26.32,63.83,16.44,124.77,15.14,0.00,0.00,16.05,1
0.00,0.00,12.89,56.03,6.85,122.23,11.59,8.44,4.29,23.08,1
0.00,0.00,17.63,151.87,17.39,159.21,0.08,0.00,21.07,0.00,1
4.18,10.27,0.00,72.94,17.22,109.52,0.00,0.00,4.16,7.35,1
0.13,0.00,63.28,166.25,49.42,161.74,0.00,0.00,36.23,0.00,1
18.45,9.96,0.00,107.35,2.59,98.36,14.85,14.43,11.02,0.00,1
0.00,0.00,43.64,302.55,14.64,266.67,0.00,0.00,0.00,0.00,1
0.00,4.55,18.79,58.56,18.56,65.83,11.18,4.18,1.34,0.00,1
24.46,14.56,28.25,166.72,21.31,339.81,0.12,0.00,30.18,0.00,1
0.74,0.00,0.00,162.04,10.39,136.09,0.00,0.00,19.23,0.00,1
18.83,0.00,23.00,105.31,17.13,129.76,21.19,15.44,18.15,1.08,1
0.64,6.88,12.60,408.80,14.51,273.03,19.48,16.65,15.37,8.75,1
113.56,82.77,28.65,407.46,80.76,366.97,74.34,46.41,1.69,91.36,1
11.01,16.57,25.84,351.41,34.61,316.37,65.52,0.00,7.86,0.00,1
4.40,9.84,16.38,83.04,0.00,109.69,32.93,0.00,2.25,8.44,1
9.59,31.91,0.00,108.03,13.17,171.08,47.07,8.16,24.30,0.00,1
62.91,52.01,53.37,424.22,28.46,553.28,78.96,0.00,112.21,26.43,1
19.95,0.00,34.93,348.24,11.61,238.25,14.07,0.00,5.90,36.38,1
4.07,70.00,2.72,222.69,3.61,180.95,0.00,11.38,30.01,44.73,1
0.00,0.00,2.51,134.96,30.70,106.59,2.12,0.00,0.00,2.53,1
0.00,0.00,53.51,273.42,85.54,254.28,10.75,10.50,16.66,0.00,1
0.00,17.91,20.10,178.23,23.62,131.67,21.75,0.00,31.93,37.36,1
55.02,18.96,17.10,320.81,88.76,406.33,59.67,19.60,0.00,69.36,1
4.31,47.31,24.68,248.25,52.59,291.84,3.65,0.00,9.51,56.60,1
4.90,42.12,0.00,272.37,37.27,668.17,14.44,126.25,0.00,83.74,1
29.26,0.00,78.28,314.71,20.52,628.64,25.73,34.52,17.22,0.00,1
0.00,0.00,0.00,82.84,6.91,146.76,29.63,3.13,8.07,6.36,1
0.00,42.88,0.00,137.27,0.00,229.60,26.99,13.70,19.71,0.00,1
10.11,0.81,11.90,56.95,0.66,80.03,16.10,0.00,5.22,0.98,1
0.00,27.98,5.08,525.77,27.63,333.88,149.31,0.00,42.57,93.40,1
0.00,2.51,13.58,344.77,14.35,322.21,20.94,0.00,36.32,24.45,1
9.48,15.78,8.80,71.24,11.64,48.73,4.27,9.31,0.00,10.12,1
19.18,42.91,9.66,350.45,48.19,439.25,0.00,0.00,29.78,31.13,1
9.13,0.00,0.00,128.59,0.00,227.08,0.00,0.00,20.36,23.63,1
0.06,0.00,3.88,44.80,24.87,114.64,0.00,15.97,6.62,18.58,1
0.00,36.57,12.80,517.64,18.74,325.27,80.64,48.54,0.00,30.41,1
22.07,13.50,28.75,142.82,55.60,316.28,67.91,0.00,9.09,14.38,1
0.00,46.95,61.28,443.63,56.35,372.09,30.22,27.51,27.68,30.37,1
61.44,0.00,77.86,327.37,0.00,276.06,50.53,17.10,60.85,66.30,1
0.00,0.00,1.29,35.00,2.60,56.60,10.05,2.66,0.00,9.68,1
0.00,8.54,0.00,69.00,0.00,87.37,2.25,7.50,0.00,6.48,1
26.52,17.73,10.47,88.29,20.17,90.56,0.00,0.00,0.00,0.00,1
6.90,7.68,13.47,78.33,32.63,142.17,1.13,13.42,0.00,6.89,1
27.74,49.81,40.24,328.82,0.00,464.03,19.06,32.24,0.00,21.62,1
9.38,0.00,25.27,221.42,79.93,512.48,93.60,76.72,34.59,10.62,1
44.69,0.00,0.00,262.46,42.17,400.55,0.00,0.00,62.46,0.58,1
0.00,0.00,20.55,78.83,1.58,48.22,14.11,16.00,16.86,0.00,1
0.00,15.77,1.22,117.78,4.48,183.28,21.94,9.32,41.01,31.83,1
36.39,20.70,61.24,206.62,68.47,178.52,0.00,2.30,0.00,5.13,1
0.00,0.00,0.00,411.09,20.32,546.29,0.00,65.47,7.36,56.59,1
20.79,9.70,21.42,120.96,10.35,257.33,0.00,13.93,37.04,0.00,1
0.00,52.86,15.45,239.09,0.00,360.54,4.18,25.61,10.84,8.93,1
27.42,20.10,14.07,168.21,9.21,129.82,0.00,14.74,0.00,41.26,1
0.00,10.16,8.78,125.09,12.32,122.48,23.76,8.95,13.39,0.00,1
16.74,0.00,42.43,163.31,34.58,245.62,19.38,12.02,0.00,0.00,1
14.64,0.00,5.98,71.71,14.77,74.36,0.00,2.19,0.00,8.97,1
3.05,34.67,34.96,169.68,0.00,128.40,8.77,0.00,8.98,0.00,1
32.11,0.00,0.00,186.45,30.77,312.32,44.25,0.00,55.34,0.96,1
0.00,0.00,45.15,493.14,3.62,387.05,14.60,43.13,103.59,24.47,1
34.00,11.87,50.23,335.86,29.22,291.45,17.72,31.61,51.32,55.33,1
0.00,8.03,21.04,79.42,36.43,67.72,0.00,0.00,0.00,9.45,1
3.80,30.16,0.00,332.30,0.00,294.42,2.91,0.00,64.72,0.00,1
1.81,0.00,19.59,318.18,0.00,241.36,8.42,0.00,0.00,58.17,1
5.70,12.36,22.49,85.27,20.42,141.48,0.00,3.93,0.00,6.61,1
0.00,0.00,22.86,240.38,0.00,371.87,71.78,0.00,28.47,39.25,1
50.27,0.00,28.14,145.42,41.19,420.85,0.00,0.00,0.00,14.45,1
0.00,39.84,2.17,207.56,50.73,178.55,4.66,0.00,38.12,0.00,1
8.73,0.00,1.29,63.99,0.00,76.65,6.97,0.00,5.53,8.12,1
49.69,0.00,17.90,195.43,0.00,443.84,128.95,0.00,53.95,4.59,1
4.65,0.00,89.90,407.40,55.80,549.72,47.07,0.00,0.00,8.79,1
42.29,40.91,5.91,463.35,81.94,381.50,33.79,39.87,54.49,95.27,1
20.09,0.00,15.37,104.99,11.24,141.06,33.76,0.00,1.88,12.15,1
42.85,16.26,26.30,273.08,24.41,227.36,26.25,0.00,0.00,3.91,1
32.25,55.69,64.96,305.16,34.48,465.04,0.00,60.92,3.07,7.47,1
6.85,4.12,22.57,84.75,19.71,56.20,11.57,0.00,14.33,20.13,1
0.00,20.16,16.57,229.09,6.99,157.61,0.00,13.94,31.91,0.00,1
32.75,0.00,64.59,299.27,0.00,409.05,0.00,0.00,17.96,52.08,1
0.00,0.00,0.00,252.88,55.82,227.15,58.79,0.00,0.00,0.00,1
0.00,61.58,0.00,280.52,25.38,457.84,9.08,25.07,0.00,28.53,1
54.31,0.00,81.61,360.94,130.57,660.22,0.00,17.42,53.24,8.66,1
0.00,111.32,28.08,376.41,0.00,583.18,0.00,11.40,64.31,12.91,1
39.86,29.57,20.04,307.65,21.39,326.62,45.95,0.00,11.56,0.00,1
28.64,39.32,0.00,287.13,61.83,309.64,0.00,0.00,21.18,0.00,1
14.26,118.09,0.00,388.10,0.00,423.66,63.20,0.00,0.00,0.00,1
10.86,42.29,26.36,281.37,38.29,241.85,38.75,10.56,31.33,0.00,1
25.31,75.62,89.75,228.55,47.45,379.72,77.62,0.00,0.00,27.56,1
84.53,0.00,52.71,464.27,0.00,458.55,77.40,0.00,0.00,0.00,1
42.59,0.00,81.87,371.04,45.39,237.63,31.77,20.42,22.90,0.00,1
49.78,0.00,57.27,341.22,3.76,256.48,20.12,106.26,106.31,30.39,1
29.17,70.63,47.92,216.22,49.68,374.26,14.57,0.00,8.25,34.64,1
71.29,22.73,4.73,247.68,41.25,310.52,20.97,6.93,32.08,7.38,1
0.00,46.92,59.48,206.51,24.31,377.44,21.20,0.00,26.86,0.00,1
48.89,11.37,38.18,401.52,21.78,538.13,118.08,0.00,0.00,0.00,1
5.91,15.18,12.40,201.19,24.24,166.46,6.45,0.00,4.04,0.15,1
26.22,9.75,0.00,264.76,0.00,414.35,86.77,0.00,0.00,34.60,1
89.87,51.48,50.37,340.56,26.46,387.94,29.40,0.00,16.94,0.00,1
17.05,0.00,35.85,263.93,43.53,220.82,30.74,59.77,0.00,15.77,1
7.57,24.39,23.83,205.97,7.79,173.97,29.28,0.00,0.00,5.06,1
14.30,0.00,2.37,42.86,10.28,118.84,0.00,0.00,17.07,13.55,1
19.06,28.36,31.51,168.68,45.63,261.36,30.37,19.60,0.00,40.16,1
11.13,36.29,116.71,421.85,25.51,320.92,87.68,0.00,0.00,43.68,1
10.20,15.14,29.10,222.42,0.00,189.54,20.53,9.14,0.00,42.09,1
14.74,0.00,2.70,113.34,0.00,133.49,0.00,6.73,21.11,0.00,1
25.74,0.00,9.23,333.69,0.00,338.49,13.76,15.03,4.58,0.00,1
3.98,14.31,15.19,91.77,0.67,77.09,0.00,23.11,5.39,14.21,1
12.68,25.09,63.55,307.37,49.70,332.92,23.73,0.00,23.91,23.26,1
34.02,0.00,0.00,201.97,25.24,189.38,0.00,0.00,0.00,3.38,1
4.63,0.00,3.85,40.68,5.28,62.66,3.64,3.26,0.00,5.65,1
0.00,15.27,185.88,275.38,76.28,428.82,60.18,0.00,0.00,73.91,1
2.49,47.02,0.00,173.16,4.41,294.27,71.75,0.00,21.56,24.72,1
6.04,4.68,29.09,239.61,40.85,202.86,27.04,0.00,33.66,39.89,1
0.00,0.00,0.00,196.66,0.00,203.41,20.18,14.06,0.00,41.95,1
0.00,50.44,13.70,278.60,25.35,186.71,32.12,51.28,18.19,0.00,1
5.94,23.14,0.00,231.52,0.00,422.10,0.00,0.00,0.00,80.73,1
0.00,1.89,41.80,174.14,32.77,208.01,20.24,0.00,0.00,22.66,1
7.31,18.80,0.00,82.84,0.83,57.14,7.49,0.00,4.20,11.78,1
2.50,0.00,31.53,300.30,9.97,247.94,42.01,0.00,0.00,0.00,1
22.21,7.01,21.35,67.14,10.68,88.91,0.00,6.20,0.00,1.81,1
18.04,0.00,32.39,288.64,53.21,211.10,34.22,17.45,6.40,19.13,1
3.77,6.75,20.65,344.30,8.13,322.47,0.00,15.16,0.00,53.96,1
20.33,0.00,20.35,167.40,65.35,200.96,20.60,0.00,18.56,8.21,1
0.00,0.00,50.47,364.70,19.58,610.41,14.35,43.11,108.95,0.00,1
15.79,0.00,96.59,314.93,7.79,532.49,81.62,0.00,5.08,79.90,1
0.00,49.58,28.34,240.11,81.44,423.99,19.47,0.00,14.01,3.91,1
0.00,0.00,67.50,335.98,0.00,333.24,81.84,0.00,41.94,11.32,1
0.00,0.00,0.00,359.90,43.62,373.51,87.06,1.08,56.22,36.58,1
0.00,15.97,0.00,56.35,6.55,65.10,5.22,3.85,11.45,0.00,1
0.00,2.63,0.00,76.77,0.00,82.84,0.00,0.00,0.00,19.56,1
11.70,0.00,0.82,315.70,70.09,316.05,36.36,0.00,12.24,0.00,1
14.64,8.77,0.00,133.06,16.26,106.08,0.45,0.00,6.11,5.81,1
44.27,12.91,22.94,136.91,21.80,121.04,0.00,18.93,0.00,16.81,1
59.08,18.83,52.58,226.60,44.50,180.06,16.30,29.54,4.23,39.80,1
0.00,6.25,21.05,262.79,59.46,340.39,0.00,59.09,52.70,25.55,1
12.60,0.00,31.53,221.39,0.00,339.89,8.41,0.00,15.64,0.00,1
14.35,13.40,10.65,82.45,10.59,57.98,3.29,6.08,0.00,1.39,1
19.25,5.97,15.19,132.80,45.60,182.54,4.29,0.00,26.25,0.00,1
0.00,60.74,6.00,272.48,76.94,368.52,0.00,0.00,22.42,71.43,1
0.00,16.39,50.59,148.07,2.90,220.94,70.83,2.01,0.00,0.00,1
91.93,0.00,0.00,275.37,90.80,566.63,114.25,41.62,57.91,8.61,1
38.28,9.15,18.55,204.19,34.37,305.41,0.00,0.00,0.00,28.81,1
0.00,0.00,0.00,432.36,38.74,431.36,86.17,0.00,0.00,99.85,1
0.00,0.00,4.95,69.74,2.47,72.86,2.71,0.00,1.03,4.56,1
21.56,29.20,44.63,280.56,37.75,345.65,0.00,0.00,79.20,61.40,1
21.10,3.33,9.75,182.02,0.00,208.71,2.26,0.00,6.71,9.92,1
35.76,51.14,45.63,291.55,0.00,165.14,8.62,29.85,26.26,30.94,1
93.06,0.00,64.87,301.79,37.42,390.39,14.94,25.01,17.17,68.69,1
3.19,14.40,23.82,145.48,3.44,115.85,3.53,7.45,5.36,0.04,1
0.00,4.08,0.00,379.02,96.66,305.38,39.07,0.00,4.92,19.95,1
7.55,4.29,0.00,105.90,7.82,182.04,0.00,0.00,0.00,7.44,1
0.00,55.47,0.00,376.66,27.82,357.95,11.76,0.00,11.95,0.00,1
25.62,61.77,25.02,314.33,0.00,338.59,28.14,50.79,37.41,1.49,1
57.50,42.87,107.19,424.70,94.48,322.44,0.00,0.00,30.08,2.17,1
8.86,3.01,9.00,74.33,0.00,54.68,5.09,0.76,0.00,11.77,1
37.64,37.28,48.05,214.00,24.72,344.60,0.00,0.00,15.31,0.00,1
13.09,0.00,9.21,119.46,16.07,132.04,0.00,0.00,0.00,12.96,1
6.23,1.71,22.15,144.58,23.21,95.54,5.15,0.00,4.82,20.04,1
0.00,2.12,54.64,340.86,77.44,359.35,0.00,43.78,0.00,7.21,1
0.00,9.26,8.75,76.31,14.79,174.68,17.14,0.00,12.82,1.94,1
36.34,0.00,61.25,197.33,36.26,323.17,0.00,0.64,9.74,0.00,1
0.00,23.12,117.40,369.61,131.41,527.02,0.00,0.00,12.58,0.00,1
19.30,16.78,33.29,185.62,9.73,189.52,6.60,0.00,0.00,33.14,1
9.84,19.36,3.50,172.52,21.68,120.58,0.00,4.54,10.54,0.00,1
21.55,0.00,5.91,169.24,0.00,160.39,0.00,18.57,19.20,26.89,1
57.49,6.20,3.63,156.51,9.03,137.32,55.78,4.05,0.00,4.19,1
15.02,43.41,16.64,252.05,33.47,289.68,30.96,0.00,53.70,0.00,1
0.00,36.55,11.51,183.80,0.00,167.95,0.00,0.00,0.00,25.13,1
0.00,0.00,5.22,184.20,35.99,283.30,7.94,50.32,0.00,0.00,1
9.38,28.37,12.63,221.73,4.11,176.53,0.00,0.00,0.00,23.67,1
0.00,0.00,13.53,120.26,8.68,215.54,18.42,49.37,4.08,0.00,1
0.00,0.00,8.98,114.34,4.45,226.13,0.00,0.00,19.47,24.51,1
3.80,0.00,51.88,120.13,5.22,325.79,1.48,31.67,0.00,14.31,1
0.00,0.00,0.00,348.42,0.00,501.57,0.00,24.40,15.53,64.20,1
22.99,0.00,0.00,131.63,0.00,202.68,0.00,1.17,5.82,1.01,1
25.12,0.00,41.85,221.25,12.09,125.62,0.00,12.73,34.14,0.00,1
50.27,12.82,5.76,133.73,13.03,163.54,0.00,37.52,0.00,25.35,1
6.06,13.21,11.42,29.30,3.53,62.01,4.89,0.00,7.62,0.26,1
13.13,26.33,38.65,163.70,45.38,219.66,27.44,29.87,47.98,0.00,1
14.09,0.00,10.27,43.30,0.00,73.85,0.00,6.47,0.00,0.29,1
0.00,0.00,11.59,67.38,14.15,83.57,20.91,0.00,0.00,0.00,1
123.42,44.18,43.78,362.69,36.28,355.75,13.98,0.00,0.00,54.27,1
44.20,0.00,20.81,349.53,53.16,582.12,17.77,119.08,0.00,45.35,1
0.00,29.17,0.00,95.49,22.14,147.58,0.00,0.00,20.93,4.09,1
1.33,0.00,7.98,49.68,14.72,48.76,9.87,1.01,7.03,0.00,1
31.33,30.23,0.00,286.89,13.55,435.43,49.14,41.33,4.90,21.60,1
1.59,4.56,7.19,30.30,15.40,50.24,1.88,2.09,7.46,5.91,1
0.00,10.40,0.00,101.14,7.74,107.37,1.83,0.71,0.36,0.00,1
30.10,0.00,42.08,181.98,16.44,219.75,47.78,0.00,0.00,0.00,1
3.59,6.68,13.08,156.10,34.36,146.53,0.00,4.42,0.00,0.00,1
1.47,5.18,16.04,51.99,5.75,97.50,0.46,9.05,6.78,8.41,1
32.47,2.97,16.81,178.29,14.45,296.02,66.43,0.00,0.00,0.00,1
15.45,46.37,0.00,275.34,6.68,244.31,30.27,0.00,0.00,29.14,1
3.71,11.62,50.21,169.75,81.74,469.00,46.94,0.00,53.94,0.00,1
40.28,0.00,64.44,197.41,61.82,324.70,46.82,0.00,2.26,16.76,1
92.78,19.07,23.13,275.89,38.99,334.03,0.00,45.99,16.77,0.00,1
0.00,33.26,75.54,448.41,72.14,331.79,10.52,0.00,55.83,0.00,1
6.77,104.19,49.62,433.54,2.13,571.76,7.22,31.32,115.46,46.05,1
1.21,0.00,65.53,337.80,63.28,404.66,39.90,9.06,0.00,2.42,1
0.76,0.00,1.64,96.24,12.38,108.69,12.26,0.00,0.00,12.86,1
0.00,40.65,22.68,382.06,19.24,408.68,63.31,7.48,14.51,8.20,1
36.66,0.00,14.33,215.01,0.00,191.60,0.00,1.65,47.24,0.00,1
61.68,0.00,7.14,243.78,32.43,297.69,0.00,40.24,0.00,32.42,1
0.00,84.38,32.27,322.85,28.59,373.28,100.30,39.00,12.24,0.00,1
11.83,59.55,27.56,223.44,0.00,434.67,1.83,0.00,0.00,17.18,1
11.98,4.56,43.58,189.00,14.33,144.76,0.00,0.00,11.87,31.59,1
6.10,8.77,61.26,170.04,9.49,139.92,3.08,0.00,0.00,9.98,1
0.00,14.91,29.41,170.27,31.71,209.06,0.00,0.00,29.39,5.45,1
10.83,0.00,4.80,80.22,16.29,68.92,0.00,0.00,0.00,5.76,1
21.18,0.00,0.00,478.03,28.26,390.64,25.60,0.00,13.01,0.00,1
15.81,21.34,0.00,123.27,0.40,92.02,0.00,5.88,29.73,0.00,1
9.26,6.37,5.95,55.78,17.62,63.73,3.91,8.96,0.00,1.89,1
24.65,90.87,0.00,560.29,28.86,457.35,36.56,0.00,0.14,0.00,1
26.74,15.20,33.78,186.87,22.24,266.34,5.69,0.00,0.00,7.72,1
0.00,15.37,19.88,116.72,28.23,96.65,3.93,20.30,0.00,13.48,1
0.00,0.00,26.49,275.74,51.29,376.75,29.21,24.64,25.48,22.39,1
0.00,89.38,14.77,219.57,0.00,299.52,72.56,0.00,13.89,19.80,1
0.00,47.06,16.40,82.19,42.11,167.60,12.75,0.00,7.39,0.00,1
0.00,75.45,24.24,349.41,0.00,604.39,0.00,0.00,57.13,0.00,1
25.56,20.73,40.40,128.77,17.03,241.07,3.67,0.00,0.00,27.11,1
10.10,15.49,0.00,89.90,0.00,199.58,14.69,1.53,0.00,6.48,1
29.77,0.00,35.02,155.32,39.20,336.93,43.44,17.65,0.00,18.58,1
16.50,0.00,67.01,148.04,42.81,390.26,0.00,29.70,90.23,55.84,1
0.00,0.00,0.00,227.10,0.00,380.85,46.17,0.00,44.91,0.00,1
36.99,12.82,22.17,243.16,33.02,197.17,0.00,17.73,1.89,15.88,1
9.41,24.09,41.50,185.82,49.04,185.76,25.93,16.45,0.00,0.00,1
0.00,8.99,116.74,240.22,143.50,518.98,0.00,0.00,0.00,0.00,1
8.66,37.84,7.91,186.99,0.00,122.42,2.32,0.00,0.00,2.11,1
54.07,63.67,51.62,291.21,23.74,277.85,71.37,8.50,73.49,54.32,1
6.39,0.00,28.96,153.75,8.39,227.48,0.00,0.00,7.41,0.00,1
0.00,0.00,2.81,43.34,0.00,59.21,11.33,0.00,2.02,9.67,1
40.89,44.39,18.05,424.99,22.51,642.89,0.00,0.00,79.36,30.88,1
0.00,55.31,11.75,327.58,41.84,250.09,0.00,0.00,0.00,0.00,1
4.11,0.00,0.00,286.66,21.81,443.75,32.55,0.00,0.00,48.22,1
6.38,3.71,41.03,326.67,26.89,375.25,24.88,0.00,45.29,31.04,1
10.61,15.52,18.66,93.15,8.52,70.07,0.84,1.24,12.06,0.00,1
40.68,15.48,32.76,198.36,0.00,262.35,0.00,0.00,23.93,0.00,1
17.59,39.48,65.95,344.39,33.09,421.15,59.88,0.00,26.08,0.00,1
12.77,2.56,22.80,93.03,32.99,194.15,9.06,0.20,10.49,0.00,1
40.10,63.12,0.00,301.30,70.08,335.85,0.51,0.00,53.94,18.44,1
0.00,99.64,66.47,541.34,76.30,286.82,87.85,28.24,0.00,80.63,1
15.00,0.00,17.15,148.73,2.71,296.74,38.86,7.07,14.88,28.80,1
7.81,20.77,77.01,176.11,44.95,171.70,23.64,16.72,15.70,22.38,1
42.92,0.00,0.00,259.54,27.50,340.40,19.89,0.00,38.66,11.82,1
73.04,30.42,75.36,248.91,0.00,431.59,53.15,0.00,72.06,0.00,1
17.37,0.00,151.48,272.80,41.61,249.29,11.44,37.49,46.39,17.30,1
4.40,1.87,11.71,43.18,2.78,67.84,0.77,0.00,8.59,5.08,1
26.79,0.00,25.20,92.50,36.43,150.96,11.58,0.00,18.64,20.29,1
9.90,0.00,9.67,62.85,25.02,145.16,21.06,0.00,6.19,11.71,1
12.12,0.00,0.00,148.61,18.26,130.39,7.87,3.64,33.68,14.05,1
8.96,7.93,11.89,52.90,6.80,80.92,8.72,6.29,0.00,15.50,1
56.72,31.97,39.24,214.52,10.19,442.10,70.35,102.22,0.00,0.00,1
23.03,0.00,32.11,188.57,13.66,122.02,0.91,0.00,8.42,26.35,1
32.27,33.64,35.57,195.03,15.88,398.80,0.00,27.54,21.80,16.66,1
0.00,14.88,22.23,93.86,22.42,119.13,20.09,11.54,18.93,8.69,1
1.42,27.51,18.85,161.36,49.88,277.58,44.42,47.33,63.81,3.24,1
8.19,0.59,10.80,34.48,10.13,57.29,8.19,0.00,0.00,0.00,1
0.00,0.00,25.28,98.86,10.06,74.58,3.49,0.78,4.97,5.73,1
82.96,0.00,0.00,587.08,10.47,407.88,0.00,14.50,56.48,0.00,1
0.00,5.53,24.34,150.49,19.57,226.96,38.70,7.61,15.92,9.36,1
54.98,0.00,36.26,232.45,45.60,345.23,9.26,41.41,0.00,13.02,1
15.18,23.14,0.00,131.20,27.25,186.32,0.00,0.00,27.26,2.73,1
1.22,28.22,2.43,250.13,11.69,147.44,0.00,6.59,36.30,0.00,1
43.76,48.01,59.63,282.20,0.00,201.74,32.90,49.05,16.77,3.53,1
8.71,36.47,12.13,198.92,56.36,450.97,0.00,0.00,0.00,32.02,1
14.16,0.00,19.43,491.77,0.00,586.44,69.41,111.12,23.92,0.00,1
41.12,98.33,0.00,302.68,61.74,490.93,6.49,13.10,103.25,0.00,1
18.25,14.45,24.59,416.52,14.37,375.04,125.63,23.95,36.00,1.45,1
0.00,59.17,10.67,342.10,44.59,227.33,0.00,5.82,8.92,0.00,1
42.43,32.92,48.89,196.43,55.97,241.09,27.83,22.71,27.67,1.43,1
0.00,27.15,22.20,100.67,23.13,118.49,0.49,6.39,0.00,16.16,1
11.39,17.33,10.09,153.45,26.05,154.78,0.00,14.76,12.02,6.07,1
7.61,0.00,43.65,182.97,42.96,284.14,13.12,31.03,16.50,42.37,1
29.27,7.40,61.26,199.46,36.76,156.91,32.21,4.52,26.30,0.29,1
27.29,3.25,8.49,118.57,46.29,241.62,0.00,17.80,19.56,23.28,1
65.45,49.20,82.93,297.13,78.43,630.84,54.25,0.00,0.00,0.00,1
0.00,0.00,17.75,231.24,15.33,208.20,20.40,48.66,0.00,40.93,1
0.00,102.92,13.33,175.44,7.17,314.39,0.00,38.40,25.12,0.00,1
5.62,8.41,22.70,109.03,12.40,192.70,24.07,11.33,0.00,0.00,1
0.00,51.97,64.14,358.38,58.17,270.67,45.38,0.00,81.10,18.45,1
6.27,0.00,16.34,163.46,0.00,158.27,0.00,24.38,12.17,0.00,1
3.86,29.56,27.36,166.74,0.00,125.12,18.43,0.00,4.62,0.00,1
52.28,0.00,33.85,401.03,121.83,312.50,96.44,12.92,48.51,44.25,1
0.00,3.01,57.25,386.97,15.69,572.67,20.04,0.00,25.21,51.93,1
18.33,22.59,0.00,153.91,25.81,116.95,23.71,5.08,34.03,17.91,1
0.00,0.00,65.40,236.80,29.50,352.38,37.79,45.05,10.07,23.14,1
13.49,0.00,0.00,133.66,34.30,262.83,6.99,9.22,33.47,0.00,1
0.00,9.27,9.74,54.28,4.16,73.30,2.43,0.94,9.93,10.34,1
38.26,66.99,38.82,328.98,25.36,253.96,0.00,37.31,21.15,19.05,1
1.23,0.00,5.37,116.09,2.77,260.35,0.00,27.65,58.61,5.92,1
8.28,0.00,4.17,134.27,28.66,73.81,0.00,0.00,13.50,16.40,1
1.45,0.00,23.79,277.10,0.00,353.83,27.94,0.00,0.00,40.42,1
26.21,19.21,126.07,430.07,0.00,456.50,114.28,0.00,50.93,0.00,1
14.91,18.71,4.69,220.82,30.79,317.34,4.53,0.00,48.91,43.20,1
0.00,6.65,46.82,175.51,35.56,354.94,34.96,0.00,0.00,9.74,1
40.30,10.29,23.81,143.40,75.11,250.82,0.00,17.70,0.00,21.48,1
0.00,0.00,4.50,581.27,67.24,436.78,34.17,52.98,34.60,95.49,1
55.74,133.95,40.73,263.46,1.69,490.66,69.63,48.97,30.21,0.00,1
2.90,0.00,65.20,406.10,57.22,266.54,5.99,34.47,0.00,46.87,1
38.46,0.00,53.50,234.99,7.22,470.23,93.14,31.01,0.00,2.43,1
11.75,0.00,36.85,145.34,34.00,178.46,4.99,0.00,30.53,0.00,1
2.74,0.00,10.96,131.94,12.52,95.31,5.97,3.91,14.91,6.40,1
46.74,23.96,0.00,184.43,0.00,320.42,0.00,20.98,29.57,26.58,1
38.20,0.00,87.88,277.06,20.96,512.06,106.10,0.00,68.89,0.00,1
27.59,50.18,0.00,154.36,0.00,225.47,32.59,23.93,28.37,28.66,1
68.75,6.18,26.22,231.78,20.98,444.37,0.00,53.13,63.93,0.00,1
5.05,12.83,0.00,44.16,27.13,72.43,8.67,0.00,1.40,6.11,1
14.96,9.60,161.99,492.45,14.69,502.70,26.38,0.00,0.00,112.74,1
89.05,91.20,26.73,449.44,123.50,387.23,105.42,0.00,31.99,46.54,1
20.33,41.62,43.38,202.87,20.89,150.98,19.39,0.00,0.00,34.36,1
10.46,30.45,69.87,106.56,14.17,186.69,0.00,15.01,0.00,16.26,1
22.21,0.00,43.90,219.86,37.94,250.92,27.56,31.51,3.99,3.10,1
5.96,21.08,18.45,123.18,0.00,188.40,1.25,13.49,8.08,15.23,1
24.36,4.08,7.88,81.47,17.78,120.05,0.91,13.20,15.01,1.40,1
45.44,0.00,41.56,406.82,62.60,349.35,59.63,0.00,5.78,86.53,1
10.81,0.00,0.00,97.47,3.52,87.96,18.91,1.81,0.00,17.92,1
15.05,19.66,26.24,173.01,16.79,143.46,0.00,0.00,37.38,0.00,1
60.63,0.57,3.81,264.11,137.46,472.16,128.00,0.00,54.15,0.00,1
0.00,0.00,64.77,222.98,10.55,438.89,0.00,8.63,0.00,17.84,1
0.00,3.66,7.82,56.46,10.86,84.24,4.34,0.00,19.62,4.80,1
23.74,0.00,26.35,196.60,51.16,388.53,33.80,0.00,25.13,16.08,1
93.94,19.56,54.51,396.67,0.00,558.25,0.00,0.00,84.71,0.00,1
0.00,0.00,37.22,170.78,5.84,183.11,15.11,11.32,6.22,34.81,1
0.00,23.04,50.25,123.83,47.53,211.09,0.00,0.14,37.17,0.00,1
0.00,6.98,22.22,137.91,0.00,172.31,2.44,9.64,0.00,9.14,1
0.00,0.00,99.41,327.91,21.85,413.90,0.00,78.05,35.65,59.38,1
11.62,5.60,1.41,54.37,0.00,93.12,0.00,0.91,9.76,0.00,1
86.58,0.00,56.87,337.56,57.72,492.60,2.61,19.11,30.63,60.61,1
3.87,30.32,9.79,219.24,0.00,228.70,26.50,0.00,11.83,28.61,1
0.00,45.17,0.00,446.64,46.95,367.37,0.00,0.00,138.71,50.32,1
0.00,22.32,81.94,316.54,4.99,434.88,66.80,0.00,91.78,0.00,1
0.00,7.41,3.35,54.71,8.01,83.50,0.00,0.32,2.02,7.90,1
11.66,0.00,17.54,81.38,27.26,128.50,8.90,2.62,4.77,0.00,1
5.65,8.14,6.65,58.76,14.40,113.70,10.13,19.79,0.00,0.00,1
66.42,0.00,16.85,382.32,34.28,346.15,35.63,0.00,28.95,0.00,1
0.00,0.00,57.98,462.28,76.79,408.85,0.00,7.91,0.00,0.00,1
0.00,1.72,0.00,341.34,0.00,279.23,42.64,10.31,52.42,72.37,1
9.90,0.00,6.44,40.60,5.49,76.07,10.43,0.00,7.57,0.00,1
0.00,16.32,5.08,165.24,17.53,113.88,5.18,0.00,1.51,12.66,1
0.00,0.00,0.00,230.56,14.76,418.03,6.48,0.00,0.00,11.16,1
27.66,37.04,67.09,274.42,23.42,424.66,51.51,0.87,0.00,20.13,1
12.30,0.00,19.62,135.07,12.13,176.72,3.51,4.29,30.22,20.31,1
3.36,0.89,9.87,108.41,18.44,124.70,25.80,0.00,6.79,22.90,1
37.91,0.00,0.00,297.80,18.56,530.67,50.76,37.93,46.47,0.00,1
78.67,54.84,0.39,275.49,0.00,553.10,6.01,41.92,0.00,0.00,1
64.05,24.85,100.44,280.63,30.34,485.50,0.00,0.00,26.93,0.00,1
0.00,0.00,64.79,344.99,0.00,421.13,24.60,38.57,15.91,0.00,1
17.75,14.35,27.03,88.07,13.34,58.74,7.70,0.90,0.00,2.12,1
8.67,16.04,16.80,166.77,0.00,298.89,0.00,4.05,0.00,0.00,1
30.33,0.00,37.88,426.78,93.11,356.64,0.00,37.92,57.60,33.40,1
47.43,20.65,84.96,279.18,137.09,431.77,0.00,11.68,56.71,43.93,1
30.77,32.02,53.08,223.22,33.55,249.31,20.60,27.81,0.00,36.08,1
0.00,30.90,0.00,180.96,9.96,259.85,56.07,11.70,11.66,0.00,1
18.62,2.28,0.00,314.47,21.51,189.88,12.10,0.00,0.00,17.79,1
3.60,0.52,7.95,110.47,0.64,192.55,0.39,5.99,0.00,13.57,1
96.51,0.00,0.00,403.74,0.00,478.32,62.46,0.00,102.07,12.55,1
17.11,25.51,0.00,288.87,41.96,252.27,41.01,0.00,18.84,19.19,1
7.52,36.94,65.03,545.12,53.91,400.14,24.88,49.14,0.00,117.71,1
62.94,0.00,128.82,493.57,58.20,448.81,62.59,61.41,67.72,29.58,1
0.00,0.00,0.00,322.03,1.20,507.18,45.47,0.00,120.36,119.71,1
0.00,4.10,13.21,42.74,19.90,77.32,5.43,8.79,0.33,10.21,1
0.00,6.06,34.49,172.93,21.92,292.22,2.69,13.06,29.79,22.96,1
2.89,5.53,2.59,91.15,8.08,141.13,9.74,0.00,0.23,10.65,1
24.07,35.40,91.52,382.36,15.42,330.14,55.34,48.27,12.98,0.00,1
0.00,7.37,26.88,394.32,46.89,540.61,79.26,0.00,0.00,12.56,1
0.00,3.80,4.68,54.37,18.01,48.79,18.09,6.44,0.00,9.63,1
22.28,42.96,56.61,336.72,62.53,423.30,60.58,0.00,0.00,7.47,1
0.00,68.29,79.70,469.26,144.40,354.23,16.01,0.00,43.03,0.00,1
6.44,7.25,2.84,94.16,24.18,77.11,16.30,0.00,7.52,3.02,1
0.00,5.94,21.77,289.14,16.25,150.45,42.41,13.96,0.00,16.00,1
9.41,0.00,1.79,262.56,30.01,500.98,20.77,9.61,44.54,90.05,1
0.00,6.30,75.98,302.14,39.39,725.40,9.63,0.00,0.00,44.38,1
10.03,0.00,9.05,173.47,2.87,244.27,30.07,33.27,5.69,21.05,1
0.56,36.05,34.12,113.18,16.72,274.93,25.94,0.00,32.16,0.00,1
10.10,0.00,5.35,202.05,13.89,203.99,31.30,0.00,8.15,0.00,1
0.00,65.46,15.24,324.58,74.41,255.38,20.95,0.00,0.00,20.67,1
9.46,34.01,36.87,258.70,26.79,198.52,0.00,0.00,24.03,11.71,1
40.83,0.00,26.27,366.46,69.89,432.70,20.05,48.28,60.62,0.00,1
0.00,0.00,126.75,392.91,81.25,696.94,0.00,81.13,0.00,19.52,1
84.15,0.00,0.00,473.30,63.96,488.61,111.74,15.67,29.61,42.54,1
71.72,4.79,23.08,355.22,26.58,238.95,87.17,0.00,22.38,8.69,1
6.77,27.85,23.20,239.42,39.24,236.28,69.61,0.00,0.00,5.50,1
0.00,0.00,70.76,271.55,10.90,182.88,0.00,19.79,0.00,19.76,1
34.21,0.00,71.23,432.41,48.37,504.42,0.00,18.17,37.65,121.75,1
0.00,48.09,62.44,360.60,66.11,237.31,0.00,0.00,88.02,50.28,1
9.17,8.14,0.12,40.74,4.73,78.93,0.90,7.64,4.03,10.21,1
0.00,0.00,47.77,296.74,93.01,472.97,75.60,13.51,0.00,0.00,1
48.41,0.00,12.81,186.49,64.74,411.01,0.00,31.90,30.54,52.20,1
33.24,31.64,93.59,436.34,47.90,372.45,69.05,36.29,0.00,67.63,1
0.00,0.00,36.19,456.29,107.19,368.12,8.98,0.00,0.00,5.24,1
58.58,6.66,0.00,344.26,2.51,407.10,0.00,21.24,14.93,13.51,1
0.00,13.33,12.79,174.82,22.28,167.13,10.17,8.78,20.60,0.00,1
8.05,44.86,3.76,267.57,0.00,160.18,0.00,3.26,0.00,0.01,1
30.48,10.76,0.00,204.05,0.00,322.34,44.42,0.00,25.43,24.38,1
20.54,16.75,2.31,81.85,0.00,150.62,24.98,10.69,18.77,0.47,1
0.00,17.09,0.00,168.99,13.98,181.98,30.25,0.00,18.58,14.21,1
27.41,15.38,56.15,197.50,46.74,440.62,77.10,12.91,0.37,112.84,1
0.00,9.83,21.05,95.95,33.20,143.61,26.77,0.00,0.00,6.36,1
0.00,5.76,17.66,211.54,6.27,264.71,19.89,0.00,0.00,16.03,1
35.44,15.18,19.53,121.96,32.23,387.33,0.00,11.91,50.02,0.00,1
112.96,45.42,79.46,388.03,62.71,446.97,88.02,36.05,0.00,29.64,1
9.49,4.64,0.00,89.45,14.69,79.49,15.95,0.00,0.00,12.84,1
69.30,24.57,17.84,196.83,65.79,393.36,0.00,0.00,28.38,35.65,1
29.69,5.20,0.21,158.80,12.94,97.94,5.63,9.08,10.36,15.22,1
5.05,1.22,21.36,207.34,16.84,372.94,0.00,7.90,20.43,20.30,1
0.00,2.39,7.61,43.97,17.52,82.03,18.81,13.04,0.00,0.00,1
15.66,40.18,7.71,292.14,0.00,347.18,7.62,13.19,53.08,0.00,1
0.00,0.00,8.28,46.97,5.83,54.38,5.23,2.69,0.00,0.00,1
112.57,0.00,9.81,217.45,14.11,527.79,7.37,23.15,31.40,73.46,1
1.82,7.72,0.96,73.16,27.80,149.38,34.08,12.66,11.15,3.51,1
0.00,0.00,17.97,82.77,12.95,98.04,14.88,3.70,0.00,11.17,1
1.61,13.47,0.00,99.75,0.00,76.10,10.23,7.68,1.67,1.63,1
0.00,0.00,30.38,103.53,20.73,283.42,25.25,16.02,18.11,3.66,1
1.80,10.95,26.27,191.22,0.00,135.00,15.90,0.00,13.36,0.00,1
2.38,0.00,34.88,125.89,0.00,129.44,18.48,16.93,6.12,0.00,1
0.00,55.95,21.84,167.72,90.69,343.83,38.72,41.07,6.60,23.62,1
0.00,7.36,38.98,139.62,13.93,126.31,11.83,0.00,22.34,10.58,1
2.68,60.14,66.46,444.35,0.00,419.50,56.59,10.82,0.00,59.39,1
0.00,17.80,22.75,243.49,37.36,274.95,10.29,22.40,21.39,19.29,1
25.93,37.20,32.38,141.06,0.00,266.17,19.94,0.00,21.56,0.00,1
0.00,5.94,2.80,227.80,25.11,200.93,25.95,0.00,47.35,36.23,1
50.34,70.24,37.51,479.02,50.06,522.82,27.05,38.59,0.00,0.00,1
0.00,1.85,58.68,197.40,42.03,261.81,0.00,13.65,9.16,0.00,1
14.03,37.68,23.54,92.20,23.66,102.08,6.53,0.00,0.00,13.82,1
0.00,0.00,33.40,198.45,60.18,435.18,0.00,9.07,0.00,19.61,1
0.00,0.00,35.67,188.05,8.73,357.92,43.09,33.01,15.64,40.08,1
13.99,10.87,5.25,176.82,0.00,164.23,54.07,5.51,0.00,0.00,1
45.53,10.54,31.54,406.41,23.56,250.90,8.86,30.92,0.00,33.12,1
5.37,0.00,23.70,83.92,11.04,84.42,6.57,0.00,0.25,9.99,1
18.83,25.92,18.22,278.64,41.08,301.79,69.51,0.00,0.00,30.69,1
11.24,9.22,0.00,137.40,10.47,139.79,3.70,9.38,12.20,3.00,1
25.69,23.46,28.03,169.20,73.36,403.59,0.00,1.65,0.00,43.19,1
35.98,77.16,49.37,287.70,96.48,454.74,0.00,11.12,0.00,0.00,1
0.00,0.00,13.52,360.80,13.41,373.86,0.00,5.58,4.81,47.95,1
0.00,7.70,1.38,73.23,8.55,57.04,4.19,11.96,6.69,5.45,1
9.63,11.69,0.00,90.04,12.12,155.39,4.44,8.03,0.00,7.49,1
31.64,0.00,17.78,143.47,25.36,325.30,0.00,0.00,17.38,30.80,1
6.15,0.00,12.04,136.22,56.72,62.87,39.54,0.00,0.00,0.00,1
19.98,11.55,25.34,310.80,73.27,272.78,0.00,18.55,6.73,0.00,1
2.15,21.47,33.37,194.59,0.00,188.61,19.30,21.20,0.00,68.87,1
0.79,5.94,12.30,62.66,0.00,52.66,4.04,0.00,0.00,4.38,1
4.76,0.62,0.00,111.18,0.00,102.50,13.98,0.64,22.77,0.50,1
26.09,30.51,10.84,100.66,14.82,150.22,0.00,0.00,11.22,14.27,1
10.51,0.00,37.56,120.47,27.66,172.30,0.00,0.00,27.34,39.56,1
76.43,23.73,4.20,434.68,0.00,432.78,61.43,19.90,58.12,0.00,1
5.06,8.92,0.00,84.79,8.39,63.56,4.03,2.36,5.53,1.07,1
0.00,47.40,12.04,449.53,68.39,270.70,101.08,24.40,24.76,36.43,1
4.57,0.00,0.00,134.66,0.00,148.91,7.54,0.00,1.62,0.00,1
0.00,0.00,12.02,56.71,0.00,88.14,0.00,0.00,5.52,0.00,1
4.35,0.00,6.81,65.28,0.00,49.73,0.00,0.00,7.58,0.00,1
9.96,0.00,27.75,106.60,22.73,171.28,5.35,0.00,0.00,26.90,1
3.34,0.00,0.00,75.27,17.79,57.88,4.93,9.76,6.54,0.57,1
9.36,7.39,0.00,109.03,5.12,88.79,0.00,13.76,14.30,0.32,1
3.05,6.64,7.23,65.69,8.07,51.36,1.15,0.00,0.00,2.72,1
87.45,0.00,162.56,224.49,90.41,652.23,0.00,0.65,29.48,0.00,1
32.77,0.00,91.92,493.58,55.24,430.91,54.67,10.84,1.67,29.28,1
49.65,17.03,27.96,279.59,0.00,203.69,51.06,8.49,0.54,16.94,1
18.61,0.00,0.00,87.17,31.33,213.64,24.33,0.00,5.09,0.00,1
0.00,0.00,12.95,266.43,0.00,311.55,26.83,0.00,33.01,3.14,1
15.41,10.00,31.07,442.59,47.43,294.02,0.00,28.89,23.99,0.00,1
3.99,40.15,20.36,138.19,18.14,107.15,11.35,0.00,3.77,13.80,1
8.08,0.00,0.00,108.50,28.45,149.88,24.81,31.93,17.83,7.06,1
0.00,36.47,78.27,284.49,30.38,369.03,0.00,8.58,22.91,11.93,1
112.14,0.00,1.49,189.64,48.94,542.84,45.33,46.75,0.00,0.00,1
18.67,0.00,36.45,181.07,44.27,346.40,49.41,0.00,0.00,60.30,1
26.47,59.32,35.15,220.60,20.45,283.34,0.00,43.18,0.00,7.96,1
41.26,35.54,51.65,303.51,34.19,328.49,10.62,52.78,29.67,57.58,1
0.00,3.61,0.00,177.58,53.77,425.14,39.63,45.26,36.31,10.37,1
3.53,0.11,5.43,64.95,0.00,121.55,33.40,0.00,6.90,0.00,1
0.00,0.00,0.00,314.80,62.80,318.27,19.70,0.00,46.25,11.19,1
33.59,24.56,38.43,105.02,25.85,304.54,32.07,0.00,7.88,0.00,1
12.52,22.47,8.88,114.94,33.01,155.14,20.62,3.44,1.73,16.18,1
3.16,18.53,32.71,163.49,0.00,116.22,0.00,12.68,17.48,0.00,1
6.52,11.41,21.58,109.49,19.23,156.09,0.00,0.00,4.44,0.00,1
14.15,8.98,8.34,57.02,10.62,68.73,0.66,1.56,10.00,14.08,1
0.00,0.00,72.96,374.90,62.21,479.80,62.99,46.00,35.55,19.49,1
16.95,29.99,11.38,102.13,13.98,219.26,13.69,0.00,0.00,2.77,1
9.06,0.00,4.10,102.00,1.03,102.16,0.00,11.97,0.00,22.92,1
9.28,59.33,0.00,440.58,37.03,460.30,44.42,6.92,0.00,6.56,1
0.00,0.00,16.55,258.95,0.00,234.64,0.00,0.00,0.00,0.00,1
43.19,20.09,2.88,207.61,2.47,309.50,59.13,5.18,0.00,34.94,1
0.00,34.46,0.00,255.68,0.00,365.46,0.00,0.00,32.04,0.00,1
12.42,14.93,25.09,189.02,0.00,198.89,0.00,0.00,16.77,9.57,1
17.11,0.00,11.64,107.41,16.08,154.26,18.22,0.00,0.00,2.80,1
104.10,92.86,28.28,394.79,57.80,301.30,35.44,0.00,12.58,0.00,1
30.36,6.04,32.07,162.60,0.00,212.50,0.00,0.00,8.77,5.07,1
0.00,12.69,24.81,261.46,59.04,161.86,0.00,16.05,0.52,4.34,1
43.79,0.00,0.00,315.38,4.06,336.96,22.39,24.58,0.00,0.00,1
84.40,40.98,109.82,257.58,76.91,443.48,0.00,23.27,24.61,36.49,1
36.86,75.51,22.09,236.18,73.44,573.36,69.40,0.00,0.00,78.08,1
6.35,8.54,32.65,269.48,0.00,259.96,9.28,10.55,0.00,23.08,1
0.00,20.32,0.00,319.60,30.70,633.66,0.00,39.26,7.11,90.05,1
0.00,70.33,106.85,358.53,85.14,606.01,28.02,0.00,12.50,19.59,1
29.33,0.00,0.00,177.32,19.42,382.77,0.00,0.00,0.00,24.13,1
0.00,81.31,125.01,358.07,52.06,464.58,152.73,0.00,0.00,8.09,1
0.00,0.29,0.00,110.60,8.30,90.22,0.00,0.00,9.40,13.48,1
11.69,14.58,0.00,210.81,0.00,320.62,35.49,68.96,27.79,0.00,1
0.00,0.00,4.25,155.02,36.97,166.45,43.39,22.02,0.00,10.18,1
4.57,0.00,2.86,240.70,25.99,283.24,74.73,10.97,27.37,0.00,1
0.00,78.67,149.03,380.42,69.26,274.08,0.00,46.42,22.28,23.95,1
33.57,37.77,35.72,488.75,110.51,435.15,54.73,0.00,0.00,95.82,1
30.70,22.16,14.78,179.66,65.40,219.61,24.94,13.83,9.56,17.50,1
6.61,0.00,3.39,245.04,51.54,196.24,0.00,0.00,2.59,0.00,1
12.01,22.41,3.60,77.01,13.43,182.26,35.88,6.46,0.00,0.00,1
25.13,30.83,7.78,400.67,41.77,497.00,0.10,0.00,11.67,46.54,1
7.56,21.45,24.46,132.67,24.58,190.66,33.95,0.00,0.00,10.19,1
0.00,3.62,16.29,41.09,7.42,70.88,3.71,7.28,6.34,0.00,1
11.93,64.21,0.00,437.61,21.90,614.18,0.00,0.00,0.00,43.89,1
0.00,21.75,18.58,216.31,68.80,193.72,17.75,0.00,31.66,0.00,1
7.43,0.00,33.77,311.38,49.79,541.27,39.16,42.14,0.00,0.00,1
0.00,63.72,14.37,359.39,48.05,624.12,0.00,3.88,42.15,14.86,1
0.00,0.00,73.48,286.00,69.47,296.69,33.24,36.52,4.10,0.00,1
0.00,61.98,0.00,324.59,7.47,643.35,23.09,120.35,0.00,58.64,1
6.21,8.50,12.51,52.07,16.32,84.90,0.00,3.01,0.88,7.57,1
0.00,14.77,8.26,81.61,3.36,111.89,19.32,20.62,5.70,0.00,1
18.99,2.03,35.64,106.16,29.08,213.47,0.00,0.00,57.68,0.00,1
34.97,0.00,0.00,276.77,22.75,201.83,19.57,0.00,0.20,9.30,1
1.65,0.00,0.00,75.88,0.00,86.92,3.92,0.00,0.00,14.21,1
42.03,14.77,16.62,127.07,2.76,212.62,0.00,0.00,0.00,10.33,1
45.67,49.22,0.00,316.08,7.66,388.26,27.78,0.00,14.73,71.56,1
6.01,0.00,15.54,141.04,25.60,142.82,12.49,17.93,18.32,8.70,1
0.00,0.00,34.36,383.59,61.51,218.95,33.25,0.00,0.00,46.01,1
0.00,0.00,11.79,161.98,29.26,333.33,0.00,1.03,28.04,22.75,1
6.33,14.89,17.61,143.54,0.00,192.51,0.17,10.65,24.75,13.45,1
0.00,0.00,6.59,169.70,35.06,365.76,0.00,36.38,0.00,14.03,1
43.78,83.24,110.21,272.76,28.69,228.85,0.00,0.00,46.50,19.29,1
12.73,74.47,34.09,273.82,15.94,382.38,16.40,43.08,0.00,48.18,1
0.00,0.00,9.64,120.59,19.29,106.52,5.51,5.82,0.00,19.33,1
30.70,69.61,12.15,271.29,69.60,529.64,109.61,49.38,48.76,41.73,1
34.06,17.63,18.87,155.07,31.12,207.81,18.89,0.00,31.34,0.00,1
33.46,0.00,14.89,220.92,32.99,155.09,1.86,9.26,0.00,4.33,1
9.91,0.00,15.18,246.65,0.00,156.25,18.14,0.00,0.00,20.76,1
32.53,45.96,29.46,162.58,31.98,286.40,6.38,21.23,14.83,17.54,1
35.66,67.81,11.96,293.02,0.00,259.97,33.85,78.63,1.73,18.52,1
7.33,0.00,41.00,289.51,36.26,356.33,95.92,0.00,0.00,4.55,1
9.29,34.36,33.40,142.46,43.27,160.82,28.90,0.00,15.34,0.00,1
0.00,39.20,70.44,244.67,38.57,464.84,6.59,0.00,47.29,59.30,1
1.42,0.00,34.58,193.74,22.94,283.29,0.00,27.57,32.37,33.84,1
92.74,34.89,23.21,393.02,0.00,296.01,32.03,42.01,19.10,28.54,1
0.00,52.83,27.76,379.94,92.56,498.83,25.20,0.00,56.29,51.57,1
0.00,0.00,37.69,107.37,66.29,226.23,29.07,37.22,13.60,0.00,1
17.14,5.81,103.28,427.03,0.00,399.52,0.00,47.63,28.44,79.56,1
54.65,13.17,16.43,315.23,35.22,215.86,28.82,4.54,9.67,25.94,1
39.84,25.81,4.47,117.96,37.56,162.95,2.93,5.12,9.64,26.19,1
18.37,2.28,22.00,190.24,49.76,298.92,0.00,6.67,0.00,40.34,1
0.00,6.78,3.88,27.37,0.00,68.87,4.95,8.29,3.62,0.53,1
8.74,5.67,31.94,47.27,12.51,113.17,10.96,0.00,25.57,1.60,1
103.48,32.10,0.00,329.18,53.68,207.81,5.60,103.16,0.00,0.00,1
0.00,0.00,92.68,277.41,18.94,474.90,53.52,0.00,0.00,66.01,1
69.18,65.71,0.00,278.44,32.85,407.05,71.69,44.84,18.58,0.00,1
26.38,43.25,17.58,214.93,29.24,226.27,26.83,15.63,0.00,19.09,1
0.00,18.06,18.53,114.48,29.88,170.00,3.31,15.72,6.91,0.26,1
0.00,4.96,36.39,304.68,36.64,202.65,34.79,16.32,34.50,20.23,1
29.92,34.12,19.33,204.56,13.10,158.82,27.40,44.43,0.00,15.42,1
72.65,56.34,0.18,441.85,76.62,448.05,32.02,52.09,3.94,14.51,1
12.28,0.81,61.41,274.21,121.00,409.42,50.52,0.00,6.28,0.00,1
21.93,16.37,33.90,147.80,19.08,141.42,0.00,15.74,0.00,0.00,1
44.11,78.08,66.32,320.61,0.00,543.57,0.00,0.00,0.00,0.00,1
95.94,102.94,49.78,430.80,30.08,460.18,51.27,5.49,0.00,69.69,1
21.84,57.63,6.10,287.77,0.00,371.33,7.75,0.00,54.11,26.81,1
83.47,8.99,0.84,484.76,35.25,439.52,7.07,37.34,0.00,48.19,1
7.91,77.23,0.00,195.94,8.50,394.65,0.00,10.97,11.80,0.00,1
0.00,17.40,5.58,151.20,10.17,195.86,10.49,13.07,15.50,23.90,1
32.67,0.00,62.87,184.46,38.73,286.87,0.00,24.27,6.32,0.93,1
6.22,24.45,8.66,158.84,26.06,109.12,0.00,0.00,7.50,28.68,1
0.91,9.76,47.09,331.38,21.28,246.30,54.70,17.30,0.00,47.26,1
14.70,2.09,43.64,117.01,0.00,182.86,11.47,0.00,34.76,6.34,1
42.01,38.89,12.21,198.18,0.00,427.69,59.79,27.89,38.95,79.96,1
33.47,0.00,29.52,126.72,31.55,260.75,12.85,8.92,2.27,0.00,1
0.00,20.25,18.75,84.01,36.89,222.04,0.00,10.61,15.04,13.59,1
30.48,96.43,22.46,469.15,44.84,525.81,1.61,0.53,45.41,59.77,1
0.00,33.81,14.30,170.20,19.55,310.18,42.03,29.89,13.27,63.47,1
6.31,27.86,0.00,94.23,49.59,174.95,0.00,0.00,0.00,27.20,1
3.38,13.65,6.23,43.29,1.37,78.74,5.16,5.12,0.00,7.63,1
0.00,2.40,0.00,52.29,12.08,119.60,1.09,8.22,8.75,0.00,1
15.91,16.18,0.00,197.84,0.00,373.06,0.00,0.00,9.35,59.88,1
0.00,6.35,5.08,55.47,1.35,46.84,6.27,4.95,6.15,0.89,1
2.92,29.89,0.00,264.70,22.79,581.85,0.00,42.83,0.00,73.81,1
15.97,38.45,52.64,351.94,22.60,300.00,0.00,0.00,0.00,30.15,1
11.21,0.00,28.52,599.99,48.00,485.70,32.94,0.00,0.00,2.33,1
0.00,36.27,0.00,142.43,0.00,190.36,6.41,0.00,0.00,3.79,1
29.54,0.00,42.20,484.29,79.37,403.88,31.18,25.08,41.16,61.65,1
41.23,30.76,53.51,189.60,27.30,499.76,63.32,28.52,25.49,32.41,1
1.37,0.00,23.10,159.77,17.48,153.98,0.00,1.55,10.27,27.17,1
0.00,36.05,22.14,121.40,6.64,232.32,17.87,0.00,0.00,9.28,1
0.00,0.64,4.81,140.28,7.62,95.37,3.03,0.00,0.00,0.00,1
62.04,31.16,0.00,212.97,0.00,471.58,38.36,0.00,0.00,1.13,1
1.54,36.42,32.37,171.51,0.00,209.55,1.96,0.00,7.92,14.39,1
45.13,4.21,53.17,169.53,5.30,343.88,0.00,0.00,19.21,57.30,1
6.57,21.42,24.95,247.49,11.16,199.70,35.53,0.00,10.31,0.66,1
40.62,0.00,3.82,186.10,33.68,258.44,7.53,0.00,37.70,0.00,1
17.68,0.00,47.91,98.56,26.20,162.21,1.70,8.43,0.00,14.07,1
24.10,14.40,3.34,93.29,10.91,80.66,1.53,2.38,0.00,0.00,1
3.14,0.00,47.53,384.04,10.39,447.26,29.69,0.00,66.71,3.55,1
0.00,52.35,36.47,258.37,24.17,304.06,74.90,33.62,48.96,16.08,1
0.00,1.10,0.00,271.68,20.11,289.27,44.64,0.00,24.97,57.83,1
0.00,48.05,22.04,270.95,29.77,245.84,9.01,0.00,48.76,0.00,1
42.86,33.96,29.65,361.99,13.25,310.15,44.48,52.56,34.39,6.62,1
30.87,53.34,15.92,295.20,14.45,614.21,38.66,22.45,72.29,42.12,1
44.53,0.00,2.09,282.77,65.33,339.22,0.00,0.00,0.00,4.41,1
0.00,2.39,2.84,35.81,0.00,56.61,0.00,5.43,0.66,2.65,1
67.93,0.00,0.00,321.80,0.00,511.35,0.00,1.46,0.00,0.00,1
49.08,37.96,20.72,244.71,37.49,332.41,0.00,22.83,0.00,11.06,1
78.12,6.53,41.58,302.58,1.66,540.72,0.00,44.54,21.54,38.03,1
2.38,0.00,73.70,308.39,0.00,451.88,0.00,30.63,0.00,27.38,1
0.00,0.00,89.11,423.23,10.99,602.60,77.83,0.00,72.83,0.00,1
27.84,0.00,41.01,339.18,0.00,363.32,5.35,0.00,19.08,48.17,1
0.00,21.49,0.00,267.45,45.05,485.78,3.04,0.00,32.08,16.51,1
26.97,24.54,3.26,105.48,36.11,314.83,1.04,0.00,3.69,0.00,1
38.04,0.00,0.00,253.61,56.22,387.36,0.00,32.02,0.00,55.71,1
50.04,20.67,27.95,250.29,16.67,444.05,84.51,8.34,30.99,0.00,1
0.00,21.99,2.56,164.00,23.70,180.49,15.52,0.00,9.57,11.77,1
12.29,74.58,0.00,198.59,18.60,434.34,0.00,43.74,49.23,20.14,1
0.00,34.45,41.59,340.01,67.20,227.18,38.10,26.41,65.16,19.38,1
4.13,0.00,19.10,72.29,0.00,204.71,20.67,7.35,0.00,17.37,1
6.48,65.35,6.78,407.13,0.00,466.38,44.05,33.16,5.36,22.35,1
50.79,8.69,37.21,389.66,82.69,480.18,12.20,41.28,29.66,56.66,1
8.70,0.00,5.64,63.73,3.47,50.83,0.96,1.90,10.90,3.09,1
0.00,0.00,0.00,346.28,43.41,260.13,35.85,0.00,35.22,2.92,1
57.84,8.35,61.35,339.08,44.51,478.89,50.92,92.43,27.06,0.00,1
0.35,0.00,0.00,79.75,12.95,123.92,32.32,0.00,1.02,0.00,1
2.12,17.12,0.00,418.59,0.00,360.72,9.54,76.25,38.94,16.86,1
8.24,0.00,0.00,41.64,4.35,48.82,3.84,0.00,0.53,3.00,1
4.83,0.00,0.00,32.59,0.00,71.00,1.34,0.83,8.80,7.99,1
11.20,3.53,6.43,45.74,12.20,70.29,3.82,12.17,3.38,0.00,1
19.24,10.24,31.64,223.68,0.00,115.16,20.48,0.00,7.75,19.45,1
29.25,2.49,0.00,151.62,5.80,292.23,57.32,0.00,12.77,0.00,1
0.00,3.11,33.51,250.79,60.80,199.15,12.88,0.00,0.00,21.55,1
31.73,15.63,18.29,183.07,0.00,138.75,37.27,0.00,0.00,13.19,1
46.32,112.37,15.89,459.22,45.05,441.72,0.00,101.64,0.00,0.00,1
43.34,16.54,44.92,313.13,0.00,296.18,9.47,0.00,23.25,5.62,1
27.45,0.00,13.16,232.71,0.00,306.42,21.81,0.00,0.00,0.00,1
18.98,29.47,0.00,110.90,31.19,303.20,3.70,2.68,79.52,2.79,1
9.88,19.31,0.00,254.36,77.56,277.48,25.22,82.82,35.50,30.43,1
5.41,11.13,22.31,227.09,39.60,265.29,0.00,73.80,0.00,0.00,1
3.97,0.00,12.81,63.81,7.98,92.64,17.50,13.93,16.77,0.00,1
35.34,0.00,0.00,189.76,0.00,351.21,42.33,0.00,16.18,71.99,1
20.76,17.85,39.85,323.46,0.00,596.72,65.65,58.04,11.37,77.17,1
48.27,20.33,58.12,253.08,0.90,308.38,0.00,0.00,12.31,14.95,1
0.00,28.30,27.83,548.93,27.39,387.69,0.00,0.00,0.00,6.83,1
0.00,0.00,9.83,58.99,6.53,44.52,0.00,1.68,0.00,11.05,1
8.88,22.85,76.49,298.00,65.37,578.73,4.98,0.00,8.66,6.12,1
0.00,0.00,52.34,429.72,69.97,324.56,0.00,10.55,79.76,31.11,1
18.86,0.00,0.00,260.30,22.67,236.84,17.77,22.12,0.00,36.22,1
10.13,10.01,55.13,494.20,152.48,292.21,20.07,0.00,38.98,0.00,1
14.19,38.93,16.50,134.96,0.00,157.97,3.03,2.93,2.72,8.48,1
6.69,56.91,50.16,276.99,124.28,621.87,0.00,83.26,0.00,0.00,1
0.00,2.76,0.12,49.28,15.34,86.37,0.00,0.00,0.00,0.00,1
0.00,0.00,20.22,323.32,40.42,274.74,35.53,33.29,2.92,47.07,1
4.43,60.40,22.36,128.75,44.03,246.40,0.00,16.07,5.79,12.08,1
14.17,0.00,0.00,173.39,24.43,211.24,0.00,0.00,4.01,0.00,1
8.07,36.93,19.30,118.57,31.79,255.64,25.15,0.00,0.00,23.80,1
12.67,39.95,0.00,129.93,37.28,292.42,40.82,17.86,0.00,50.29,1
20.86,28.24,0.00,317.16,0.00,613.88,0.00,0.00,39.99,0.00,1
2.46,0.00,2.89,49.31,9.24,76.63,15.97,0.00,15.12,2.35,1
26.16,70.07,117.78,363.43,105.81,329.56,89.07,31.22,0.00,60.12,1
9.14,18.02,52.10,131.74,26.18,370.24,0.00,7.83,0.00,5.18,1
3.56,0.00,25.49,126.79,30.35,273.17,0.00,0.00,0.00,32.35,1
0.17,0.00,0.30,34.94,0.49,63.50,0.61,1.93,2.79,3.69,1
35.93,0.00,52.97,138.55,81.00,262.21,35.55,5.81,15.65,0.73,1
35.27,3.18,9.39,152.71,46.45,276.40,41.56,2.82,0.00,36.79,1
0.00,22.77,0.00,342.49,86.73,192.19,88.84,50.02,5.84,15.51,1
9.24,8.94,9.40,47.76,0.00,88.62,2.29,3.89,4.13,0.00,1
21.44,0.00,39.83,374.92,9.66,448.02,12.72,0.00,15.01,0.00,1
11.47,0.00,56.46,337.29,74.19,214.53,28.98,0.00,0.00,14.81,1
0.00,31.12,53.73,201.50,19.90,357.38,16.53,39.29,0.00,14.23,1
0.00,0.00,15.67,71.85,10.29,109.06,6.53,13.96,0.56,2.11,1
0.00,1.43,13.66,88.70,15.88,101.93,9.29,0.00,19.66,6.27,1
16.28,19.36,45.34,233.29,31.72,405.43,0.00,0.00,43.62,29.37,1
48.88,16.67,23.35,300.67,61.30,591.93,0.00,0.00,28.28,41.93,1
0.00,15.38,5.05,132.99,33.36,108.12,0.00,2.14,12.03,15.26,1
0.00,0.00,2.48,260.20,47.66,283.35,54.99,34.78,0.00,0.00,1
6.67,14.23,14.56,86.41,4.99,101.19,11.08,0.00,14.76,0.00,1
0.00,0.00,0.00,197.75,0.00,218.59,0.00,12.09,22.57,15.83,1
6.68,10.41,0.00,515.72,87.07,464.83,0.00,10.63,0.00,26.93,1
0.00,15.49,76.68,297.35,69.16,404.29,27.18,27.72,0.00,89.18,1
32.07,31.06,46.50,146.31,14.70,295.40,45.09,0.00,0.00,48.23,1
1.49,0.00,58.85,581.68,11.48,373.00,27.11,18.38,0.00,0.00,1
23.25,5.84,82.84,318.50,11.33,367.80,0.00,0.00,25.61,24.37,1
0.00,1.47,35.69,97.69,17.95,154.93,19.44,0.00,4.76,25.32,1
41.63,20.23,75.52,355.67,23.92,263.01,32.87,7.50,42.68,21.04,1
100.16,94.89,108.30,376.59,34.28,384.85,62.53,16.51,3.02,43.49,1
4.96,0.00,14.43,43.91,5.89,63.26,6.13,4.41,0.00,0.00,1
9.21,3.48,10.23,201.19,27.13,196.17,29.30,4.17,19.86,6.85,1
0.00,2.61,3.50,282.22,16.94,323.87,2.94,0.00,0.00,65.88,1
31.85,0.00,10.25,174.75,1.99,285.53,0.00,13.91,0.00,3.37,1
25.47,2.22,3.85,322.62,31.81,219.84,0.00,0.00,10.09,0.00,1
8.54,9.12,11.99,51.35,4.19,109.08,19.72,6.56,19.79,15.91,1
0.00,4.72,50.61,84.36,30.51,214.50,0.00,0.00,17.43,6.56,1
60.94,17.03,26.70,202.58,0.00,403.67,0.00,25.05,24.09,71.30,1
47.54,0.00,0.00,289.82,76.46,634.88,0.00,69.37,0.00,19.80,1
2.76,56.94,0.00,148.75,11.47,257.44,0.00,0.00,10.53,10.61,1
81.86,0.00,97.70,375.47,22.06,322.84,20.29,0.00,0.00,2.01,1
0.00,12.90,9.29,99.68,6.31,145.51,20.48,0.00,7.71,23.19,1
12.84,22.88,0.00,350.52,58.16,451.22,137.21,0.00,0.67,20.29,1
0.00,0.00,84.85,198.05,37.61,522.28,0.00,0.00,31.79,37.95,1
0.00,0.00,0.00,205.21,30.41,192.03,0.00,4.94,25.36,10.09,1
4.74,6.25,5.72,48.24,12.90,31.84,3.97,0.00,4.71,1.21,1
0.00,4.91,21.12,111.65,21.47,136.03,2.21,0.00,0.00,10.29,1
1.39,0.00,142.80,283.16,0.00,373.88,84.22,34.91,93.66,0.00,1
61.64,0.00,16.97,251.54,49.33,263.80,27.57,12.43,0.00,0.00,1
30.35,10.83,9.73,219.33,40.81,266.05,32.82,0.00,28.06,0.00,1
0.00,26.87,19.00,319.49,0.00,270.80,17.38,23.86,10.06,48.19,1
0.00,0.00,13.68,99.94,0.00,84.08,17.17,0.00,0.00,27.32,1
12.98,11.88,55.81,180.76,70.63,247.20,0.00,9.84,31.63,0.00,1
14.97,0.00,4.69,101.10,16.22,168.50,17.10,0.00,11.28,0.00,1
47.62,64.82,0.00,318.34,1.97,261.54,57.73,1.06,10.13,40.93,1
0.00,48.55,10.68,161.83,0.00,421.44,0.00,8.13,0.00,0.00,1
22.99,5.27,36.99,236.52,0.00,224.43,38.12,40.07,0.00,0.00,1
0.00,50.14,45.09,356.12,38.01,399.15,0.00,29.85,23.59,33.37,1
30.76,13.29,25.31,196.51,69.59,270.24,3.08,0.00,12.83,0.00,1
30.35,29.03,42.00,223.37,0.00,163.59,0.00,0.00,2.88,16.80,1
33.35,19.15,21.44,153.63,7.49,127.02,33.53,0.02,6.95,25.98,1
0.00,0.00,25.34,217.49,29.72,273.94,51.87,13.74,0.00,28.80,1
5.27,7.02,19.42,48.97,0.00,116.74,0.00,16.69,6.00,0.00,1
35.25,0.00,5.97,211.90,16.03,134.23,0.00,0.00,43.34,2.29,1
0.00,2.76,74.93,276.58,18.44,467.43,0.00,19.81,26.41,0.00,1
8.31,0.00,7.63,69.39,40.50,110.00,0.00,13.21,0.00,2.73,1
22.73,92.72,96.62,279.33,139.69,703.96,75.06,0.00,42.04,27.35,1
0.00,11.43,12.65,131.14,5.19,132.33,10.94,0.00,9.85,28.86,1
26.72,37.34,22.24,178.56,72.66,355.42,42.77,23.20,0.00,18.28,1
0.00,0.00,15.26,106.44,17.68,222.47,22.83,43.73,0.00,0.00,1
20.74,0.00,18.55,294.90,82.16,195.31,35.33,0.00,0.00,0.00,1
16.78,26.40,0.00,265.92,42.83,190.25,0.65,17.71,16.45,29.70,1
6.86,16.89,3.25,102.12,14.02,162.47,25.94,0.00,0.00,7.94,1
50.55,42.15,69.73,333.65,59.55,385.75,40.90,0.00,43.20,0.00,1
0.00,31.35,0.00,440.21,0.00,349.58,64.83,30.43,6.73,14.81,1
14.86,3.71,6.14,46.29,4.98,68.10,0.00,0.00,3.70,4.05,1
23.77,66.11,0.00,287.89,10.01,321.17,48.17,42.73,0.00,34.43,1
0.00,0.00,0.00,211.93,0.00,292.72,14.23,21.28,0.00,0.00,1
10.37,0.00,0.00,249.07,0.00,485.73,0.00,40.72,0.33,21.27,1
43.32,26.23,24.59,238.72,71.43,417.98,55.15,11.45,64.65,29.12,1
34.14,19.65,34.47,122.82,0.00,308.52,38.73,22.11,1.86,3.17,1
0.00,69.75,0.00,287.82,18.40,324.72,0.00,8.94,25.16,0.00,1
0.00,0.00,0.00,106.03,0.95,227.25,25.01,7.20,0.00,7.64,1
56.46,62.36,16.05,450.38,44.93,386.18,5.38,4.33,39.73,0.00,1
0.00,0.00,30.21,177.43,13.26,263.01,0.00,17.07,16.29,0.00,1
15.25,0.00,16.58,371.02,57.77,224.38,0.00,0.82,34.61,4.14,1
26.17,8.06,38.84,264.61,5.43,219.37,8.42,6.05,0.00,0.00,1
58.54,94.87,71.31,236.78,19.62,543.04,33.98,51.48,43.84,1.38,1
56.99,38.03,0.00,175.10,9.69,239.06,14.16,0.00,11.21,34.10,1
26.54,67.60,0.00,329.22,0.00,345.13,81.08,36.09,14.36,5.30,1
1.45,22.31,5.31,87.65,6.91,197.19,27.47,8.31,0.00,7.67,1
95.53,49.88,75.21,360.09,0.00,490.66,46.34,20.69,0.00,0.00,1
11.05,18.40,0.00,289.07,43.15,473.89,47.81,25.65,84.01,27.70,1
23.84,80.81,32.31,303.46,65.86,344.53,5.90,55.30,13.33,9.49,1
5.68,26.90,38.85,235.60,65.11,346.49,0.00,0.00,0.00,18.97,1
1.21,0.00,13.11,123.15,16.49,94.30,3.75,18.32,17.52,2.81,1
3.49,8.83,11.69,199.23,0.00,201.24,0.00,0.00,4.53,22.76,1
9.82,2.62,0.00,150.14,8.34,104.30,19.88,0.00,0.00,17.99,1
0.00,0.00,52.78,450.97,58.70,568.73,17.66,0.00,8.73,0.00,1
0.00,18.56,23.13,211.69,9.14,188.22,0.00,0.00,18.85,0.00,1
23.68,19.18,13.96,72.79,5.46,101.97,9.86,8.92,0.00,20.09,1
0.00,28.13,47.46,242.12,0.00,389.00,27.05,30.78,23.82,0.00,1
47.92,18.54,2.56,169.83,56.75,388.59,0.00,0.00,0.00,22.86,1
45.31,0.00,0.00,172.02,10.43,292.03,8.23,20.00,0.00,0.00,1
26.74,55.50,35.45,375.23,89.08,486.23,8.10,0.00,57.23,0.00,1
0.66,0.00,1.53,329.34,14.07,284.91,37.21,67.01,25.74,0.00,1
0.00,36.33,0.00,389.75,46.48,450.25,0.00,0.00,0.00,0.00,1
38.55,0.00,96.50,432.31,162.04,420.70,104.23,80.28,78.30,0.00,1
0.00,0.21,0.00,179.45,22.43,185.97,11.01,18.52,21.61,0.00,1
1.42,0.00,9.94,68.59,22.35,158.13,13.40,18.91,0.00,7.18,1
31.00,12.43,80.21,296.77,23.97,366.57,0.00,0.00,0.00,0.00,1
0.00,11.37,6.00,45.55,6.06,45.35,0.00,6.87,4.21,3.39,1
20.11,0.00,86.16,438.67,40.73,306.33,65.47,11.70,55.80,18.97,1
0.00,13.39,54.16,262.55,41.09,355.58,9.38,3.62,0.00,31.62,1
0.00,21.16,7.33,223.00,0.00,131.02,0.00,2.98,36.90,0.00,1
32.98,51.12,9.67,245.87,0.00,294.98,0.00,22.26,12.19,0.00,1
0.00,0.00,60.86,157.83,10.75,215.19,10.03,22.60,0.00,11.85,1
14.27,8.56,10.15,100.33,14.53,68.77,18.71,9.30,3.42,11.14,1
9.08,29.11,12.70,275.91,0.00,395.56,0.00,37.93,11.23,0.00,1
10.61,8.02,5.64,103.43,0.00,135.64,6.30,12.09,32.17,12.60,1
0.00,0.00,2.11,60.90,21.63,106.67,27.54,0.01,8.44,2.96,1
12.82,5.74,39.79,214.91,80.71,280.46,10.41,0.00,40.80,28.97,1
0.00,0.00,15.08,350.75,81.35,559.08,0.00,47.01,0.00,32.08,1
8.83,10.67,13.44,150.07,17.75,208.22,39.75,29.20,22.41,1.59,1
8.04,5.98,14.95,167.51,0.00,136.48,1.99,0.00,0.00,15.58,1
0.00,35.93,14.66,93.51,18.26,176.90,17.80,0.00,11.51,20.36,1
8.14,0.00,24.52,287.26,33.72,156.69,71.61,7.79,29.23,27.42,1
0.00,47.09,43.84,323.30,0.00,252.21,0.00,0.00,0.00,8.76,1
1.88,10.29,0.00,132.00,0.00,109.15,10.68,0.00,11.16,0.00,1
5.78,35.21,26.96,238.62,0.00,688.89,84.18,72.11,42.56,0.00,1
38.39,23.83,0.00,409.77,1.49,290.52,3.64,0.00,18.55,0.00,1
0.00,17.52,15.60,297.62,62.08,328.10,38.99,93.31,4.62,0.00,1
0.00,0.00,0.00,212.53,12.88,238.09,9.02,0.00,31.28,24.05,1
38.01,0.00,71.33,251.11,0.00,411.14,24.35,12.27,25.37,0.00,1
10.88,0.00,0.22,254.23,53.40,133.67,53.74,14.68,11.70,7.18,1
4.07,0.00,35.36,149.39,0.00,182.81,29.98,0.00,32.16,5.01,1
0.00,0.00,48.10,221.16,36.56,261.04,0.00,30.30,5.34,16.35,1
18.84,17.08,7.62,99.61,4.38,75.34,2.23,0.00,9.53,9.27,1
3.56,4.98,6.65,43.18,15.05,65.85,0.00,0.00,11.93,4.00,1
0.00,5.37,11.30,80.94,33.42,123.22,16.42,1.40,2.79,7.95,1
32.05,0.00,10.34,266.01,59.55,487.83,70.98,0.00,7.29,39.84,1
0.00,22.73,32.99,354.41,67.08,581.27,72.77,72.12,14.39,0.00,1
6.43,15.42,15.63,74.84,17.37,183.75,25.03,9.26,4.91,21.31,1
39.08,0.00,0.00,184.50,6.54,284.44,22.88,10.73,0.00,10.99,1
0.00,30.46,32.84,145.58,35.44,169.31,0.00,18.70,22.13,0.00,1
7.10,0.00,0.00,208.09,20.44,192.16,28.05,41.17,0.00,5.97,1
7.52,18.11,26.35,152.69,49.56,180.01,0.00,7.34,18.94,1.20,1
52.30,21.06,19.23,317.25,86.45,224.44,77.86,68.74,0.00,47.42,1
71.74,6.88,119.77,294.92,13.76,447.37,10.94,18.41,1.76,0.00,1
34.55,37.86,6.53,322.38,38.27,207.36,37.88,0.00,13.22,36.77,1
22.39,93.90,42.86,333.26,28.68,480.36,0.00,48.38,41.36,42.15,1
0.00,15.73,1.37,134.59,3.65,118.62,1.61,6.40,0.00,0.00,1
0.00,0.00,15.05,454.51,86.39,513.60,152.15,74.40,0.00,0.00,1
0.00,8.45,6.61,63.65,14.21,77.53,15.46,3.16,8.58,12.25,1
15.48,0.00,4.86,33.79,6.79,74.87,0.00,8.93,8.96,6.19,1
0.00,23.10,28.89,357.12,0.00,509.25,61.40,39.18,0.00,46.12,1
81.73,0.00,44.60,473.88,24.96,342.11,31.94,0.00,4.05,4.85,1
30.67,27.26,2.44,197.42,0.00,227.22,41.34,11.75,0.00,19.00,1
19.35,8.69,36.37,172.49,0.00,245.88,34.99,0.00,36.59,0.00,1
14.06,12.90,41.18,173.24,20.47,105.46,14.38,17.00,0.00,7.90,1
8.69,0.00,6.24,56.62,8.63,67.11,0.00,3.24,7.62,8.21,1
31.68,51.45,82.61,408.29,74.02,338.96,96.12,17.55,69.49,3.08,1
36.30,22.07,0.00,249.38,69.78,287.68,63.99,0.00,37.43,0.00,1
0.00,15.06,6.62,172.85,30.24,275.59,40.07,0.00,11.25,39.87,1
49.52,8.03,48.71,223.11,39.47,558.08,13.14,0.00,0.00,54.90,1
30.79,0.00,120.79,331.90,38.14,465.39,2.87,0.00,0.00,15.31,1
5.05,11.17,0.00,188.47,43.66,167.99,0.00,0.00,0.00,20.95,1
0.76,1.67,1.18,82.69,2.29,73.16,0.00,0.00,2.29,0.00,1
28.72,0.00,54.38,412.53,82.00,400.59,23.49,0.00,26.05,77.71,1
0.00,0.00,26.22,184.29,0.00,335.90,40.75,0.00,9.52,0.00,1
0.00,0.00,37.14,84.09,0.00,169.69,5.96,0.00,2.03,0.00,1
16.74,18.58,23.58,175.43,38.66,105.82,21.56,0.00,6.07,0.00,1
0.00,0.00,0.00,175.27,36.92,178.26,24.20,0.00,4.34,0.00,1
0.00,8.28,51.05,290.69,48.75,399.99,0.00,78.64,2.75,0.00,1
38.73,0.00,7.10,296.22,31.13,235.98,33.25,0.00,89.68,44.48,1
20.41,63.23,0.00,235.55,0.00,355.95,0.00,12.68,49.13,18.05,1
7.46,26.80,54.09,251.20,0.00,207.03,0.00,0.00,50.77,0.00,1
0.00,20.79,49.25,248.10,64.21,540.81,96.15,10.87,0.00,0.00,1
0.00,14.98,22.63,62.78,20.73,128.05,17.40,0.00,0.00,0.00,1
15.39,8.38,14.72,54.93,6.05,109.21,7.23,0.00,13.55,14.51,1
7.17,20.28,0.00,101.38,0.00,235.73,1.76,26.95,8.87,33.41,1
0.00,0.00,0.00,430.65,67.32,417.24,43.13,0.00,10.52,89.80,1
5.95,43.51,33.40,192.19,76.34,184.28,30.28,12.37,0.00,14.31,1
0.00,0.00,43.05,210.29,52.15,396.75,21.16,22.62,8.83,0.00,1
18.44,0.00,5.60,103.73,0.00,100.64,5.79,0.00,7.08,6.27,1
11.01,0.00,111.68,203.73,0.00,517.97,0.00,0.00,0.00,16.68,1
28.51,43.81,7.28,233.07,49.01,180.56,14.21,52.26,0.00,35.36,1
0.00,55.64,17.07,251.25,11.85,328.22,0.00,47.62,19.32,42.76,1
0.00,5.03,41.28,126.78,21.47,154.83,14.64,0.00,14.41,9.49,1
5.07,25.64,0.00,339.15,148.85,594.27,93.03,0.00,0.00,9.00,1
44.38,0.00,10.56,523.53,0.59,343.33,0.00,34.79,0.00,77.11,1
0.00,0.00,2.93,364.31,62.39,540.85,37.53,67.94,3.84,149.16,1
80.73,42.16,6.91,380.76,123.42,471.96,58.89,31.29,0.00,0.00,1
0.00,0.00,6.35,48.35,11.78,86.50,0.00,10.28,5.92,5.30,1
10.63,10.29,31.76,85.90,1.27,103.02,8.75,0.00,35.79,0.00,1
39.16,0.00,36.34,247.69,17.44,393.70,19.58,21.21,0.00,0.00,1
0.00,26.27,32.15,396.67,39.45,482.66,26.39,0.00,84.93,0.00,1
48.99,18.91,102.82,358.33,0.00,665.68,22.48,30.97,35.55,0.00,1
0.00,62.74,21.76,289.11,7.87,280.98,58.59,0.00,26.65,29.41,1
0.00,0.00,37.44,253.10,0.00,150.32,70.11,23.79,0.00,65.34,1
3.43,0.00,3.76,204.55,44.93,169.36,0.00,0.00,3.79,8.16,1
21.32,25.17,27.35,143.32,2.24,262.95,14.34,18.79,22.43,0.00,1
13.33,17.70,0.00,105.66,7.80,71.77,8.55,7.57,13.36,3.29,1
0.00,13.70,4.07,122.85,9.07,157.07,0.00,0.00,16.44,6.92,1
22.50,9.21,41.08,173.63,15.74,316.91,44.85,14.68,0.00,48.84,1
68.84,48.29,0.00,275.01,11.84,366.03,28.74,58.84,0.00,36.45,1
37.60,17.36,0.00,286.18,9.61,255.23,39.19,0.00,14.72,0.00,1
27.07,7.71,1.43,106.19,12.93,236.20,48.25,15.87,34.36,0.00,1
33.41,41.22,9.20,347.87,0.00,203.66,0.00,23.46,38.36,10.55,1
27.73,51.75,32.65,300.23,95.73,379.24,95.02,0.00,7.67,0.00,1
0.00,0.00,35.68,132.57,56.98,195.03,18.93,1.71,17.24,41.58,1
13.15,63.43,1.37,232.42,46.15,207.84,9.20,34.73,4.76,0.00,1
3.00,15.29,10.01,143.52,17.01,156.60,4.01,0.00,0.77,13.52,1
0.00,0.00,36.20,123.86,41.41,277.55,31.81,12.89,15.52,0.96,1
1.79,15.70,45.28,136.91,40.04,230.51,24.61,4.82,4.59,21.21,1
83.79,24.48,78.51,612.94,21.26,394.09,47.92,0.00,0.00,64.87,1
0.00,4.77,27.40,116.31,19.13,238.48,63.12,7.73,0.00,15.28,1
5.61,7.57,18.79,163.23,32.74,257.72,19.90,0.00,27.41,25.78,1
9.57,0.00,26.71,316.06,56.76,378.74,0.00,0.00,61.22,104.53,1
16.43,40.65,14.57,176.65,0.00,197.59,0.00,15.55,0.00,10.62,1
1.10,0.00,7.92,155.40,20.64,161.58,21.75,0.00,0.00,26.04,1
12.33,6.11,0.00,151.83,0.07,177.74,49.72,0.00,0.00,24.63,1
38.14,15.70,10.99,131.15,2.46,97.83,10.01,29.22,12.94,0.00,1
43.33,26.25,6.99,231.56,82.64,290.07,0.00,4.17,0.00,0.00,1
37.93,63.50,0.00,631.17,32.00,428.18,95.80,4.37,0.00,66.57,1
71.56,21.73,22.26,244.55,43.35,296.41,49.07,2.61,0.00,0.00,1
0.00,0.00,11.62,213.37,9.82,201.56,0.20,44.21,0.00,19.46,1
5.55,4.20,19.84,109.52,39.18,124.75,16.40,0.00,0.00,1.40,1
29.81,20.21,79.78,194.71,13.45,232.33,0.00,11.36,0.00,38.54,1
0.00,0.00,9.34,83.58,0.00,71.39,13.12,5.05,0.00,9.90,1
14.93,3.53,9.67,73.74,3.20,40.82,0.00,0.00,10.17,3.28,1
45.01,0.00,51.08,205.44,0.00,339.67,0.00,0.00,56.46,14.56,1
18.25,1.79,113.56,484.23,77.13,430.49,62.72,3.02,40.56,0.00,1
17.77,14.63,2.81,158.46,21.17,126.56,0.00,5.69,11.83,0.00,1
52.34,13.44,9.25,224.76,13.73,313.77,41.01,0.00,29.99,42.92,1
9.09,0.00,2.65,237.04,20.58,163.49,2.36,23.89,27.25,18.94,1
26.33,66.57,0.00,347.92,42.29,392.46,50.79,7.83,26.68,14.28,1
0.00,12.49,24.62,65.28,25.56,139.38,7.02,0.00,1.12,2.67,1
2.43,11.14,0.36,68.15,2.97,57.65,0.00,0.00,4.47,1.53,1
36.37,11.68,24.47,237.45,44.77,424.06,31.56,0.00,56.36,51.27,1
3.97,5.54,6.62,69.10,8.94,62.86,10.34,0.00,3.33,6.19,1
19.28,0.00,0.00,109.22,7.58,135.27,0.00,0.00,0.20,20.81,1
110.59,5.51,40.28,330.72,12.79,361.96,0.00,0.00,20.74,32.38,1
0.00,43.12,2.92,271.24,0.00,204.72,35.37,0.00,20.27,18.16,1
67.25,29.12,7.41,148.72,29.59,373.78,55.87,0.00,0.00,9.04,1
21.41,40.26,55.66,141.57,26.59,243.61,41.84,18.87,10.65,19.81,1
0.00,39.58,8.88,249.30,120.08,332.56,62.75,48.50,48.97,71.08,1
0.00,35.25,22.78,196.65,33.47,181.88,0.36,1.07,40.14,10.36,1
26.82,6.03,63.08,200.39,41.63,167.90,14.99,15.18,18.88,24.74,1
0.60,28.26,31.37,154.02,29.43,125.99,11.67,0.00,15.47,0.00,1
37.14,0.93,97.69,555.07,69.43,307.44,78.57,0.00,0.00,60.88,1
22.10,39.64,45.86,248.93,3.92,282.15,48.82,0.00,84.05,3.65,1
15.15,7.49,7.99,46.38,2.53,104.32,0.00,4.95,7.82,0.00,1
0.00,18.73,32.10,536.38,36.79,383.47,23.96,0.00,0.00,46.79,1
44.47,33.02,17.77,85.51,18.01,150.46,0.00,2.92,35.84,7.99,1
56.12,72.78,78.47,254.23,87.90,379.93,0.00,0.00,9.02,0.00,1
35.22,47.57,17.78,233.52,16.16,196.78,0.00,14.62,0.00,0.00,1
35.51,27.07,55.15,322.63,34.82,480.55,0.00,0.00,75.99,45.33,1
53.02,11.35,52.09,239.76,110.23,349.14,13.18,5.79,13.12,0.00,1
39.88,23.07,0.00,154.82,12.70,269.69,0.00,0.00,0.00,36.10,1
15.14,0.00,33.31,202.25,22.85,157.39,31.95,0.00,16.95,16.34,1
24.14,17.25,24.06,148.30,49.53,201.65,4.73,9.41,0.00,11.89,1
8.16,0.00,0.00,210.67,21.81,485.27,49.32,23.69,29.06,23.58,1
109.07,0.00,0.00,470.74,28.14,357.38,0.00,0.00,62.68,35.41,1
11.79,19.51,40.01,71.20,11.27,153.85,18.11,0.00,11.54,15.73,1
20.78,4.02,2.57,78.77,0.00,69.66,15.77,1.97,9.63,9.97,1
21.63,29.61,21.07,175.65,0.00,203.51,23.36,0.00,9.93,18.55,1
0.00,0.00,16.50,548.90,28.02,320.77,159.07,27.79,12.53,32.20,1
0.00,0.00,14.24,103.64,28.98,211.00,26.53,8.29,9.84,18.21,1
22.66,45.36,5.82,381.56,0.00,188.01,46.50,0.00,0.00,44.71,1
0.00,52.77,116.96,263.57,1.64,450.34,44.80,0.00,58.92,32.51,1
1.19,4.89,0.00,166.55,25.31,354.50,0.00,6.84,88.77,18.53,1
118.88,2.09,65.05,228.37,42.91,285.63,44.08,19.24,29.13,42.01,1
1.80,0.00,12.69,199.32,23.80,174.81,36.99,1.23,0.00,10.88,1
0.00,0.00,20.60,531.21,0.00,433.53,128.10,0.00,0.00,76.31,1
2.67,3.95,0.00,281.15,0.00,187.63,0.00,9.78,18.97,0.00,1
56.45,0.00,48.94,303.17,19.51,202.03,0.00,0.00,31.88,0.00,1
2.66,11.22,0.00,248.78,0.00,441.48,0.00,0.00,4.01,64.91,1
8.17,6.45,4.61,57.90,2.33,90.36,10.15,0.00,2.15,15.16,1
76.76,59.99,73.40,427.44,138.00,358.56,0.00,0.00,35.69,0.00,1
23.08,38.55,0.00,110.41,1.72,217.07,0.00,27.29,39.08,19.86,1
21.69,45.81,17.83,141.94,0.00,268.29,0.00,3.40,0.00,2.04,1
14.23,0.00,16.37,464.68,37.30,458.48,43.76,0.00,45.57,0.00,1
0.00,13.98,17.62,202.40,9.77,137.97,10.21,0.00,6.79,0.00,1
25.11,2.65,50.18,143.08,23.60,266.84,9.42,19.27,0.00,5.97,1
25.60,38.64,0.00,291.63,29.10,284.88,48.74,0.00,17.16,0.00,1
58.96,37.18,3.11,269.71,55.21,629.80,2.38,0.00,0.00,48.81,1
0.00,43.75,51.84,418.44,24.59,433.38,53.44,28.44,15.81,0.00,1
56.51,66.79,22.52,420.89,11.84,322.96,96.61,0.00,28.64,24.47,1
55.39,0.00,0.00,246.27,50.35,511.59,43.27,17.81,60.30,72.37,1
51.55,0.00,16.57,225.01,0.00,145.83,0.00,11.84,0.00,0.00,1
0.00,0.00,22.22,103.32,4.81,146.41,0.15,13.64,14.95,28.99,1
0.00,0.00,16.88,467.66,25.34,382.43,0.00,39.38,51.84,0.00,1
16.46,16.44,30.93,175.80,12.09,195.86,4.30,41.58,18.88,0.00,1
0.00,32.26,38.69,242.48,24.94,351.52,0.00,22.71,74.84,0.00,1
15.01,0.00,0.00,207.62,8.07,189.73,8.27,16.09,0.00,4.57,1
5.31,0.00,17.87,103.76,0.00,100.30,0.00,7.47,0.00,2.37,1
41.21,7.45,50.67,329.33,42.82,274.88,35.21,0.00,73.68,28.77,1
9.39,2.64,11.79,45.48,1.66,69.26,10.32,0.00,7.56,0.00,1
34.53,0.00,23.27,257.48,43.66,298.09,56.13,52.95,0.00,0.09,1
12.21,45.55,30.52,205.92,24.11,217.02,10.42,7.28,0.00,0.00,1
0.00,41.57,52.99,383.27,97.29,263.64,46.80,37.04,54.84,0.00,1
10.56,2.39,34.41,108.93,8.34,149.45,0.00,7.08,17.60,12.01,1
0.00,0.00,50.84,153.63,28.09,163.25,14.21,0.00,0.00,0.00,1
94.99,0.00,0.80,256.06,43.63,390.56,39.60,0.00,9.67,30.22,1
4.28,0.00,2.86,225.21,46.25,404.39,44.47,0.00,6.48,28.13,1
14.11,35.19,0.00,223.50,73.94,336.02,30.61,45.12,0.00,0.00,1
0.00,51.49,25.18,192.54,74.48,334.19,19.08,5.81,0.00,5.18,1
0.00,18.78,0.00,101.17,73.32,220.73,25.78,16.08,0.00,0.00,1
0.00,35.53,2.94,269.12,40.54,199.33,9.11,4.58,0.00,0.00,1
0.00,0.00,9.48,130.86,15.04,95.64,27.25,29.89,8.76,3.83,1
25.62,71.38,51.86,373.13,35.21,543.64,0.00,0.00,0.00,0.00,1
112.08,5.78,84.93,409.89,10.40,399.55,83.91,0.00,68.80,38.83,1
0.00,0.00,14.18,47.67,0.00,62.26,8.05,0.00,5.65,2.46,1
36.90,43.98,56.38,320.90,73.96,326.86,43.87,0.00,54.95,82.51,1
0.00,15.13,55.36,430.71,0.00,451.69,0.00,0.00,29.69,13.28,1
27.37,0.00,0.00,168.92,11.35,189.33,14.88,0.00,7.82,23.47,1
0.00,51.11,52.43,201.80,78.83,464.94,15.93,70.85,0.00,33.22,1
31.86,15.85,31.59,240.15,48.19,250.29,44.69,0.00,0.00,5.55,1
0.98,0.00,0.02,49.87,9.10,70.67,2.17,3.84,14.19,2.76,1
0.00,0.71,112.31,244.30,98.53,634.96,8.30,10.64,24.68,46.72,1
0.00,14.05,34.23,365.05,1.47,428.43,0.00,0.00,27.22,34.56,1
0.00,0.00,3.27,131.08,17.84,118.59,16.28,4.36,4.32,32.44,1
0.00,5.88,15.17,130.90,23.58,145.65,8.29,0.00,0.00,2.71,1
10.55,22.38,3.64,77.16,0.00,91.84,0.00,9.48,23.27,0.64,1
0.00,12.42,0.00,77.34,19.28,171.51,0.00,5.02,41.52,18.00,1
0.00,5.33,0.00,109.43,17.68,127.26,12.23,0.00,10.99,0.00,1
40.52,11.30,0.00,129.81,43.11,161.94,14.64,0.00,1.64,9.62,1
12.19,0.00,19.54,192.45,0.00,529.91,47.79,0.00,0.00,49.96,1
8.84,9.61,14.48,51.00,5.22,82.00,1.85,0.60,12.72,1.39,1
0.83,32.55,0.00,102.46,2.10,217.88,0.00,24.75,0.00,37.29,1
0.00,0.00,18.90,43.32,24.35,95.34,0.00,0.00,7.34,0.91,1
22.69,13.86,44.21,486.34,65.90,291.81,16.29,0.00,21.44,0.00,1
3.72,26.72,8.93,100.29,25.71,66.81,8.31,0.00,13.09,8.08,1
0.00,51.14,23.59,318.13,0.00,229.14,29.01,0.00,34.35,3.65,1
14.66,0.00,0.00,91.59,21.38,74.91,0.00,3.48,0.00,2.56,1
10.16,0.00,21.89,58.97,7.29,96.35,15.97,0.15,10.91,0.00,1
19.20,14.25,7.78,145.01,32.96,265.21,18.16,0.00,0.00,0.00,1
0.00,18.29,29.58,91.93,26.46,100.23,0.00,0.00,0.00,3.98,1
39.48,0.00,1.04,258.25,13.41,182.47,0.00,0.00,10.59,0.00,1
2.37,15.16,2.01,101.23,0.00,63.65,0.64,3.08,0.00,16.12,1
34.81,0.00,0.00,402.05,0.00,632.76,0.00,0.00,76.71,0.69,1
2.10,22.34,0.00,188.52,50.78,293.29,32.25,2.71,41.09,7.84,1
36.36,20.87,104.64,253.92,83.06,189.31,35.86,0.00,3.11,0.00,1
7.02,31.37,9.57,172.40,0.00,377.02,22.11,0.00,0.00,18.37,1
108.21,61.73,79.86,301.67,0.00,467.44,0.00,0.00,0.00,30.33,1
0.00,0.00,0.00,230.83,56.25,312.78,38.15,65.32,39.20,0.00,1
45.93,45.94,23.50,486.26,51.05,346.36,83.49,17.71,23.76,0.00,1
0.00,70.71,82.19,336.58,110.34,339.82,31.26,0.00,48.44,0.00,1
17.34,23.16,22.04,94.17,1.96,203.62,23.36,5.25,12.90,3.01,1
34.59,53.71,8.33,120.75,23.85,286.65,15.25,0.00,33.11,0.00,1
0.00,5.19,26.75,175.04,18.15,136.02,19.12,3.63,11.42,0.00,1
13.27,13.58,69.99,195.42,48.79,242.38,8.27,0.00,35.58,0.00,1
0.00,1.94,0.00,310.11,54.22,276.59,24.78,0.00,0.00,9.92,1
9.24,7.34,0.00,72.64,11.54,61.20,2.91,6.07,4.34,1.46,1
0.00,36.82,21.96,196.35,0.00,457.68,45.09,18.79,26.71,11.30,1
21.37,119.32,81.13,339.21,0.00,475.34,59.20,0.00,5.02,89.74,1
17.93,67.30,62.05,322.78,97.39,553.20,61.72,93.27,56.97,55.25,1
0.00,0.24,0.00,149.66,2.07,302.82,29.81,0.00,0.00,13.08,1
36.62,34.06,21.27,549.35,65.28,420.71,109.37,0.00,2.04,0.00,1
6.11,0.00,11.80,87.83,0.00,117.51,1.84,13.38,0.00,2.27,1
0.00,0.00,0.00,534.45,101.49,359.92,34.98,0.00,23.30,21.45,1
10.07,16.49,21.99,349.48,103.25,342.85,0.00,2.37,12.37,28.51,1
14.41,0.00,8.04,94.35,18.06,91.12,3.67,4.75,0.00,0.00,1
18.60,16.14,19.30,166.52,4.37,189.79,2.98,0.00,33.27,0.00,1
20.59,0.00,25.93,357.04,21.23,257.89,58.63,0.00,72.66,54.80,1
22.93,7.68,48.74,244.27,51.01,456.87,0.00,0.00,0.00,0.00,1
0.00,5.21,105.67,439.09,105.35,316.83,0.00,0.00,46.83,72.93,1
0.00,4.61,94.98,371.59,33.45,415.01,38.12,55.29,0.00,138.89,1
29.83,0.00,0.00,152.78,21.08,256.16,24.59,0.00,16.12,0.00,1
25.58,0.00,54.30,240.27,34.48,214.57,37.64,13.40,0.00,0.00,1
3.99,23.77,56.82,297.78,21.72,517.80,64.81,0.00,0.00,0.00,1
0.00,5.42,8.39,73.11,23.16,137.09,20.89,0.00,7.60,19.53,1
0.00,20.19,46.10,103.44,41.74,209.29,15.62,3.28,28.36,0.00,1
0.00,30.79,13.48,114.46,29.12,81.55,27.81,11.23,20.42,7.81,1
34.13,82.27,0.00,314.77,0.00,320.09,62.33,0.00,0.00,16.43,1
36.77,0.00,14.25,177.54,0.00,208.54,0.00,6.28,18.28,2.38,1
10.86,0.00,64.15,160.27,0.00,336.85,26.89,36.09,0.00,52.56,1
8.01,0.00,8.00,154.94,0.27,339.56,54.81,0.00,14.08,11.56,1
3.32,48.62,19.83,336.36,37.38,284.97,0.00,29.57,0.00,17.54,1
21.00,91.85,19.22,260.25,39.93,420.14,71.37,0.00,45.01,84.91,1
10.14,19.05,45.92,207.52,19.46,225.48,36.60,32.61,18.75,9.55,1
13.44,0.00,0.00,99.83,53.84,130.37,2.88,8.00,11.39,0.00,1
31.47,6.77,30.72,159.58,23.86,357.85,14.26,0.00,0.00,12.55,1
91.13,0.00,35.04,322.71,0.00,422.47,83.00,24.01,0.00,58.30,1
0.00,22.03,39.12,58.52,19.48,130.24,15.26,0.00,0.94,13.43,1
38.36,0.00,9.40,307.46,60.77,364.40,73.13,0.00,0.00,0.00,1
120.31,73.74,0.00,401.11,34.91,500.36,0.00,0.00,31.00,0.00,1
9.94,53.20,98.53,253.54,24.06,427.69,58.48,45.13,19.25,14.42,1
32.82,61.42,6.69,459.97,5.41,408.64,37.53,0.00,0.00,0.00,1
0.00,1.88,57.78,128.43,44.23,241.23,52.07,16.03,3.52,28.14,1
3.24,47.81,33.10,189.75,8.01,306.04,43.71,0.00,0.00,4.28,1
6.70,1.06,8.01,36.01,1.97,53.49,0.00,0.00,4.93,0.00,1
0.00,37.24,11.56,156.40,25.12,154.20,21.66,14.47,49.32,33.33,1
0.00,2.71,30.54,223.12,18.03,340.41,49.86,0.00,4.64,0.00,1
43.97,68.22,3.29,274.01,9.52,320.85,49.74,21.54,0.00,43.57,1
0.00,37.27,22.85,192.26,11.11,209.19,0.00,11.79,30.24,18.83,1
45.73,56.67,22.45,279.58,77.28,351.01,8.55,0.00,0.00,40.43,1
18.65,0.00,42.97,314.96,59.42,456.59,0.00,91.85,0.00,32.53,1
40.67,36.85,135.94,413.65,64.43,353.23,63.21,70.82,39.01,33.25,1
0.00,0.00,95.52,339.07,113.00,476.79,0.00,0.00,10.01,0.00,1
15.37,8.88,4.94,236.69,12.56,222.62,38.88,2.91,27.11,8.14,1
0.00,43.82,78.34,243.71,0.00,401.99,53.70,0.00,2.38,0.00,1
0.88,15.56,0.00,317.22,60.16,510.40,140.80,0.00,20.53,0.00,1
35.79,57.69,47.04,92.05,29.70,370.73,0.56,0.00,32.52,0.00,1
2.49,12.64,35.88,296.42,61.15,339.02,78.87,35.33,0.34,4.18,1
21.88,8.26,29.04,206.40,40.88,220.02,5.98,0.00,5.02,18.42,1
63.84,0.00,66.64,279.63,60.14,335.83,0.00,0.00,0.00,55.54,1
0.00,30.21,12.71,98.26,1.79,145.21,18.94,0.00,0.00,4.11,1
0.00,0.32,11.94,119.80,11.11,75.59,8.49,0.00,13.42,9.58,1
31.80,25.89,57.11,240.65,48.47,368.81,43.15,39.76,20.23,28.10,1
15.95,47.17,39.29,286.94,1.17,644.40,0.00,45.54,0.00,0.00,1
7.86,7.60,0.35,41.74,1.56,111.79,15.78,0.00,0.00,10.08,1
14.35,39.08,34.29,103.07,29.48,149.53,28.80,0.00,9.72,21.96,1
0.00,13.51,1.25,115.42,47.86,185.57,0.00,32.55,19.05,52.34,1
27.89,0.00,25.66,169.35,20.92,173.67,7.97,18.60,1.44,0.00,1
0.00,16.00,0.00,63.81,8.79,70.79,0.28,0.00,8.94,2.49,1
15.69,15.57,0.96,164.47,0.00,126.16,39.40,13.98,0.00,0.00,1
0.00,10.89,33.01,128.14,54.32,298.29,1.59,0.00,9.37,22.79,1
10.81,0.00,22.84,432.08,29.99,389.14,41.13,0.00,21.19,44.41,1
5.65,13.04,16.64,166.88,24.71,311.44,0.00,8.57,14.44,0.00,1
0.00,11.93,0.00,123.51,8.72,266.77,0.00,44.84,23.79,29.52,1
77.51,79.15,8.25,512.00,103.00,289.67,52.64,14.60,25.29,53.68,1
0.00,21.44,36.66,273.01,3.41,285.24,9.76,24.79,0.00,34.60,1
0.00,7.99,2.82,83.80,2.71,168.68,18.27,0.00,25.55,41.79,1
0.00,98.60,0.00,192.01,0.00,443.93,66.36,0.00,32.25,0.00,1
0.00,0.00,15.28,37.14,4.34,54.49,9.54,0.00,9.79,0.00,1
0.00,0.34,0.00,119.20,15.31,153.68,0.00,0.13,17.82,0.00,1
0.00,25.19,97.59,331.91,10.85,539.06,68.15,33.85,104.38,67.44,1
58.04,18.05,34.31,377.04,19.82,421.02,0.00,0.00,9.58,83.66,1
12.55,6.77,46.77,238.64,73.93,176.75,24.71,11.89,33.93,0.00,1
20.25,20.32,12.67,102.94,9.35,96.22,4.95,0.00,7.62,19.73,1
0.00,0.00,73.36,326.84,79.08,383.07,26.16,0.00,62.97,21.98,1
0.00,32.08,31.86,375.91,0.00,439.17,17.85,50.47,38.44,80.63,1
10.05,8.12,38.15,215.69,57.94,442.46,55.68,56.45,0.00,0.00,1
0.00,4.87,10.72,45.22,11.19,37.50,2.84,4.93,6.51,2.40,1
0.00,3.23,29.32,98.28,4.17,187.32,0.00,0.00,1.35,14.10,1
3.10,4.71,22.39,90.75,12.89,71.45,16.63,13.33,0.00,2.27,1
90.87,99.01,76.26,234.55,107.92,523.49,0.00,1.35,0.00,0.00,1
22.95,13.61,24.68,152.24,33.01,233.76,2.47,0.00,12.94,4.25,1
3.06,3.73,93.24,146.10,44.92,220.62,18.96,0.83,0.00,52.81,1
2.59,0.00,60.19,324.25,67.50,460.59,64.90,58.48,27.76,20.40,1
20.68,8.43,0.00,51.16,28.70,102.66,0.00,21.07,8.98,0.00,1
0.00,0.00,13.58,85.37,0.00,63.35,14.44,6.75,0.00,5.51,1
15.59,65.18,30.37,388.17,38.89,231.99,48.64,17.66,24.21,6.76,1
45.03,23.00,25.49,315.22,100.79,502.59,10.45,11.26,0.00,86.10,1
4.82,13.25,21.38,117.77,21.23,250.37,9.02,4.16,26.08,0.00,1
19.43,0.00,52.49,251.85,58.79,423.74,5.44,31.90,31.49,50.41,1
2.69,0.52,9.80,59.64,4.39,127.54,0.00,12.92,8.29,30.46,1
47.96,0.00,18.55,378.00,43.94,254.18,0.00,0.00,38.19,21.93,1
0.00,0.00,11.09,177.69,28.13,134.63,32.80,6.95,34.71,6.23,1
0.00,0.00,30.50,147.61,30.37,245.61,0.00,0.00,14.71,57.71,1
19.12,23.58,14.90,250.35,0.00,176.91,22.91,0.00,0.00,3.95,1
0.00,0.00,52.92,186.52,44.67,422.50,11.59,10.41,18.97,0.00,1
23.44,12.63,106.98,191.06,12.21,325.18,34.50,0.00,0.00,0.49,1
0.00,19.22,0.00,255.02,0.00,602.02,33.00,0.00,0.00,14.49,1
17.88,13.78,10.39,122.76,24.09,104.32,7.31,4.89,7.02,10.28,1
26.70,6.74,20.08,88.34,10.03,118.64,15.85,4.06,7.93,13.52,1
0.00,31.74,21.84,211.07,45.99,214.19,18.74,11.66,36.24,23.43,1
0.00,11.50,16.13,130.70,40.38,155.06,13.02,38.92,0.00,0.00,1
38.73,74.79,115.02,330.89,96.24,245.21,11.86,0.00,0.00,3.18,1
0.00,31.40,33.26,251.03,0.00,397.38,56.75,0.00,22.75,16.64,1
0.00,35.04,20.60,181.39,19.16,211.11,0.00,11.59,1.93,51.90,1
0.05,33.68,42.63,107.29,32.37,133.84,0.00,16.98,0.00,34.10,1
42.19,6.68,46.58,339.61,0.00,293.62,46.31,74.14,22.14,18.62,1
0.00,0.00,7.86,204.18,63.62,253.52,47.72,0.00,8.43,0.00,1
65.06,14.22,13.42,156.22,13.05,196.70,35.72,0.00,0.00,21.02,1
0.00,0.00,8.64,202.95,6.79,575.69,35.44,4.04,36.96,65.57,1
0.00,2.59,0.00,78.62,0.00,87.32,0.00,0.00,0.00,3.54,1
10.76,43.72,76.05,283.43,59.54,499.91,47.46,8.25,3.24,0.00,1
0.00,38.97,153.76,192.22,99.93,524.21,62.44,10.33,17.87,34.87,1
2.37,10.02,2.97,74.44,0.00,81.40,16.57,0.00,6.38,3.85,1
8.94,25.18,38.34,379.98,0.00,195.55,44.63,38.30,51.28,16.65,1
0.00,4.11,27.87,167.47,40.34,266.58,35.82,20.79,14.81,0.00,1
9.96,15.61,37.50,115.71,21.30,118.56,12.18,4.73,2.33,29.12,1
15.41,54.12,0.00,368.15,0.00,421.39,0.00,36.85,16.82,32.53,1
35.58,98.36,0.00,341.35,13.89,427.61,20.35,0.00,14.71,0.00,1
0.00,12.85,7.97,109.86,0.00,88.36,4.17,1.55,17.16,4.24,1
0.00,10.39,22.73,143.40,33.32,206.72,7.34,0.00,13.03,0.00,1
39.27,0.00,80.95,286.61,43.09,264.70,57.13,0.00,0.00,71.78,1
26.56,45.82,0.00,157.00,8.79,135.71,16.24,4.00,0.00,0.00,1
61.06,27.76,19.15,262.18,22.14,307.25,34.96,0.00,0.00,0.00,1
15.77,5.84,12.98,77.62,0.00,59.39,3.89,3.70,1.33,0.00,1
24.63,6.80,25.46,238.33,0.99,241.38,0.00,2.77,0.00,68.98,1
61.49,17.15,42.46,223.88,32.25,343.04,0.00,0.00,21.25,15.64,1
4.49,112.24,42.90,228.43,29.76,429.39,4.01,0.00,73.54,0.00,1
64.09,8.82,67.47,256.49,73.78,485.00,87.44,0.00,0.00,19.14,1
17.45,11.72,0.00,363.53,58.08,323.47,0.00,30.65,0.00,0.00,1
0.00,0.00,8.40,74.75,0.00,98.63,0.00,3.79,1.15,5.78,1
0.00,32.62,27.78,172.05,0.00,226.87,38.72,0.00,0.00,0.00,1
0.00,0.00,4.26,123.59,19.32,146.94,4.48,0.00,25.28,0.86,1
0.14,0.00,0.00,73.33,0.00,87.33,0.00,10.31,0.00,0.00,1
23.02,0.00,14.48,254.75,39.70,459.27,16.42,6.28,24.46,0.00,1
34.76,35.56,13.49,399.28,0.00,626.97,11.31,32.48,47.46,40.70,1
17.03,2.56,64.52,405.91,81.15,274.57,0.00,0.00,72.36,29.76,1
20.37,30.23,67.39,299.08,41.84,385.12,56.64,0.00,0.00,0.00,1
0.00,0.00,45.54,395.77,7.31,548.73,25.44,11.71,3.21,41.59,1
29.89,19.83,0.00,127.08,34.32,258.54,11.49,6.03,3.29,21.44,1
22.98,0.00,2.65,141.53,17.09,174.88,39.84,10.40,0.00,0.81,1
14.77,0.00,0.00,208.39,19.07,170.43,3.13,17.66,1.42,0.97,1
61.18,0.00,0.00,218.42,25.59,365.94,29.69,10.70,40.45,48.46,1
0.00,80.17,34.10,529.95,67.08,541.39,0.00,18.34,101.43,0.00,1
0.00,0.00,28.33,144.94,58.93,243.59,2.59,8.39,3.59,0.00,1
7.13,0.00,18.16,151.65,8.22,100.83,34.99,5.26,16.78,14.50,1
51.26,16.78,74.19,253.90,17.97,270.49,11.86,2.74,0.00,30.78,1
0.00,38.21,0.00,207.77,63.75,268.81,34.31,4.59,0.00,39.07,1
12.74,21.24,52.63,227.30,0.00,243.22,5.86,0.00,0.00,13.00,1
0.00,20.05,131.99,434.79,28.39,356.44,42.40,55.79,0.00,29.70,1
9.59,0.00,16.19,75.66,5.41,51.76,17.68,2.83,4.72,6.24,1
79.38,14.30,46.32,335.52,17.59,577.34,0.00,0.00,91.44,0.00,1
22.31,0.00,73.32,312.24,0.00,441.54,18.18,0.00,51.89,0.00,1
40.87,56.14,36.49,423.41,131.59,454.07,86.50,7.53,107.84,0.00,1
80.69,18.61,46.44,387.32,52.07,398.25,46.53,0.00,0.00,0.00,1
0.00,24.65,43.14,303.58,0.00,217.61,38.23,0.00,4.22,20.23,1
20.86,33.00,19.88,268.04,42.26,326.69,0.00,0.00,0.00,23.33,1
39.66,49.38,60.03,284.92,101.62,726.57,0.00,0.00,21.77,75.26,1
0.00,1.03,0.00,281.68,51.28,437.21,28.20,57.49,7.91,0.00,1
16.90,27.95,8.95,224.06,18.62,232.84,0.00,18.79,0.00,47.03,1
14.65,12.92,14.30,123.17,57.26,244.53,33.03,0.00,20.02,27.86,1
0.00,0.00,24.29,212.95,28.96,151.20,31.40,0.00,0.00,24.02,1
0.00,0.00,31.47,162.96,53.69,338.16,50.28,0.00,25.62,15.48,1
21.92,0.50,0.39,150.80,18.29,99.59,12.58,7.56,0.00,0.00,1
34.13,51.21,0.00,190.66,82.75,292.59,20.38,12.97,29.35,0.00,1
0.00,7.54,45.53,264.18,48.04,232.44,27.23,0.00,18.19,0.00,1
0.00,0.00,6.32,102.20,9.69,65.87,0.00,1.23,18.68,0.00,1
0.00,0.00,33.81,217.16,0.00,233.86,0.00,0.00,0.00,40.19,1
0.00,32.20,6.29,224.65,47.57,218.90,7.59,0.00,0.00,0.00,1
20.67,0.00,38.39,270.98,74.08,335.68,0.00,12.17,42.49,0.00,1
6.24,10.86,2.08,74.32,0.00,94.52,0.00,0.00,1.13,14.50,1
0.00,21.41,94.59,299.60,0.00,297.91,60.55,0.00,0.00,0.00,1
0.00,0.00,0.00,201.58,19.54,379.31,34.44,84.71,0.00,56.75,1
3.14,7.34,1.60,96.24,24.67,55.63,2.41,0.00,16.29,1.69,1
0.00,12.27,26.52,197.71,56.73,283.26,36.15,0.00,0.00,0.00,1
9.85,0.00,10.55,112.41,2.72,92.67,15.39,21.89,16.58,11.33,1
14.92,35.69,32.91,224.48,0.00,475.40,67.48,0.00,7.10,27.31,1
0.00,12.18,4.32,347.19,0.00,500.04,0.00,0.00,0.00,48.46,1
0.35,5.96,0.00,201.67,0.00,278.78,0.00,32.36,2.32,34.04,1
20.15,17.11,8.63,175.62,0.00,152.83,21.87,0.00,19.88,16.95,1
0.00,25.05,30.31,250.37,39.36,263.16,50.78,0.00,14.65,18.05,1
31.65,75.36,49.33,250.95,0.00,232.76,80.40,0.00,0.00,29.88,1
0.00,0.00,36.65,375.34,0.00,426.59,28.84,0.00,38.22,0.00,1
15.04,18.59,15.06,92.46,7.88,194.36,11.48,2.76,13.73,31.65,1
16.16,5.82,9.45,160.34,0.00,162.22,38.70,0.00,0.00,9.17,1
0.00,0.66,49.27,199.64,36.00,251.05,1.45,29.46,0.00,0.00,1
0.00,52.13,22.15,212.08,76.86,439.33,65.85,0.00,59.89,11.79,1
2.95,13.15,26.66,192.87,0.00,241.02,0.00,0.00,0.00,5.30,1
11.31,0.00,99.85,293.83,69.94,225.13,63.81,5.52,0.00,8.35,1
3.38,0.09,54.65,186.60,40.31,248.71,16.06,20.80,22.04,13.20,1
3.66,0.00,11.06,48.55,0.00,90.72,3.00,3.41,1.69,2.72,1
2.31,0.00,0.98,121.77,13.59,235.87,31.03,9.32,2.36,0.00,1
0.00,32.59,49.28,371.45,0.00,297.48,84.09,0.00,32.91,0.00,1
40.59,31.27,2.49,385.33,0.00,366.62,56.84,0.00,0.00,45.84,1
9.71,16.65,0.00,107.87,0.00,216.37,4.44,0.00,22.19,12.38,1
34.49,13.61,28.64,135.85,29.57,289.85,0.00,12.94,0.00,0.00,1
26.35,21.16,20.42,166.20,25.95,189.25,21.23,0.00,12.35,35.85,1
0.00,0.00,94.61,386.04,80.39,381.75,64.83,1.15,50.05,12.02,1
30.21,0.00,0.00,181.75,4.70,190.17,23.54,0.00,30.64,24.55,1
7.64,21.22,96.28,284.12,46.57,290.17,36.92,33.42,15.12,10.65,1
0.00,2.24,50.51,188.71,37.99,287.73,15.46,14.36,0.00,0.01,1
49.95,0.00,70.53,423.24,29.10,346.98,2.67,63.17,76.45,73.05,1
26.79,69.86,0.00,370.13,39.01,448.04,104.87,63.58,108.15,0.00,1
0.00,11.21,42.55,270.17,18.19,366.15,0.00,26.30,1.40,0.00,1
21.56,0.00,15.48,161.94,15.83,90.28,17.75,0.00,0.00,3.01,1
72.63,108.39,22.94,281.18,50.64,544.73,72.59,0.00,1.17,0.00,1
69.40,106.77,46.08,391.33,21.89,308.19,70.11,31.17,30.21,10.54,1
0.00,0.00,17.99,463.00,105.81,326.50,0.00,76.87,80.93,38.96,1
0.00,25.52,30.87,147.69,0.00,150.88,10.62,0.00,0.00,0.00,1
0.00,13.27,20.87,117.18,0.00,129.26,21.06,6.37,0.00,19.54,1
0.00,44.88,67.10,247.19,48.24,356.30,12.60,15.19,0.12,2.22,1
16.27,0.00,9.71,53.41,21.15,122.91,11.51,2.54,24.95,8.99,1
0.00,0.00,0.00,233.56,0.00,273.07,8.44,0.00,35.50,0.10,1
49.60,6.81,50.79,289.77,7.87,326.58,0.00,5.68,56.09,69.59,1
0.00,18.12,30.75,137.39,20.47,120.84,6.23,0.00,17.51,7.05,1
15.04,9.38,0.00,56.21,0.00,88.26,0.00,9.60,19.03,1.08,1
12.47,5.76,12.23,96.68,10.26,95.94,0.00,2.32,3.16,5.24,1
5.88,0.00,13.78,87.15,16.36,104.45,20.87,0.00,11.35,0.00,1
14.56,0.00,0.00,258.36,43.29,502.50,81.35,0.00,45.77,38.31,1
0.00,0.00,83.40,386.56,27.16,524.03,23.43,125.90,24.59,15.99,1
6.70,0.00,0.00,81.59,13.21,121.29,9.46,15.94,4.14,6.27,1
0.00,0.00,32.96,492.20,100.23,438.58,149.55,6.29,0.00,15.41,1
0.00,64.33,10.22,266.16,112.77,573.48,78.17,50.42,36.00,0.00,1
0.00,50.75,0.00,181.73,40.54,298.31,14.31,9.33,0.00,0.90,1
13.78,52.70,28.95,278.43,19.61,462.15,34.21,11.10,0.00,32.08,1
4.32,16.88,20.25,369.50,25.31,371.43,10.99,0.00,36.58,26.58,1
3.12,0.36,0.00,75.89,0.00,125.67,1.55,1.56,12.37,7.11,1
0.00,22.86,18.42,205.94,5.46,241.04,16.43,0.00,0.00,0.00,1
56.01,0.00,0.00,136.96,36.66,381.62,3.53,16.83,27.70,0.00,1
39.34,20.75,139.91,294.24,2.11,405.52,82.37,0.00,27.39,52.05,1
8.99,0.00,14.36,116.76,15.21,137.60,1.65,10.22,0.00,20.23,1
18.82,0.00,0.00,387.88,23.81,545.62,22.43,0.00,99.12,92.30,1
0.00,28.32,23.20,432.24,0.00,507.59,10.20,29.76,25.32,40.95,1
38.63,34.73,40.11,231.56,0.00,329.88,0.00,32.12,15.34,7.36,1
0.00,8.61,51.01,313.56,0.00,262.22,8.40,25.94,2.33,0.00,1
65.58,7.57,0.00,403.80,55.12,320.28,47.11,97.23,68.55,62.17,1
20.56,5.67,51.92,159.67,43.59,215.70,15.47,0.00,6.66,25.93,1
0.00,29.54,38.40,301.25,38.15,349.58,39.86,0.00,22.66,57.13,1
90.19,11.26,44.58,358.31,53.91,457.32,18.65,21.31,2.28,54.90,1
33.57,12.42,43.01,251.17,10.17,166.02,3.29,11.92,60.18,45.63,1
43.82,27.38,126.06,149.96,16.99,423.01,70.57,32.57,0.00,0.00,1
10.08,0.00,8.18,80.61,31.26,107.85,23.92,0.00,0.00,18.41,1
40.47,7.38,36.48,266.50,67.86,310.62,30.37,39.59,56.07,0.00,1
0.00,0.00,0.00,51.50,12.16,93.99,14.39,0.00,0.00,0.21,1
19.41,6.21,0.00,120.15,9.15,250.10,8.83,0.00,0.00,0.02,1
7.66,54.41,45.65,156.52,16.34,220.69,0.00,0.00,0.00,0.00,1
0.00,6.78,55.43,339.96,143.13,541.33,0.00,0.00,4.86,11.26,1
20.98,0.00,41.94,286.56,22.83,270.19,96.63,39.06,14.23,30.99,1
5.71,8.15,8.85,272.05,8.60,262.11,0.00,28.06,20.55,0.00,1
37.80,27.75,62.72,341.94,77.66,536.85,11.31,0.00,6.07,13.37,1
25.77,0.00,63.53,273.67,24.11,216.15,18.63,0.00,20.23,0.00,1
0.77,1.34,32.65,270.01,33.17,202.55,0.00,0.00,25.34,14.12,1
0.00,52.45,58.74,161.25,59.37,415.54,45.15,0.00,0.00,0.00,1
0.00,62.41,116.97,310.02,76.27,319.35,49.41,39.97,37.37,35.35,1
1.01,1.40,14.73,110.12,3.91,70.60,0.00,7.68,16.06,15.15,1
58.70,27.01,40.79,380.93,14.05,241.10,0.00,24.43,35.21,40.73,1
0.00,47.73,0.00,449.77,111.45,479.34,114.68,2.01,9.16,22.94,1
0.00,0.00,37.30,226.71,0.00,478.95,0.00,0.00,17.94,72.33,1
1.76,16.19,96.67,157.85,37.79,329.91,13.25,0.00,0.00,26.47,1
0.00,10.12,8.92,41.75,11.83,132.40,0.00,0.00,0.00,4.33,1
12.98,0.00,10.78,133.19,7.88,182.23,0.00,0.00,24.23,28.60,1
2.10,4.94,0.00,49.21,16.24,69.30,0.00,1.84,0.00,2.97,1
1.47,54.14,41.33,315.10,13.45,346.62,73.80,43.49,0.00,31.82,1
7.71,4.01,3.13,58.58,10.07,57.29,4.50,15.68,9.27,0.03,1
37.99,0.00,8.85,145.95,16.12,293.60,0.00,0.00,13.72,12.65,1
15.14,0.00,15.14,251.62,41.03,297.61,9.78,0.00,0.00,44.22,1
0.00,22.70,26.90,135.42,41.87,196.73,27.05,15.42,12.00,35.81,1
50.77,91.86,7.50,301.82,38.20,266.79,0.00,0.00,0.00,101.01,1
37.59,16.97,22.04,281.85,39.76,302.72,68.14,0.00,36.22,45.32,1
27.05,10.15,0.00,251.34,51.93,234.81,37.85,46.63,77.09,60.98,1
18.59,0.00,46.57,239.86,44.22,525.61,0.00,34.37,0.00,11.13,1
0.00,48.38,0.00,399.89,15.38,324.69,0.00,17.08,44.59,38.02,1
35.17,0.00,98.70,162.41,21.85,344.10,104.21,8.38,0.00,0.00,1
19.70,0.00,40.33,326.77,31.31,284.12,63.77,7.98,23.88,0.00,1
9.25,52.54,4.60,304.38,26.17,253.34,0.00,0.00,0.00,32.84,1
9.11,42.21,83.78,313.38,79.80,451.74,11.02,18.76,0.00,0.00,1
25.54,1.08,0.00,216.19,27.77,253.04,0.00,0.00,0.00,18.09,1
3.21,1.25,3.35,58.78,4.38,49.79,8.21,3.55,8.35,10.71,1
6.66,41.61,18.29,131.09,22.11,220.62,8.27,35.84,18.22,44.31,1
8.43,8.56,17.98,54.99,13.93,96.47,18.39,0.00,0.00,12.51,1
35.20,0.00,50.67,249.61,40.20,268.59,54.88,0.00,0.00,38.41,1
2.11,0.00,8.78,50.35,0.00,69.49,2.76,0.10,2.68,0.00,1
0.00,0.00,18.82,241.13,14.46,187.99,0.00,7.15,20.22,13.12,1
61.90,34.36,89.70,277.52,49.41,239.43,0.00,26.28,3.23,14.98,1
0.00,12.47,11.63,109.91,17.45,120.60,0.00,0.00,0.00,0.00,1
27.42,8.89,0.00,309.51,0.00,274.36,6.19,23.92,44.34,16.69,1
11.13,113.47,10.89,378.61,96.29,424.25,30.23,0.00,3.06,0.00,1
32.34,65.48,67.56,634.15,52.56,418.25,0.00,0.00,0.00,0.00,1
44.31,0.00,8.98,278.96,22.87,335.93,18.09,22.35,11.21,8.14,1
0.00,0.00,6.14,436.54,28.60,426.88,89.71,81.05,77.05,0.00,1
64.01,53.20,64.03,286.29,37.86,401.67,37.18,63.14,69.29,44.34,1
103.79,0.00,34.40,550.85,95.18,507.22,89.87,0.00,45.40,23.74,1
0.02,5.15,4.28,62.29,14.85,43.12,3.04,1.81,0.23,0.00,1
0.00,0.00,67.67,337.93,121.31,368.69,87.62,0.00,1.31,0.00,1
16.78,3.15,0.00,105.25,0.00,126.96,24.19,0.00,0.00,0.00,1
0.00,18.30,29.89,171.31,48.37,283.37,0.00,0.00,0.00,1.53,1
0.00,0.00,0.00,239.94,20.06,366.30,38.01,0.00,28.49,0.00,1
27.10,6.18,60.33,228.19,38.42,198.10,26.90,0.00,20.12,32.78,1
90.54,72.40,59.20,330.01,0.00,326.08,25.79,0.00,76.62,24.06,1
14.73,26.62,68.28,280.56,0.00,210.81,0.00,2.24,0.00,0.00,1
12.63,13.83,5.28,65.18,14.38,80.10,1.99,1.67,12.48,3.86,1
34.63,22.59,8.45,189.89,0.00,368.89,3.13,1.27,78.26,25.48,1
0.00,0.00,41.78,154.09,23.59,355.46,0.00,0.00,33.56,0.00,1
0.00,5.06,4.24,35.10,4.19,78.51,0.00,0.00,0.00,0.00,1
1.80,0.00,13.02,88.86,26.01,154.74,16.43,2.70,0.00,11.12,1
12.33,23.67,0.00,237.97,0.00,258.66,4.08,50.19,7.95,23.91,1
0.00,27.18,8.37,113.73,16.97,89.82,11.74,0.00,0.00,8.56,1
42.57,25.22,0.00,178.53,27.51,279.75,24.26,19.61,25.87,52.99,1
62.44,40.64,69.01,220.70,50.44,445.42,41.23,0.00,20.65,0.00,1
31.95,16.27,22.73,228.04,46.90,190.10,33.21,0.00,0.00,0.00,1
21.94,44.21,121.73,480.88,131.46,310.38,71.51,0.00,5.16,0.00,1
80.42,10.20,26.97,315.67,54.36,591.03,0.00,32.21,0.00,30.97,1
7.36,57.40,88.94,300.75,0.00,296.40,131.23,33.56,28.39,49.69,1
36.74,22.45,3.94,162.70,0.00,306.82,35.03,0.00,0.00,19.63,1
0.00,0.00,40.04,218.85,27.27,290.91,39.94,0.00,0.00,0.00,1
30.02,44.07,0.00,270.93,11.91,328.13,0.00,12.75,18.96,0.00,1
19.53,115.61,88.43,289.24,75.11,403.13,0.00,0.00,31.20,0.00,1
35.71,11.53,0.00,177.71,0.00,258.64,30.74,0.00,35.79,0.00,1
2.21,3.65,6.72,31.59,1.95,51.76,5.20,2.40,0.68,6.53,1
0.00,24.77,17.66,176.33,2.06,288.44,0.00,9.53,0.00,7.11,1
34.19,0.19,18.38,186.42,0.00,225.45,11.53,15.36,16.60,13.59,1
13.58,0.00,112.09,281.28,37.09,325.50,53.90,0.00,15.77,0.00,1
11.13,11.19,12.13,45.71,0.00,55.89,0.00,0.00,8.18,9.43,1
9.21,31.47,0.00,299.90,0.00,355.44,0.00,28.14,0.00,0.00,1
62.88,0.83,0.00,221.34,44.81,291.48,18.61,14.28,0.00,0.00,1
19.85,34.88,0.00,72.73,8.91,144.79,0.00,0.00,25.50,19.70,1
14.65,14.41,0.00,172.56,26.08,284.52,6.22,8.26,0.00,50.37,1
0.00,0.00,11.05,333.66,58.88,332.16,0.58,8.31,0.00,43.95,1
0.15,7.07,0.00,54.86,2.59,66.48,3.56,3.35,6.28,4.05,1
0.00,0.00,10.90,53.00,0.00,70.16,13.47,0.93,0.00,8.52,1
33.36,5.62,35.37,73.42,21.26,136.78,18.15,36.98,0.00,0.00,1
7.69,6.70,15.53,74.53,18.76,181.04,11.76,0.00,0.00,0.00,1
75.49,128.28,91.44,345.57,18.95,483.15,0.00,21.43,94.15,33.09,1
68.41,52.26,81.48,342.07,0.00,387.76,29.45,71.00,50.05,15.44,1
0.00,6.47,2.40,64.80,6.34,53.82,15.73,0.54,0.00,10.45,1
0.00,3.35,30.50,124.29,0.00,216.55,31.60,13.62,11.00,0.34,1
69.56,0.00,97.59,316.99,1.36,468.15,44.08,36.72,7.57,15.52,1
0.00,0.00,18.82,79.81,18.27,104.40,5.97,11.46,33.09,9.48,1
0.00,14.69,41.88,193.20,0.00,198.96,0.00,36.03,0.00,17.34,1
0.16,24.61,31.32,226.32,9.76,445.04,55.27,70.31,53.94,32.06,1
43.16,0.00,43.86,374.04,64.07,445.36,0.00,0.00,52.54,54.15,1
0.00,24.06,54.05,230.56,0.00,305.43,0.00,19.08,63.56,0.00,1
0.00,0.00,0.00,200.01,21.18,182.77,18.32,23.47,38.29,38.54,1
23.75,9.13,41.02,161.58,0.00,181.63,25.31,27.64,0.00,0.00,1
22.08,0.00,11.39,151.49,4.37,113.11,21.92,13.82,23.25,9.78,1
8.40,0.00,44.49,119.40,31.98,73.63,4.46,12.97,0.00,10.19,1
47.98,125.20,0.00,400.66,0.00,373.51,69.38,43.90,0.00,12.00,1
0.00,30.83,51.37,455.66,66.53,557.51,33.34,158.34,60.57,1.68,1
0.00,0.53,0.00,178.23,15.64,178.10,4.43,18.05,2.16,28.88,1
101.91,117.98,73.19,322.27,2.56,429.30,46.29,6.20,31.99,0.00,1
43.83,38.51,0.00,295.39,58.51,426.88,92.34,35.96,7.76,32.61,1
25.67,0.00,22.02,141.70,9.32,121.63,10.96,0.00,0.00,0.95,1
0.00,0.00,88.26,326.65,0.00,397.78,73.91,0.00,0.00,49.96,1
11.76,13.50,125.58,228.76,19.09,431.07,17.70,13.31,48.40,0.00,1
0.00,44.81,0.00,232.55,49.19,375.48,27.86,75.49,0.00,19.71,1
0.00,14.41,6.72,45.86,18.53,48.57,0.00,9.02,0.00,1.01,1
0.00,10.50,32.59,416.02,36.39,367.01,0.00,98.61,0.00,0.00,1
0.00,9.51,0.00,88.65,0.00,208.93,0.00,0.00,6.90,0.00,1
5.17,0.00,21.72,179.99,22.05,250.29,0.00,17.96,0.00,24.80,1
35.40,0.35,9.08,318.77,14.94,248.49,32.85,0.00,49.64,0.00,1
10.75,7.21,0.00,49.28,12.12,109.60,22.28,6.96,0.00,7.18,1
4.70,0.00,0.00,89.30,0.00,167.56,24.10,24.08,3.40,22.91,1
11.75,0.00,0.00,150.16,11.26,167.25,12.35,1.03,4.54,34.51,1
0.00,7.26,0.00,178.33,0.00,174.05,0.00,0.00,0.00,20.25,1
0.00,53.89,20.12,189.17,29.92,495.60,31.65,0.00,42.21,0.00,1
44.99,7.64,77.77,227.14,68.47,362.37,31.84,0.00,7.05,26.96,1
0.00,0.00,0.00,162.65,16.72,278.69,0.00,13.88,0.00,21.24,1
0.00,0.00,28.65,203.75,53.88,299.35,16.34,0.00,0.00,0.00,1
28.39,50.96,40.74,231.80,24.34,310.16,7.24,10.11,0.00,0.00,1
0.00,0.00,113.06,264.83,52.40,529.74,105.79,67.58,27.68,0.00,1
51.76,101.90,3.24,291.39,0.00,535.67,0.00,30.19,79.99,74.98,1
0.00,36.89,36.93,220.03,11.41,167.11,34.13,2.45,36.46,37.00,1
30.51,0.00,0.00,191.46,63.72,288.30,51.45,12.29,65.60,14.78,1
0.00,5.61,54.93,303.89,32.02,431.50,73.20,48.32,8.62,0.00,1
6.27,4.24,6.98,57.74,0.00,38.88,4.08,0.00,1.29,10.21,1
0.00,21.33,48.21,228.35,36.19,421.45,14.64,29.58,0.00,62.05,1
9.57,0.00,0.25,73.69,2.89,121.04,0.00,12.72,0.00,14.83,1
0.00,21.30,27.70,219.74,0.00,236.30,0.00,0.00,0.00,68.00,1
0.00,15.39,66.96,244.01,68.59,516.00,66.39,0.00,0.00,0.00,1
0.00,26.32,0.00,276.76,61.09,307.15,83.51,80.54,26.43,20.70,1
36.79,12.74,15.73,117.39,11.71,111.19,11.53,8.54,0.00,1.55,1
0.00,12.87,0.00,147.21,17.74,204.83,35.10,30.08,16.18,6.86,1
0.00,0.00,32.29,320.47,0.00,378.41,32.25,28.27,25.78,33.05,1
27.45,0.00,3.72,138.80,0.00,159.71,2.01,26.66,0.00,5.99,1
0.00,11.15,37.62,211.52,0.00,188.98,3.66,19.78,15.41,39.05,1
68.40,71.30,66.40,305.17,93.49,392.70,44.37,0.00,38.09,0.00,1
0.00,0.43,19.30,74.39,15.04,150.19,0.00,0.00,9.78,5.09,1
0.00,0.00,38.90,110.69,8.41,221.48,0.00,0.00,13.81,0.00,1
70.51,66.92,0.00,244.15,9.58,542.66,103.14,0.00,55.45,0.00,1
14.74,16.08,21.47,139.11,33.42,172.43,38.27,38.41,0.00,0.00,1
0.00,0.00,5.42,89.48,3.30,205.14,11.76,0.00,0.00,37.62,1
1.87,8.35,14.81,286.84,51.26,339.17,59.31,4.05,70.91,0.00,1
102.18,95.37,38.69,410.89,127.78,390.93,51.26,0.00,17.18,106.53,1
0.00,0.00,21.47,259.28,0.00,492.61,92.81,0.00,2.37,2.24,1
9.98,8.02,9.55,47.28,1.31,44.81,0.00,0.00,0.00,0.00,1
0.00,0.00,12.50,153.03,13.34,94.46,10.62,9.90,0.00,7.55,1
67.01,15.04,43.51,127.94,1.93,286.40,47.11,0.00,25.93,5.87,1
4.99,57.61,30.39,162.23,79.05,331.08,39.07,11.08,33.61,25.46,1
16.28,0.00,0.00,166.27,0.00,273.18,21.55,17.07,25.06,21.31,1
11.59,7.28,0.00,320.72,43.02,277.07,0.00,0.00,19.25,57.66,1
0.00,23.32,34.65,115.55,81.94,220.04,7.21,0.00,15.44,0.00,1
39.53,45.77,0.50,178.23,42.47,373.66,56.63,63.62,0.00,0.00,1
63.22,27.95,160.50,255.32,70.75,402.99,0.00,0.69,0.00,3.15,1
25.59,35.82,28.01,200.53,34.37,148.91,54.50,0.00,6.54,0.00,1
20.14,2.28,0.15,132.82,0.00,73.04,3.19,0.00,0.00,6.04,1
70.04,45.66,45.83,528.26,77.31,505.31,90.11,100.05,108.51,73.95,1
0.00,58.91,40.67,313.70,31.23,355.60,0.00,33.36,16.28,0.00,1
8.29,0.00,15.10,77.72,25.33,133.77,27.76,0.00,0.73,18.33,1
28.64,54.88,0.00,225.96,43.34,310.37,53.13,25.56,2.08,0.00,1
29.17,31.03,46.15,254.21,42.20,391.93,8.88,16.24,0.00,52.48,1
11.31,10.53,32.14,66.32,0.00,153.72,17.58,0.00,18.58,7.25,1
4.33,51.18,39.74,251.77,0.00,298.09,26.80,0.00,0.00,2.35,1
0.00,0.00,20.33,558.86,77.28,340.16,4.76,41.89,18.25,16.98,1
16.69,14.44,38.34,185.52,33.14,323.08,0.00,25.08,7.30,0.00,1
8.26,0.00,1.67,42.54,7.80,76.38,0.00,3.97,2.76,0.00,1
0.00,0.00,22.90,140.48,14.55,186.84,15.70,0.00,11.76,7.21,1
7.99,24.60,15.82,144.46,26.02,229.86,0.00,15.84,6.86,32.23,1
3.26,0.00,24.28,161.05,12.71,415.96,9.74,10.36,0.00,25.43,1
29.35,25.36,5.24,124.60,5.88,100.39,0.00,22.32,6.82,0.00,1
4.62,0.00,8.30,353.50,38.25,354.00,40.03,0.00,24.08,49.68,1
20.15,16.86,21.13,137.27,21.21,140.46,0.00,0.25,13.19,6.35,1
38.17,0.00,51.16,245.37,0.00,279.21,11.11,0.00,0.00,0.00,1
0.00,0.00,38.20,95.94,2.63,236.91,33.31,12.53,14.89,0.00,1
62.28,61.07,34.47,211.78,0.00,385.50,23.39,0.00,9.90,15.46,1
0.00,4.57,16.60,102.06,26.29,70.06,0.00,3.27,2.77,9.60,1
13.10,31.64,20.59,126.06,0.00,138.20,26.34,0.18,14.64,0.00,1
0.00,11.46,13.70,98.09,21.66,43.13,21.39,8.34,7.87,0.00,1
34.85,15.91,12.87,110.57,0.00,94.49,0.00,15.97,8.36,8.22,1
5.31,13.40,18.64,131.50,18.08,203.40,33.28,5.54,38.30,0.00,1
10.70,0.00,39.19,303.49,4.91,464.80,25.32,0.00,20.97,36.09,1
0.00,9.19,50.26,165.86,31.75,365.32,36.95,0.00,34.92,4.78,1
25.94,8.32,23.05,249.88,10.40,253.56,0.00,8.18,34.53,0.00,1
10.37,0.00,31.12,294.07,12.54,176.85,31.65,0.00,34.11,0.00,1
0.35,7.79,8.58,40.30,6.86,67.54,1.89,3.91,0.00,0.34,1
0.00,0.00,40.94,157.73,36.62,116.45,11.81,0.00,0.00,0.00,1
44.85,127.94,164.49,196.51,80.95,496.70,0.00,23.84,0.00,32.45,1
6.48,9.81,14.09,76.32,0.00,94.18,0.45,0.00,0.00,0.89,1
0.00,40.62,11.26,128.29,5.06,149.34,0.00,0.00,8.03,20.44,1
4.76,47.06,10.03,154.88,19.67,297.76,36.77,4.73,0.00,1.80,1
10.85,4.70,2.69,84.09,23.58,128.05,22.27,0.00,0.00,4.28,1
0.00,0.00,23.96,50.58,15.43,74.32,9.31,11.88,0.00,14.11,1
0.00,10.63,4.83,53.22,2.40,63.48,0.00,2.53,1.45,5.15,1
0.00,35.79,114.97,270.33,45.63,319.93,0.00,0.00,66.69,30.49,1
43.74,55.33,14.90,220.88,0.00,227.09,35.40,0.00,0.00,0.00,1
109.03,74.17,9.54,628.97,94.55,379.25,4.64,0.00,0.00,66.82,1
15.20,0.00,65.27,254.12,84.19,274.57,76.86,51.00,0.00,13.04,1
0.00,12.90,10.92,93.37,8.26,69.64,12.99,1.38,3.19,0.00,1
16.07,56.72,11.01,158.19,0.00,351.74,52.61,20.66,55.94,5.93,1
0.00,56.09,84.61,608.02,139.17,338.06,0.00,36.62,59.94,33.75,1
12.09,0.00,20.06,206.00,0.00,276.82,11.01,0.00,15.17,0.00,1
0.00,6.95,16.63,245.60,72.16,332.91,23.42,0.00,0.00,36.58,1
7.49,15.69,85.58,351.25,33.16,355.53,22.73,37.66,12.01,32.02,1
2.00,52.86,67.94,213.50,36.68,437.08,63.84,0.00,0.00,0.00,1
18.30,15.53,62.16,382.54,70.33,331.93,42.25,24.39,0.00,11.71,1
7.61,0.00,38.80,245.96,0.00,476.29,0.00,0.00,14.33,19.12,1
50.16,24.42,5.39,423.16,0.00,326.85,2.58,17.94,56.67,0.00,1
6.61,7.64,32.63,84.28,36.87,184.00,2.01,0.00,5.67,25.71,1
91.28,117.26,63.65,510.79,0.00,484.05,0.00,0.00,43.45,84.94,1
0.00,4.73,6.01,40.70,0.00,50.27,3.25,6.54,0.00,2.17,1
0.68,0.00,12.51,58.29,16.07,82.02,0.00,0.00,0.00,0.00,1
45.15,31.52,47.67,328.16,27.56,394.22,0.00,5.48,35.35,15.88,1
6.76,11.26,1.30,57.10,7.16,53.56,13.67,0.00,0.00,2.47,1
23.01,0.00,9.80,193.39,22.67,117.16,39.47,13.21,3.61,21.98,1
0.00,0.00,65.16,251.39,42.36,375.54,83.66,13.15,0.00,35.51,1
34.56,46.03,62.43,310.65,110.93,392.25,2.92,39.50,10.33,80.49,1
4.81,1.87,14.78,55.76,18.15,41.19,0.42,3.34,1.35,0.00,1
30.83,11.13,8.26,133.43,9.64,122.19,0.00,0.00,14.56,0.53,1
3.08,0.00,26.51,231.22,0.00,235.66,35.23,0.00,10.98,0.00,1
0.00,0.00,34.31,272.11,0.00,372.34,48.91,4.90,9.96,20.34,1
24.93,0.00,0.00,109.48,26.92,203.68,54.92,11.04,33.67,5.28,1
7.48,6.01,2.63,223.29,0.00,183.69,14.36,0.00,0.00,22.64,1
26.64,20.70,18.83,432.90,14.11,402.45,31.78,0.00,24.23,56.64,1
6.88,49.48,34.12,365.77,41.30,403.60,0.00,0.00,38.92,21.91,1
72.52,33.49,45.24,189.77,42.18,375.24,36.46,0.00,8.65,53.51,1
30.75,7.74,53.77,178.37,27.71,269.47,25.61,35.86,0.00,16.11,1
27.82,0.00,57.92,298.36,27.04,550.97,0.00,41.65,0.00,51.40,1
0.00,0.00,0.00,374.22,18.14,271.44,4.08,0.00,0.00,0.00,1
17.50,0.00,0.00,289.53,26.87,159.73,0.00,3.62,8.23,0.00,1
16.43,0.00,14.53,250.42,37.67,348.81,24.53,46.29,22.60,0.00,1
71.34,17.51,0.00,393.94,28.62,445.40,68.19,22.79,0.00,30.63,1
0.00,10.34,0.00,187.69,10.55,381.84,49.18,0.00,0.00,31.23,1
27.92,0.00,9.38,252.58,0.09,406.05,0.00,18.43,0.00,63.19,1
31.92,55.02,99.61,355.73,0.00,596.58,9.36,53.50,0.00,35.14,1
0.00,0.00,3.61,93.23,0.00,126.11,0.00,0.00,0.00,0.00,1
0.00,4.41,2.31,169.15,19.97,262.56,28.18,0.00,0.00,30.32,1
52.32,0.00,15.89,344.41,145.61,367.45,0.00,40.40,92.86,0.00,1
20.63,30.08,0.00,140.06,25.01,244.37,30.77,7.70,27.98,30.55,1
12.91,0.00,0.00,219.98,18.08,246.04,6.92,54.83,0.00,0.00,1
13.01,0.00,11.22,79.11,0.00,208.68,2.49,31.44,0.00,2.44,1
38.92,0.00,0.00,237.43,54.13,541.85,0.00,0.00,24.91,0.00,1
19.40,0.00,38.43,217.89,20.58,256.48,34.54,0.00,27.59,0.00,1
45.78,64.06,28.58,306.56,0.39,296.97,0.00,0.00,0.00,36.20,1
0.00,0.94,1.75,62.62,10.33,113.86,0.06,2.01,19.83,0.25,1
0.00,12.25,21.49,297.97,0.00,328.68,0.00,19.85,18.08,24.90,1
54.01,50.69,1.78,312.61,184.62,594.94,6.20,68.94,44.12,80.96,1
32.64,0.00,83.05,195.87,0.00,399.33,15.90,14.86,0.00,5.93,1
13.71,7.30,0.00,285.40,44.61,347.40,0.00,0.00,57.05,25.16,1
0.00,19.42,27.01,201.07,7.44,142.87,20.40,0.00,10.50,48.45,1
3.96,10.54,1.12,124.82,2.65,105.28,25.30,0.00,9.71,0.00,1
19.07,9.45,5.77,146.77,9.55,105.24,0.00,0.00,0.00,2.96,1
6.91,0.00,17.71,390.83,0.65,309.17,0.00,48.23,22.76,27.83,1
12.27,50.65,25.01,281.87,0.00,495.70,0.00,0.00,0.00,0.00,1
0.11,0.00,8.77,36.31,0.00,62.38,6.28,0.00,0.16,10.99,1
3.63,24.42,7.74,180.92,29.06,135.14,2.11,3.89,26.68,9.01,1
9.02,15.09,51.78,251.76,38.89,312.97,67.06,23.62,0.00,0.00,1
18.13,14.74,5.53,100.87,2.70,76.79,9.85,1.61,6.84,11.11,1
0.00,0.00,32.61,163.67,1.57,361.56,23.19,3.06,14.60,44.07,1
61.40,35.86,58.05,210.91,0.00,443.06,42.40,19.85,38.57,32.47,1
3.10,0.00,77.07,421.76,43.85,481.82,0.00,0.00,0.00,79.49,1
0.49,20.48,9.42,161.46,0.00,123.65,0.00,0.00,11.20,0.00,1
0.00,28.99,14.26,165.91,6.33,124.96,17.85,0.00,29.69,21.16,1
32.42,11.88,27.76,323.29,6.46,306.60,80.62,0.00,4.13,0.00,1
0.00,17.16,16.69,122.72,17.10,142.13,11.38,0.00,0.86,15.22,1
11.87,62.50,33.43,366.77,61.45,571.42,0.00,110.60,0.00,0.00,1
31.07,46.60,4.42,420.07,111.49,463.51,0.00,45.44,12.65,31.73,1
0.00,0.00,30.34,145.87,8.58,186.35,58.70,0.00,0.00,13.11,1
24.02,68.43,66.85,162.85,13.21,545.92,24.60,49.95,46.52,0.00,1
29.03,11.25,0.00,96.20,10.41,121.51,1.78,0.00,7.02,0.00,1
10.37,0.00,39.91,128.18,12.79,91.71,16.97,6.68,8.58,2.15,1
50.30,0.00,35.52,298.06,88.42,470.65,98.34,0.00,15.44,0.00,1
4.19,3.18,13.14,73.10,23.41,83.65,0.65,5.04,0.00,10.50,1
22.80,0.89,5.47,388.04,94.05,526.81,0.00,61.61,0.00,145.31,1
0.00,0.00,56.90,258.05,9.11,294.44,54.73,25.33,6.23,25.61,1
13.27,0.00,14.56,91.07,8.22,74.84,11.99,0.00,0.00,0.00,1
0.00,48.34,34.74,327.20,57.55,610.97,34.12,32.83,0.00,69.87,1
2.82,27.79,24.08,336.26,37.65,252.77,0.00,0.00,0.00,0.00,1
0.00,0.00,7.75,41.11,18.54,100.07,0.00,0.00,0.00,25.86,1
0.00,44.02,4.69,189.90,18.98,330.61,0.00,31.74,0.00,24.83,1
2.83,4.00,7.38,55.91,9.02,45.57,7.88,0.00,0.28,11.85,1
13.91,24.74,80.35,183.05,62.66,452.08,11.33,28.49,97.76,0.00,1
100.72,0.00,28.97,379.96,0.00,527.36,0.00,0.00,30.51,37.54,1
4.53,0.00,0.00,361.52,13.72,302.25,6.97,5.08,23.71,0.00,1
0.00,70.22,43.21,422.36,0.00,406.06,20.36,45.49,34.93,0.00,1
29.80,60.82,0.00,176.05,51.64,354.48,12.29,13.57,33.40,32.25,1
10.61,13.93,11.41,125.83,6.45,100.69,12.08,23.78,9.82,3.64,1
0.00,15.37,24.57,525.26,78.21,376.01,30.22,0.00,64.31,3.66,1
16.46,16.09,63.81,123.75,22.36,242.61,0.00,0.00,7.90,2.85,1
0.00,23.27,49.32,221.00,26.30,176.32,63.89,0.00,0.00,2.40,1
15.58,48.66,10.68,181.89,19.02,304.82,31.20,0.00,12.17,0.00,1
0.00,47.58,11.02,273.81,16.96,640.04,0.00,0.00,0.00,17.43,1
52.89,74.18,0.00,269.65,52.67,534.08,72.95,42.58,37.16,23.66,1
0.00,0.00,66.43,260.50,3.08,399.42,25.45,2.09,57.79,29.76,1
20.00,35.98,16.25,256.26,18.89,522.03,0.00,20.16,92.51,0.00,1
0.00,0.00,19.73,66.25,4.87,67.77,0.00,0.00,0.00,0.00,1
0.00,30.89,76.75,225.76,38.51,268.62,0.00,0.00,4.25,2.81,1
38.61,0.00,57.03,202.97,22.82,152.54,0.00,6.60,17.82,22.45,1
10.84,10.46,13.49,211.30,74.38,400.48,0.00,0.00,112.88,0.00,1
0.00,2.26,7.64,52.76,11.62,48.17,0.00,2.70,0.00,0.00,1
74.09,0.00,0.00,284.10,24.92,493.56,48.03,0.00,0.00,50.92,1
0.00,7.79,0.00,104.76,23.97,136.24,22.25,18.04,0.00,20.36,1
0.00,47.87,39.32,414.89,0.00,437.24,0.00,33.92,1.19,20.64,1
29.57,23.19,0.00,186.07,17.07,155.58,30.28,15.21,16.27,0.00,1
32.84,0.00,17.70,221.19,50.51,207.70,17.15,0.00,2.60,0.00,1
39.76,148.16,31.70,564.45,69.29,362.35,74.99,0.00,80.70,0.00,1
0.00,0.05,0.60,49.67,10.96,67.83,17.72,6.36,2.97,0.00,1
0.00,17.24,0.00,211.76,19.31,320.50,27.22,8.09,27.52,0.00,1
42.60,14.85,26.17,181.48,36.93,237.30,21.68,0.00,28.96,0.00,1
51.36,65.19,9.28,390.94,17.30,459.48,24.43,27.29,0.00,25.30,1
9.29,5.33,3.34,98.62,21.14,181.06,26.56,9.49,27.14,0.00,1
0.00,0.00,0.00,436.20,39.86,384.74,0.00,25.50,24.47,7.60,1
0.00,0.00,59.91,388.46,0.00,470.28,70.44,29.79,0.00,0.00,1
24.65,0.00,35.82,289.52,43.74,411.48,33.15,7.69,0.00,0.00,1
0.00,0.00,33.72,261.67,3.91,476.21,6.72,54.29,0.00,0.00,1
85.28,0.00,0.00,215.98,11.16,273.65,18.02,0.00,45.64,40.48,1
33.35,0.00,20.28,153.14,0.00,276.86,32.08,0.00,14.87,0.00,1
22.72,37.15,53.97,358.53,18.45,279.42,40.50,49.79,0.00,118.70,1
0.00,10.96,0.51,33.71,5.97,54.58,5.07,4.95,1.14,7.00,1
52.33,53.14,115.61,262.64,15.16,468.99,106.74,15.49,26.53,0.00,1
25.20,16.70,101.30,304.50,72.66,272.40,25.40,59.77,28.04,0.00,1
0.00,54.45,46.33,361.86,0.00,520.52,14.79,0.00,0.00,0.00,1
0.00,9.13,0.00,203.25,96.12,557.11,0.00,29.51,0.00,0.00,1
47.78,25.43,70.98,290.40,58.65,360.37,25.19,0.00,0.00,0.00,1
0.00,0.00,30.31,246.04,0.00,653.43,75.35,8.10,52.85,46.30,1
56.49,37.45,15.32,214.94,73.12,301.82,50.72,11.59,21.93,32.53,1
3.84,19.49,33.81,65.89,18.20,93.48,4.43,4.46,0.00,3.33,1
24.26,16.15,50.65,234.96,32.02,274.18,18.17,35.00,0.00,0.00,1
30.08,42.23,0.00,199.50,19.37,205.58,3.89,0.00,7.36,8.11,1
12.36,0.00,42.56,261.97,46.09,224.07,62.08,59.13,0.00,0.00,1
7.49,0.40,4.94,131.13,0.00,126.88,13.13,9.43,21.91,0.00,1
18.69,9.48,31.96,211.02,26.55,350.06,0.00,70.71,0.00,0.00,1
17.83,103.77,67.93,230.32,11.72,478.26,113.64,0.00,0.00,0.00,1
0.00,26.97,0.00,236.91,63.25,457.97,47.78,0.00,48.25,16.77,1
1.72,12.47,12.28,114.74,23.55,74.81,0.00,0.00,18.66,0.00,1
0.00,6.53,9.79,78.70,2.23,76.16,6.87,0.00,17.88,0.00,1
21.12,16.29,0.00,219.79,5.05,192.62,22.22,14.94,6.47,0.00,1
77.08,64.31,0.00,276.30,46.68,585.01,30.96,54.91,0.00,0.00,1
0.00,89.11,90.28,404.75,13.39,376.68,86.42,0.00,0.00,27.29,1
9.77,0.00,18.72,110.16,0.00,188.54,12.25,0.37,0.00,26.26,1
28.62,7.74,19.37,183.29,0.52,177.73,42.32,0.00,36.07,0.00,1
0.00,49.92,0.00,195.33,45.32,290.84,0.00,0.00,33.54,0.00,1
1.98,8.58,0.00,62.87,0.00,38.00,6.47,6.93,2.29,0.77,1
67.87,1.64,44.56,251.07,24.44,404.73,29.08,0.00,0.00,0.00,1
0.00,0.00,0.00,532.95,0.00,373.75,49.15,14.56,35.39,65.89,1
0.00,0.00,0.00,320.20,16.95,376.13,41.53,0.00,20.47,42.37,1
48.13,0.00,0.00,123.08,0.00,275.34,36.08,0.00,30.20,4.84,1
8.65,18.54,35.48,73.02,22.87,131.28,16.33,0.00,13.64,0.00,1
4.56,0.00,17.65,124.73,0.00,102.62,3.10,1.98,10.14,32.72,1
2.97,0.92,24.66,90.04,25.38,62.09,11.84,6.82,0.00,0.00,1
50.95,0.00,64.22,332.08,54.00,576.01,50.22,0.00,0.00,0.00,1
20.28,0.00,28.64,321.85,0.00,312.85,0.00,0.00,20.82,12.04,1
0.00,0.00,104.09,289.83,58.08,290.60,0.00,0.00,0.00,25.41,1
26.85,21.41,7.31,177.49,26.11,202.27,29.04,9.47,0.00,26.15,1
0.00,0.00,8.11,138.03,35.20,189.86,33.06,0.00,0.00,16.66,1
132.88,22.32,76.77,331.84,18.41,583.11,0.00,105.02,21.38,99.74,1
0.00,6.72,8.25,72.33,13.16,59.71,9.46,0.00,6.07,1.43,1
27.85,3.63,25.80,140.98,0.00,288.01,0.00,0.00,24.35,0.00,1
0.00,0.00,19.24,277.28,12.85,187.17,63.38,19.55,32.91,18.79,1
34.86,0.00,49.30,265.98,43.13,222.89,36.88,10.82,9.78,14.59,1
13.64,23.83,18.60,91.61,19.69,74.99,2.51,9.96,0.11,11.49,1
0.00,6.87,18.70,437.04,92.27,334.52,50.26,32.97,40.16,37.51,1
31.54,9.31,0.00,252.86,6.27,192.52,0.00,1.07,27.89,7.05,1
23.22,11.15,1.29,83.12,4.46,173.84,0.00,0.00,8.48,19.61,1
0.00,3.78,0.00,93.15,18.29,171.30,11.77,6.34,16.32,0.00,1
20.88,1.58,5.75,179.85,13.98,125.03,17.07,1.59,10.27,0.10,1
84.81,17.27,0.00,203.86,3.23,405.03,32.45,3.13,47.50,0.00,1
2.91,0.00,13.66,72.45,5.88,41.24,4.45,0.11,8.97,5.45,1
0.00,0.00,23.46,217.62,0.00,238.50,36.48,7.33,36.59,50.34,1
58.34,0.00,19.72,413.14,99.64,581.70,84.47,76.09,20.21,186.90,1
0.29,74.90,31.41,305.83,24.15,398.67,0.00,0.00,0.00,0.00,1
0.00,50.88,2.81,524.63,7.53,351.62,17.88,72.41,103.11,13.73,1
33.47,55.72,45.35,491.08,17.07,409.74,110.25,0.00,80.14,0.00,1
15.36,0.00,0.00,299.97,48.84,390.80,0.00,0.00,0.00,8.97,1
29.92,7.50,73.08,352.88,2.36,510.06,45.59,0.00,0.00,0.00,1
20.06,0.00,15.23,52.22,17.98,128.74,19.38,0.00,10.67,0.28,1
5.38,9.74,49.67,219.17,64.77,217.29,3.68,0.00,41.28,7.01,1
0.00,21.93,0.00,158.84,21.96,191.70,4.66,1.30,20.81,27.96,1
0.00,14.66,37.51,259.14,69.11,273.32,0.00,11.67,4.93,61.55,1
31.40,0.00,0.00,444.24,22.76,409.38,10.67,15.52,22.21,0.00,1
22.66,0.00,0.00,186.89,0.00,281.57,0.00,0.00,13.47,7.79,1
0.00,45.49,16.13,168.00,21.57,177.43,21.18,0.00,30.67,4.17,1
6.14,34.01,38.10,148.79,49.69,305.12,0.00,10.16,18.56,18.53,1
44.73,71.71,0.00,304.40,34.85,421.42,71.05,54.27,0.00,0.00,1
5.73,83.30,27.62,429.09,46.21,404.99,52.96,0.00,0.00,0.00,1
0.00,12.10,4.46,74.65,4.49,62.06,11.91,2.01,1.42,20.13,1
20.07,13.17,0.00,117.61,18.62,297.05,0.00,0.00,47.08,20.08,1
55.67,67.69,43.77,380.41,21.40,270.02,48.63,19.72,36.06,62.02,1
26.24,55.27,35.14,220.48,0.14,165.86,0.00,0.00,9.03,0.00,1
0.00,16.30,0.47,78.63,35.87,159.97,6.47,0.00,12.54,8.97,1
1.29,0.00,16.72,73.33,9.89,82.27,1.43,0.00,5.72,0.00,1
0.00,47.95,36.74,397.49,13.53,256.60,10.53,29.39,45.15,4.19,1
28.05,0.00,33.43,263.59,72.55,162.59,49.15,7.50,7.03,34.06,1
48.57,0.00,3.55,529.34,0.00,401.39,0.00,21.33,71.96,52.21,1
2.30,9.93,0.00,75.35,11.80,47.89,4.07,0.00,7.02,0.00,1
12.10,16.84,26.90,293.10,28.16,277.50,35.02,1.38,0.00,0.00,1
43.34,23.68,25.36,190.90,21.86,226.52,0.00,13.15,8.74,16.96,1
0.00,80.39,0.00,259.65,46.57,230.56,49.52,26.66,50.71,0.00,1
0.00,0.00,61.47,225.32,0.00,405.27,27.27,0.00,8.12,45.39,1
0.00,38.99,0.00,220.98,21.39,201.11,39.70,6.03,0.00,35.77,1
55.97,59.54,0.00,233.40,24.45,170.91,37.93,20.59,13.35,0.00,1
0.00,12.46,98.90,279.48,35.18,336.68,48.12,14.33,28.83,3.95,1
28.00,0.00,10.90,139.36,0.00,263.85,0.00,51.04,0.00,4.85,1
16.55,57.18,0.00,246.63,33.89,269.21,4.37,1.59,33.68,39.51,1
1.95,0.00,8.89,53.14,1.00,44.41,3.49,4.98,15.10,0.00,1
28.98,23.39,1.97,157.86,4.79,141.90,26.86,0.86,0.00,6.89,1
0.00,0.00,63.55,386.11,56.76,392.75,43.47,0.00,0.00,0.00,1
0.00,0.00,10.96,132.15,25.03,217.78,0.00,0.00,13.17,25.18,1
14.63,7.77,52.16,234.48,28.82,244.12,28.07,0.00,80.57,4.13,1
12.18,24.89,11.78,118.46,10.16,132.02,0.00,19.15,0.00,1.01,1
26.37,0.00,109.29,430.09,114.93,351.42,31.17,0.00,0.00,78.79,1
44.75,66.27,9.89,386.91,96.97,212.70,56.76,0.00,63.57,21.06,1
0.00,0.00,7.71,92.45,0.00,232.00,13.93,0.00,0.00,8.91,1
35.47,0.00,0.11,158.86,0.00,235.21,12.44,0.97,45.50,40.47,1
47.33,48.45,55.50,245.72,77.15,391.35,0.00,0.00,33.93,38.08,1
13.23,1.83,41.78,158.27,24.23,395.26,0.00,0.00,26.89,63.11,1
0.00,2.64,27.27,50.65,9.18,91.15,10.23,0.00,7.66,0.00,1
41.24,48.80,48.40,239.45,32.92,251.28,12.48,18.80,38.53,0.00,1
0.00,17.55,48.94,274.61,66.38,477.27,42.01,0.00,0.00,10.25,1
0.00,1.82,0.00,132.09,0.00,289.43,19.46,0.00,0.00,10.42,1
0.00,0.00,18.18,195.57,50.82,166.47,30.27,16.91,30.26,27.87,1
3.24,0.00,15.94,77.09,3.66,112.68,0.00,8.71,10.11,20.64,1
0.00,21.72,40.97,206.27,58.33,189.05,25.31,2.59,62.97,0.00,1
7.13,0.74,8.60,77.50,0.00,56.64,8.63,3.22,1.94,0.00,1
5.58,0.00,0.00,60.97,2.37,118.39,2.09,0.00,0.67,12.62,1
4.35,15.90,16.15,53.07,23.56,146.94,16.73,2.80,18.27,10.40,1
74.95,47.06,35.33,240.63,18.64,303.86,16.58,0.74,0.00,43.21,1
30.85,9.91,41.35,513.56,53.13,393.18,63.70,44.47,0.00,35.77,1
11.63,0.00,14.58,58.12,1.70,98.81,16.26,8.22,0.90,0.00,1
104.70,0.00,49.14,313.61,56.39,517.41,0.00,0.00,8.48,22.27,1
7.67,0.00,14.85,84.73,9.36,65.39,17.14,3.85,12.86,12.86,1
0.00,0.00,71.84,617.60,25.22,452.55,37.64,0.00,47.41,0.00,1
0.00,8.06,12.79,127.96,25.79,119.12,7.24,2.91,31.90,15.95,1
0.00,25.36,0.00,411.39,0.00,456.67,40.01,66.01,0.00,0.00,1
0.00,0.00,32.14,234.94,52.37,359.73,6.89,0.00,0.00,17.77,1
13.89,0.00,30.73,234.31,19.19,410.60,88.34,73.44,0.00,34.46,1
32.30,0.00,1.95,231.38,36.27,156.55,61.03,0.00,7.50,0.00,1
18.76,0.00,0.00,77.75,1.23,85.33,4.09,2.79,0.00,1.90,1
47.42,0.00,18.30,171.40,50.40,296.19,0.00,0.00,1.64,21.32,1
21.08,9.17,27.44,140.94,28.64,165.07,14.74,15.45,12.68,38.78,1
1.43,0.72,7.39,61.28,3.18,54.35,0.35,3.02,14.31,5.29,1
58.51,0.00,64.96,222.78,53.27,275.37,0.00,37.00,1.94,45.67,1
0.00,0.00,0.00,540.35,0.00,415.45,40.97,6.16,0.00,80.83,1
66.01,0.00,1.14,291.50,85.76,409.67,0.00,26.13,72.48,0.00,1
79.37,0.00,16.32,336.45,56.99,597.54,30.55,27.18,33.87,6.59,1
0.00,9.81,18.15,128.95,18.38,189.46,0.00,14.12,52.55,25.31,1
0.00,23.71,24.29,219.77,8.33,230.81,28.60,19.63,0.00,24.31,1
14.13,1.16,64.24,499.52,76.21,409.44,27.68,0.00,18.67,38.77,1
0.00,64.03,56.53,377.75,25.09,419.49,19.67,0.00,0.00,0.00,1
22.60,11.11,34.23,347.80,34.14,315.25,27.72,13.73,0.00,0.00,1
19.54,0.00,0.00,199.72,0.00,149.05,41.39,0.00,9.43,27.62,1
0.00,30.86,0.00,300.95,54.29,195.68,0.00,18.09,19.20,0.00,1
27.24,0.00,55.08,260.07,11.47,315.70,64.33,39.90,26.84,40.64,1
42.73,29.73,29.29,308.69,24.15,209.19,48.29,0.00,9.88,0.00,1
12.08,3.95,27.68,79.81,0.00,120.75,4.91,1.63,0.00,0.00,1
0.00,20.73,40.61,105.86,41.84,232.71,0.00,1.42,0.00,0.00,1
0.00,4.91,2.70,49.38,15.10,55.07,4.06,8.02,9.13,4.31,1
27.21,33.42,78.04,308.00,81.45,371.27,10.93,8.38,14.66,79.26,1
0.55,9.39,0.00,59.37,0.00,80.16,0.00,0.00,5.19,2.24,1
45.69,22.62,37.68,193.83,0.00,331.18,49.90,4.19,3.35,10.17,1
5.60,2.90,9.65,67.56,7.43,108.93,12.65,0.00,8.77,13.43,1
0.00,0.00,12.86,60.74,6.30,49.85,4.80,2.22,0.13,5.86,1
6.19,29.48,27.85,137.74,2.93,142.21,26.49,19.37,2.22,0.00,1
41.31,31.55,1.39,188.34,20.27,242.07,27.17,15.98,29.98,0.00,1
0.00,0.00,0.00,201.68,2.78,258.21,31.16,0.00,22.75,37.89,1
9.49,34.68,47.95,352.18,24.09,279.93,38.10,0.00,0.00,3.19,1
11.07,0.00,0.00,102.18,0.71,180.77,8.65,0.00,19.91,1.37,1
17.75,32.84,63.10,230.44,0.00,321.57,0.00,8.50,0.00,0.00,1
1.25,0.00,51.05,242.92,51.06,190.28,17.20,4.53,0.00,5.77,1
88.23,21.10,74.07,296.65,33.35,470.72,45.27,0.00,0.00,20.54,1
0.00,0.00,7.41,277.70,0.00,368.12,14.80,13.34,0.00,4.58,1
1.85,26.43,21.40,163.23,21.16,297.06,8.52,0.00,33.36,17.15,1
33.16,3.07,23.36,289.26,48.30,235.91,0.00,0.00,77.64,25.64,1
19.15,0.00,0.00,140.90,0.00,124.99,21.00,15.77,35.26,0.00,1
6.61,8.55,19.86,123.18,4.26,72.79,16.50,0.79,0.93,6.07,1
0.00,0.00,18.74,124.51,6.25,122.14,24.59,0.00,3.07,7.20,1
0.00,6.30,14.99,410.07,105.55,525.70,73.47,0.00,0.00,112.30,1
60.27,25.68,68.32,323.06,22.23,521.80,0.00,0.00,36.50,0.00,1
0.00,0.00,0.00,134.68,8.18,247.96,9.64,0.69,19.11,41.49,1
72.56,2.18,0.00,393.41,43.53,348.00,85.93,0.00,6.06,26.36,1
18.79,0.00,0.00,87.40,0.00,158.14,0.00,8.37,0.00,0.00,1
9.47,26.16,26.41,161.53,40.21,174.54,37.71,3.96,15.42,8.14,1
0.00,0.00,37.81,182.76,92.63,435.46,61.32,27.39,0.00,97.08,1
16.86,16.25,15.64,95.78,32.39,152.82,2.12,2.15,5.75,9.98,1
0.00,39.51,32.19,188.17,4.04,193.20,0.82,5.58,8.27,2.97,1
20.71,3.24,11.97,123.22,12.74,94.20,15.70,0.00,10.20,18.12,1
90.55,4.97,18.71,317.13,3.52,521.34,0.00,28.11,35.42,0.00,1
0.00,0.00,11.13,141.14,38.89,176.16,11.91,3.44,18.88,1.66,1
20.27,8.35,19.67,134.78,13.51,103.81,0.00,0.00,0.78,0.00,1
37.31,2.38,0.00,335.03,24.37,232.33,0.00,10.32,0.00,17.30,1
0.00,8.21,0.00,81.71,25.12,135.44,16.83,0.00,0.88,12.53,1
0.00,21.15,0.00,198.18,79.90,230.19,61.34,42.09,0.00,18.13,1
20.45,71.91,49.53,285.40,0.00,365.76,37.80,0.00,20.88,67.63,1
20.85,18.97,16.44,76.37,0.00,93.71,8.36,0.00,15.03,22.96,1
0.00,9.22,6.28,43.22,3.92,70.33,0.00,0.00,0.00,0.00,1
0.32,0.00,14.17,79.96,14.58,67.00,9.32,0.00,0.00,7.98,1
0.00,0.00,9.63,57.69,7.14,96.18,4.81,0.40,10.96,0.00,1
49.88,60.85,6.20,358.76,8.45,491.94,83.46,0.00,70.31,0.00,1
0.00,35.21,51.33,351.90,39.27,338.33,0.00,43.99,23.52,17.32,1
7.88,10.48,0.00,125.91,18.42,64.64,12.00,5.71,0.00,16.59,1
0.00,2.96,0.00,33.71,5.53,66.62,0.00,0.70,9.53,5.73,1
19.54,10.52,10.34,139.39,0.00,155.75,25.86,8.81,8.28,0.00,1
0.00,0.00,46.81,222.89,28.95,265.74,18.22,12.69,9.12,12.51,1
0.00,95.55,71.94,337.59,0.00,628.84,46.50,45.10,11.09,131.62,1
9.98,0.00,84.09,421.79,62.71,282.73,71.54,84.54,52.84,0.00,1
0.00,0.00,76.36,277.28,0.00,409.87,0.00,0.00,0.00,39.25,1
0.00,0.00,6.70,143.30,40.87,127.09,27.78,23.15,9.84,18.78,1
21.00,15.30,8.52,66.82,28.12,151.45,12.34,20.95,11.83,0.00,1
0.00,0.00,0.00,162.33,0.00,143.05,23.45,0.00,0.00,28.05,1
4.17,5.75,0.00,246.22,54.64,415.35,7.81,0.00,36.25,0.00,1
3.29,7.34,9.69,75.48,4.94,62.19,0.00,14.46,9.69,5.11,1
21.12,5.96,10.28,96.14,16.34,119.68,3.25,1.66,15.36,6.13,1
37.72,30.24,25.46,318.56,11.38,195.37,49.03,0.34,30.74,0.00,1
0.00,18.26,25.43,132.01,21.34,158.95,6.13,0.00,21.09,20.79,1
7.61,49.58,50.03,299.00,59.49,263.45,14.88,28.81,0.00,14.35,1
45.51,0.00,21.34,207.72,35.17,167.15,6.80,10.90,14.44,15.12,1
18.86,0.00,29.30,196.52,36.13,175.59,0.00,0.00,26.01,20.12,1
7.09,1.40,0.00,65.59,0.00,43.75,0.00,0.42,7.88,6.06,1
0.00,0.00,13.18,148.25,1.32,142.45,31.67,9.49,15.75,34.05,1
41.19,0.00,70.42,294.00,0.00,494.50,0.00,1.92,0.00,25.96,1
0.00,6.39,47.93,150.53,13.90,302.58,46.52,12.07,0.00,20.78,1
18.28,55.60,58.64,328.61,88.44,708.88,8.92,55.52,127.55,68.83,1
50.59,32.08,88.53,318.35,0.00,536.98,55.29,0.00,43.37,97.72,1
7.52,0.00,31.33,80.75,29.86,198.13,0.00,17.19,0.00,35.49,1
0.00,18.78,26.59,138.28,40.19,147.10,7.21,18.94,0.00,0.00,1
53.18,0.00,0.00,203.53,0.00,462.12,0.00,0.00,34.54,0.00,1
16.31,5.92,91.42,357.59,4.88,344.22,34.07,17.02,16.74,51.96,1
4.38,0.00,3.59,82.61,10.29,106.04,0.00,0.00,0.00,0.00,1
0.00,11.30,0.00,122.92,14.14,178.67,12.87,0.00,0.00,15.11,1
0.00,7.57,0.50,455.65,6.46,416.63,0.00,8.24,0.00,23.45,1
0.00,0.00,83.44,397.58,61.86,288.84,0.00,0.00,70.73,0.00,1
0.00,28.64,93.84,513.68,21.07,516.85,40.86,8.19,99.63,26.72,1
24.85,0.00,50.56,331.33,31.95,617.78,6.20,7.60,0.00,32.05,1
8.21,7.90,0.00,58.50,11.64,79.55,9.38,15.37,0.00,0.16,1
12.31,11.58,0.00,207.07,0.00,156.26,0.00,0.00,0.00,13.40,1
2.10,6.50,4.94,84.16,0.00,103.06,0.24,0.00,3.76,5.54,1
55.49,0.00,7.22,431.44,0.00,430.77,0.00,27.08,0.00,56.91,1
35.19,34.66,39.16,210.73,40.17,152.21,0.00,0.00,11.22,8.93,1
27.52,0.00,39.17,94.98,47.91,184.78,18.32,13.96,2.60,0.00,1
1.27,8.88,0.00,67.08,12.26,84.67,6.73,1.79,0.00,1.61,1
0.00,0.73,0.00,142.20,0.00,137.14,11.16,1.06,7.96,4.32,1
52.40,0.00,21.48,285.50,24.92,553.06,0.00,0.00,71.57,74.29,1
42.18,0.00,99.19,384.05,52.58,243.97,20.26,28.22,0.00,6.51,1
0.00,34.48,22.80,505.64,62.93,357.95,0.00,73.05,22.04,0.00,1
25.44,44.38,65.17,379.88,46.50,271.69,16.04,0.00,4.16,0.00,1
0.00,5.60,71.83,193.25,39.64,241.46,20.04,0.00,15.05,29.77,1
18.79,24.22,41.33,321.88,49.74,276.69,76.81,0.00,27.12,0.00,1
0.00,0.00,6.93,246.58,49.44,418.52,0.00,0.00,9.74,0.00,1
0.00,41.94,45.71,142.98,6.66,332.61,0.00,14.36,15.18,0.52,1
0.00,46.32,107.79,501.79,0.00,468.27,56.38,14.38,86.46,65.76,1
32.05,1.08,47.81,455.19,0.00,524.57,56.97,0.00,119.87,39.98,1
53.83,58.35,127.92,546.90,27.83,284.84,93.68,0.00,0.00,0.00,1
9.06,3.73,23.31,201.97,0.00,168.44,5.66,19.12,11.12,23.68,1
5.61,8.01,4.82,56.56,0.00,61.14,5.87,4.99,11.17,8.71,1
44.16,30.38,7.55,105.36,10.40,243.70,3.32,0.00,32.63,25.00,1
0.00,40.46,33.32,427.96,29.08,358.72,0.00,0.00,11.10,52.89,1
17.02,32.59,9.07,296.09,12.26,220.02,26.30,0.00,11.06,0.00,1
7.87,11.19,12.55,158.55,22.57,182.94,0.44,11.51,0.00,0.00,1
5.84,36.22,0.00,218.74,40.99,467.22,35.58,0.00,19.12,30.31,1
17.72,31.60,11.24,153.36,14.87,296.59,36.74,0.00,0.00,7.27,1
44.47,65.80,131.82,360.22,100.16,452.40,75.15,0.00,46.14,0.00,1
80.02,61.51,57.82,303.27,118.81,620.33,56.61,46.13,35.24,0.00,1
23.51,26.19,6.68,270.80,0.00,466.66,44.74,0.00,0.00,0.00,1
0.00,11.34,69.86,362.57,98.54,497.55,63.68,61.96,39.59,24.41,1
0.95,7.56,7.88,93.51,10.82,82.74,5.57,0.00,0.00,0.00,1
24.07,28.35,0.00,209.60,40.36,122.20,0.00,28.39,0.00,24.29,1
31.78,26.72,16.50,121.50,32.25,201.58,5.76,0.00,13.88,0.00,1
0.60,13.64,16.46,138.69,12.35,127.97,3.69,0.00,8.66,0.00,1
6.07,33.23,40.18,125.79,20.74,271.44,0.00,17.95,6.64,26.05,1
32.95,82.45,51.74,254.74,17.08,550.99,16.61,0.00,7.42,0.00,1
0.00,0.00,121.06,363.55,8.59,527.92,76.10,27.29,0.00,94.10,1
50.39,20.51,0.00,328.76,20.67,375.14,69.70,5.78,21.49,103.18,1
0.00,4.63,0.00,122.67,16.64,148.19,17.73,0.00,9.26,22.47,1
0.00,0.00,3.50,205.15,0.00,172.18,34.25,57.75,4.10,0.00,1
52.12,0.00,15.84,296.42,39.31,261.96,17.30,17.48,63.47,33.46,1
16.92,27.56,14.50,291.85,31.06,209.15,15.72,0.00,30.06,0.00,1
27.47,0.00,16.90,53.63,25.85,139.05,4.41,10.78,15.50,0.00,1
50.81,0.00,70.06,288.58,21.76,400.98,16.74,60.38,10.35,39.14,1
0.00,4.51,10.20,101.14,39.49,122.92,1.17,1.04,3.97,2.59,1
0.00,34.29,6.98,121.14,19.89,159.96,23.42,0.00,19.59,9.70,1
31.67,14.18,1.08,135.15,0.00,227.59,0.00,0.00,24.49,0.00,1
0.00,7.15,29.27,86.05,10.90,183.08,20.85,9.32,5.46,4.52,1
12.02,19.79,81.75,337.98,60.01,211.78,0.00,0.00,113.85,32.56,1
4.65,12.31,9.02,143.31,24.11,125.78,0.00,1.33,10.28,0.00,1
4.24,7.28,3.69,64.36,6.24,56.62,11.89,4.58,10.57,0.00,1
0.13,9.60,14.99,51.80,4.29,46.25,10.58,0.21,10.48,6.94,1
22.87,4.25,0.00,150.28,36.98,126.77,0.00,20.87,0.00,0.00,1
10.50,10.92,30.86,164.01,32.10,122.54,46.68,25.51,0.00,29.09,1
0.00,0.00,5.99,181.37,0.00,113.43,22.51,26.59,8.92,4.71,1
0.04,10.46,0.12,146.00,33.83,292.74,29.79,0.00,22.29,0.00,1
3.84,0.00,0.00,62.87,4.85,161.88,0.00,15.84,0.00,3.78,1
0.00,0.00,12.09,281.19,19.65,307.94,51.20,20.87,0.00,1.13,1
44.47,0.00,0.00,236.71,0.00,223.51,0.00,22.04,6.31,0.00,1
23.12,13.29,3.67,82.43,0.00,166.64,31.99,7.48,0.00,3.18,1
29.58,0.00,43.50,181.65,38.32,243.94,5.83,19.27,20.76,0.00,1
0.00,0.49,0.00,90.70,0.00,78.19,22.90,2.06,0.00,19.90,1
108.43,1.56,10.62,317.63,36.17,304.10,14.89,3.20,9.49,18.40,1
10.91,2.30,18.36,89.34,6.93,137.92,22.21,6.77,0.00,14.12,1
67.50,0.00,17.84,373.62,55.10,512.68,29.35,52.85,0.00,0.00,1
30.94,35.93,116.03,255.61,21.38,554.43,0.00,7.81,30.02,21.58,1
0.00,6.45,71.13,325.48,14.42,575.34,56.09,1.70,0.00,22.83,1
2.15,8.40,2.83,38.85,5.76,44.52,0.78,0.00,4.48,6.03,1
21.09,12.49,0.00,158.68,0.00,202.46,0.00,5.82,36.71,23.79,1
0.00,0.00,14.51,205.47,22.23,319.47,0.00,0.00,5.21,13.86,1
0.00,24.65,8.93,146.82,57.66,275.21,4.58,7.26,13.63,0.00,1
0.00,0.00,8.20,186.25,0.00,208.87,9.15,9.03,26.37,23.31,1
54.84,0.00,49.80,147.64,21.51,352.01,23.33,0.00,0.00,26.95,1
16.94,15.15,0.00,101.91,0.00,69.28,7.63,1.32,7.66,11.75,1
0.00,0.00,27.86,378.21,34.75,276.34,27.75,0.00,49.85,40.06,1
0.00,0.00,22.09,371.99,74.49,538.33,0.00,47.98,82.46,7.23,1
0.00,11.84,44.26,532.32,33.23,269.21,0.00,41.20,48.38,0.00,1
37.42,2.69,38.77,398.03,35.71,306.42,2.13,70.90,61.87,0.00,1
24.23,62.96,59.51,291.47,51.79,406.11,12.27,13.55,0.00,0.00,1
67.21,3.45,51.19,370.27,79.30,388.74,16.55,4.15,48.69,51.61,1
43.83,0.00,16.40,346.98,23.76,476.45,68.42,45.34,26.64,89.66,1
50.33,72.78,114.59,412.20,65.54,442.78,0.00,79.99,76.06,0.00,1
5.73,21.40,23.11,99.79,26.85,155.64,0.00,6.08,7.49,0.95,1
0.00,0.00,0.00,160.16,16.63,218.23,12.36,28.50,0.00,37.36,1
0.00,0.00,26.14,89.18,0.00,309.18,24.93,10.08,0.42,30.31,1
7.01,0.00,9.57,143.24,1.61,143.56,0.00,17.65,15.12,13.61,1
0.00,0.29,9.38,56.39,0.78,44.65,0.00,3.29,0.29,7.73,1
5.52,59.79,0.00,369.51,0.00,472.40,11.03,0.00,15.21,0.00,1
0.00,5.53,4.51,39.08,0.00,78.96,11.34,0.00,0.00,11.21,1
17.48,34.31,10.51,153.62,25.76,113.48,9.74,5.78,0.00,0.00,1
0.00,0.00,4.15,193.42,0.00,137.71,52.26,7.25,55.15,1.09,1
44.09,57.21,48.31,287.55,41.57,234.63,0.00,80.74,2.53,0.00,1
63.33,23.82,91.48,378.07,0.00,510.64,0.00,0.00,74.52,2.64,1
0.00,61.78,72.12,275.29,20.87,482.76,37.89,0.00,45.79,54.29,1
76.52,0.00,15.69,400.53,75.40,388.28,90.38,0.00,0.00,0.00,1
22.19,49.71,0.00,126.72,18.82,191.74,31.50,30.24,19.70,0.00,1
14.20,15.44,31.73,168.32,40.51,157.58,0.43,1.16,6.87,3.94,1
0.00,0.00,0.00,52.70,10.05,109.62,0.00,3.80,11.24,0.00,1
27.67,40.56,0.00,166.72,0.00,344.67,46.26,0.00,2.24,0.56,1
0.00,0.00,103.66,382.00,120.20,495.42,0.00,0.00,0.00,37.87,1
0.00,0.00,6.97,64.12,5.56,178.34,16.92,0.00,0.00,0.00,1
0.00,34.07,41.67,155.66,42.55,278.61,29.81,14.23,18.57,49.75,1
16.42,14.56,25.07,70.29,3.65,148.91,1.19,17.07,18.18,10.79,1
0.00,0.00,9.32,54.35,5.94,43.93,7.65,0.00,0.00,0.00,1
0.00,41.59,41.04,169.41,56.38,281.26,31.91,54.47,4.97,13.03,1
0.00,47.40,91.33,526.24,23.88,352.07,6.10,0.00,69.37,0.00,1
26.81,0.00,22.46,173.06,23.35,177.14,0.00,30.68,12.97,10.93,1
77.87,0.00,21.54,219.01,31.01,488.99,0.00,26.41,24.72,55.23,1
0.00,51.53,0.00,391.04,58.31,314.30,4.31,0.00,27.92,52.34,1
73.74,85.26,66.17,406.74,32.54,411.62,22.42,15.37,19.43,0.00,1
117.91,74.93,26.95,306.44,82.45,181.32,77.99,4.61,0.00,0.00,1
44.14,28.65,0.00,103.75,2.90,228.59,0.00,0.00,0.00,0.00,1
0.00,0.00,28.13,100.75,0.00,133.74,13.67,0.00,0.00,0.00,1
0.00,0.00,11.29,157.31,0.00,254.91,0.00,0.00,25.31,0.00,1
0.00,0.00,13.69,326.78,50.90,285.61,0.00,18.61,0.00,44.90,1
5.90,26.12,45.89,229.10,13.04,380.19,21.12,0.00,12.39,2.64,1
7.87,2.30,9.53,49.96,1.50,77.19,10.58,0.00,0.00,7.64,1
11.83,7.31,50.83,181.08,11.75,410.11,25.39,3.40,28.92,8.91,1
0.00,0.00,21.02,399.35,0.00,555.67,19.71,0.00,23.09,0.00,1
35.33,0.00,7.52,122.01,5.26,130.16,13.58,4.95,12.90,0.00,1
22.98,23.64,21.12,196.06,40.94,183.00,12.11,3.67,29.97,11.02,1
65.25,90.25,0.00,443.05,28.86,625.77,0.00,0.00,0.00,0.00,1
0.00,6.24,0.00,319.92,47.03,170.03,30.92,0.00,12.77,19.35,1
93.84,0.00,92.11,240.13,38.70,336.77,7.65,18.02,0.00,0.00,1
34.02,82.00,91.13,292.84,13.81,489.14,0.74,17.62,0.00,16.39,1
50.52,0.00,28.51,431.19,25.12,480.40,0.00,0.00,6.12,67.37,1
22.73,0.00,4.11,212.44,10.68,185.31,12.81,25.47,10.78,27.23,1
7.48,53.31,46.89,273.80,27.53,429.91,0.00,43.83,35.91,10.93,1
105.41,23.76,60.09,284.24,58.47,506.72,52.15,55.73,0.00,53.76,1
100.60,115.38,82.85,535.55,65.02,405.52,0.00,49.51,0.00,51.19,1
34.32,51.80,34.25,199.43,67.83,296.67,85.93,7.30,13.39,15.38,1
3.32,30.21,48.17,247.67,8.91,250.63,0.00,0.00,41.05,0.00,1
0.00,0.00,8.90,51.80,13.45,104.41,7.62,0.00,0.00,2.31,1
1.81,0.00,26.25,124.02,14.52,228.08,3.01,35.61,28.40,46.89,1
0.00,21.59,17.64,164.96,0.00,237.11,11.66,0.00,29.31,22.49,1
44.89,55.47,56.44,190.91,0.00,300.78,17.31,9.72,5.02,63.26,1
22.76,0.00,49.81,163.52,0.00,96.28,0.00,0.00,4.15,9.98,1
16.83,19.51,24.54,150.93,26.13,101.00,31.79,1.65,0.00,0.00,1
5.79,17.02,15.71,133.73,3.44,141.82,8.37,6.24,2.88,39.60,1
25.89,48.10,7.90,165.04,33.07,150.61,0.00,4.32,0.00,33.38,1
12.29,12.51,29.26,153.03,8.88,129.82,15.21,2.44,5.39,6.99,1
73.73,0.00,62.55,308.85,9.30,282.47,57.08,25.55,20.04,0.00,1
16.10,3.37,5.47,63.75,3.55,73.78,1.57,0.00,5.15,6.68,1
21.76,7.43,43.89,165.09,11.07,101.49,20.76,0.00,0.00,0.00,1
37.83,2.62,32.51,227.47,35.35,359.34,29.70,0.00,13.16,46.23,1
40.53,62.94,30.86,198.12,0.00,271.32,0.00,31.33,30.44,27.07,1
2.11,6.48,26.55,147.72,0.51,97.76,0.00,8.17,14.96,0.00,1
0.00,0.00,32.95,378.37,76.71,596.73,153.25,1.88,58.24,31.87,1
0.00,0.00,47.25,194.78,18.58,386.34,0.00,0.00,63.42,0.00,1
4.02,27.20,2.90,155.09,15.04,167.54,0.00,0.00,43.89,8.88,1
74.87,0.00,0.93,157.07,9.76,395.89,18.20,0.00,77.40,19.01,1
32.44,0.00,73.20,505.53,74.22,388.83,23.63,0.00,0.00,0.00,1
85.40,16.65,0.00,435.97,0.00,343.90,25.69,0.00,35.66,4.63,1
71.93,120.89,88.43,402.99,0.00,414.11,71.64,89.39,59.14,0.00,1
5.36,43.99,12.03,285.50,79.46,521.20,47.42,30.19,1.70,0.00,1
0.00,4.21,5.77,69.21,3.70,46.78,11.13,0.00,0.00,4.96,1
4.83,4.88,1.80,89.52,0.00,57.30,1.86,0.00,0.00,0.00,1
0.00,0.00,34.89,197.63,29.71,264.20,1.83,0.00,30.54,17.63,1
19.96,35.35,38.59,154.87,2.09,148.50,12.97,0.00,0.00,20.60,1
8.69,8.03,6.43,97.27,38.58,167.41,4.15,0.00,7.90,3.53,1
22.16,2.91,24.18,72.49,10.13,115.25,5.52,9.48,4.05,0.19,1
0.00,38.13,3.90,84.29,8.10,115.39,24.18,2.20,0.00,5.02,1
66.14,0.00,209.52,579.71,36.17,355.63,27.91,0.00,67.32,0.00,1
33.38,17.70,18.70,108.47,5.35,249.99,28.93,33.44,0.00,1.41,1
79.45,16.21,0.00,358.72,0.00,422.11,18.34,29.32,38.15,25.66,1
63.32,49.26,149.26,321.57,83.62,370.55,36.61,69.75,0.00,0.00,1
21.89,0.00,0.00,549.99,71.03,433.67,0.00,35.69,0.45,70.17,1
53.69,7.40,0.00,341.18,25.78,497.66,9.69,0.00,0.00,28.65,1
0.00,0.00,45.99,190.03,45.19,364.60,49.73,0.00,0.00,11.43,1
0.00,15.75,0.00,215.00,65.47,262.05,60.63,56.47,21.99,12.92,1
3.98,15.77,0.63,141.43,16.07,162.78,0.00,36.21,0.73,24.92,1
63.70,55.38,14.10,325.42,71.00,251.97,7.69,59.30,9.22,37.64,1
0.00,0.00,0.91,277.23,37.19,473.76,0.00,2.20,99.44,65.50,1
19.43,29.17,26.34,145.22,0.00,248.50,42.60,35.39,59.60,0.00,1
51.81,33.86,64.18,482.90,0.00,661.23,37.11,0.00,0.00,0.00,1
29.09,0.00,19.97,355.09,46.57,281.55,59.14,0.00,8.44,0.00,1
7.78,25.88,0.00,229.50,18.59,191.72,21.45,0.20,22.15,5.98,1
0.00,49.97,144.36,299.44,34.55,400.09,27.49,11.01,37.92,0.00,1
45.61,29.72,4.44,407.63,0.00,281.58,13.59,0.00,5.47,12.93,1
13.46,0.00,64.79,188.39,21.64,294.74,43.62,0.00,0.00,0.00,1
12.99,9.99,0.00,58.12,0.00,81.36,0.00,15.38,4.82,9.76,1
0.00,7.25,0.00,230.78,0.00,329.24,19.86,34.94,54.92,0.00,1
9.52,5.43,22.60,105.03,0.00,125.29,2.53,5.48,11.84,40.61,1
0.00,112.09,42.51,376.64,60.67,260.15,0.00,78.57,51.10,63.57,1
58.61,25.81,37.80,390.62,46.59,380.72,34.01,24.75,64.71,0.00,1
0.00,53.53,83.20,290.61,97.93,456.14,7.29,32.09,0.00,9.69,1
12.54,0.00,25.95,210.06,17.87,269.00,31.76,33.11,0.00,0.00,1
0.00,10.02,67.45,114.45,56.22,227.73,12.34,0.00,0.00,0.00,1
20.78,54.01,0.00,221.29,0.00,369.63,89.96,8.74,23.23,79.18,1
48.75,0.00,8.95,313.39,46.05,295.90,24.53,37.97,9.61,15.30,1
90.14,0.00,107.43,355.40,67.69,536.92,109.77,53.78,0.00,37.45,1
53.60,32.07,45.26,257.57,10.63,161.97,32.82,0.00,0.00,9.01,1
0.00,60.17,0.00,351.53,71.95,222.04,0.00,74.55,38.06,8.56,1
56.04,20.72,75.32,386.31,0.00,429.33,10.14,39.93,31.79,0.00,1
19.02,31.44,5.28,97.76,8.03,153.91,0.00,1.97,22.28,1.05,1
0.00,45.47,0.00,219.51,37.11,381.22,0.00,0.00,0.00,34.07,1
4.06,4.66,0.00,48.44,1.39,38.65,4.08,0.00,0.00,0.00,1
0.00,6.53,0.00,169.65,0.00,304.19,0.00,16.93,0.00,42.93,1
0.00,8.61,14.04,229.43,0.00,154.33,0.00,16.82,0.00,18.55,1
19.70,9.11,0.00,128.75,20.87,117.66,0.00,2.06,20.52,21.68,1
6.79,0.84,7.65,74.08,3.14,84.07,0.00,1.04,4.24,3.53,1
64.84,79.77,71.51,449.01,0.00,498.52,7.70,0.00,33.23,30.26,1
10.39,0.00,0.00,106.44,36.57,154.48,0.00,0.00,23.14,0.00,1
27.65,36.60,1.46,124.32,22.03,183.51,11.53,0.00,2.06,6.14,1
0.00,0.00,14.42,303.01,23.89,426.83,0.00,0.00,13.76,66.13,1
5.54,14.85,6.13,138.58,9.56,189.05,0.00,23.71,14.16,9.04,1
18.58,3.87,0.00,97.91,14.37,108.09,12.77,0.00,29.85,0.00,1
12.33,17.97,44.10,250.17,0.00,234.23,0.00,0.00,6.87,0.00,1
2.17,0.00,7.74,68.40,11.42,66.85,5.28,0.00,11.41,5.66,1
9.58,0.00,9.70,66.05,2.52,125.86,5.46,9.41,17.46,6.74,1
0.00,80.87,124.98,520.46,33.05,359.00,58.91,0.00,88.04,63.51,1
6.53,3.59,7.87,63.84,0.00,83.51,0.00,2.38,0.00,2.20,1
35.85,9.81,18.52,284.66,16.10,386.24,0.00,11.86,15.70,25.80,1
11.11,6.47,16.41,153.55,10.34,112.56,0.00,0.00,0.00,8.24,1
22.26,42.12,34.83,247.48,13.84,193.75,57.04,0.00,3.00,45.55,1
3.05,0.00,9.14,64.61,17.76,109.72,17.41,2.20,17.83,0.00,1
0.00,48.95,9.40,336.84,0.00,501.51,35.65,0.00,63.94,23.13,1
35.45,36.07,21.11,194.75,9.57,197.04,15.67,35.47,24.03,24.39,1
65.38,19.92,111.97,318.38,38.46,464.42,23.88,0.00,0.99,0.00,1
10.06,22.14,0.00,424.45,62.68,376.45,60.17,0.00,0.00,55.87,1
17.57,0.00,24.68,346.97,85.50,599.05,0.00,1.59,0.00,0.00,1
8.93,38.72,80.50,417.14,58.40,292.01,0.00,5.53,0.00,28.04,1
17.47,4.53,0.00,72.58,0.00,168.91,16.05,0.00,16.37,6.11,1
21.98,0.00,30.26,387.29,37.05,318.80,33.19,0.00,8.66,0.00,1
64.06,62.99,52.33,295.22,124.00,281.52,53.72,24.51,0.00,0.00,1
77.53,0.00,0.00,556.83,25.26,489.77,0.00,64.62,6.33,58.14,1
101.68,33.96,25.01,341.31,0.00,395.14,25.13,0.00,92.61,94.97,1
0.00,0.00,16.79,111.88,29.24,290.22,43.49,0.00,19.93,29.25,1
12.96,0.00,26.96,242.83,34.55,257.49,0.27,0.81,0.00,33.72,1
67.35,38.19,0.00,370.49,19.12,322.45,51.56,7.68,17.24,0.00,1
0.00,23.50,11.92,190.38,29.51,255.06,26.58,27.22,9.80,0.00,1
0.22,55.64,94.90,190.13,58.72,317.17,31.62,0.00,2.88,0.00,1
0.00,7.38,0.00,222.76,56.04,517.38,0.00,19.59,0.00,50.45,1
19.95,7.20,0.00,108.87,12.61,87.53,0.26,0.00,0.00,0.00,1
16.28,11.31,8.74,78.42,10.56,53.01,0.12,5.23,0.00,0.00,1
0.00,0.00,9.61,143.28,16.38,348.55,32.35,28.61,67.10,0.00,1
0.00,0.00,24.38,41.04,15.29,139.03,15.88,13.86,0.00,16.46,1
10.95,0.16,21.06,210.21,10.41,392.44,19.91,0.00,23.53,65.76,1
12.31,3.96,16.73,61.09,13.04,46.17,8.97,8.66,3.01,8.93,1
3.09,16.35,0.00,47.83,0.00,96.28,0.00,0.00,1.67,0.00,1
27.76,24.19,0.00,192.19,0.00,225.82,0.00,0.00,6.73,35.79,1
3.17,0.00,14.85,308.42,0.00,448.22,0.00,0.00,3.24,0.00,1
20.95,26.98,32.23,181.74,28.50,489.48,0.00,113.16,10.61,43.36,1
6.89,0.00,25.28,193.06,61.01,296.07,20.79,0.00,0.00,37.65,1
0.00,31.63,0.00,538.71,125.74,405.85,0.00,0.00,39.99,0.00,1
26.24,26.66,31.78,310.62,73.29,339.85,0.00,0.00,49.36,0.00,1
0.00,39.17,101.00,417.33,0.00,372.62,51.44,0.00,33.22,68.48,1
23.76,19.00,17.11,85.33,19.00,106.91,11.63,4.14,18.53,9.04,1
78.95,0.00,14.22,384.30,92.33,358.05,47.71,25.57,0.00,7.20,1
7.47,0.00,0.00,83.57,16.12,72.72,7.21,0.00,10.35,2.39,1
15.34,0.00,29.82,260.64,8.71,217.46,0.00,24.81,0.00,35.80,1
3.03,5.26,6.36,32.13,0.00,59.36,2.19,1.60,0.83,14.59,1
63.33,109.72,55.28,125.94,31.81,445.63,48.14,0.00,0.21,2.27,1
54.95,39.01,103.22,254.51,3.83,411.71,0.00,39.40,0.00,0.00,1
39.60,48.31,74.27,234.18,0.00,371.62,0.00,35.66,69.90,35.05,1
0.00,30.88,76.44,147.34,79.95,298.11,16.29,11.96,33.63,0.00,1
0.00,2.72,7.63,43.37,1.32,80.01,0.00,0.00,11.33,5.10,1
0.00,24.07,0.00,151.09,14.45,172.08,14.31,11.27,0.00,7.03,1
0.00,35.77,27.11,362.98,0.00,421.69,41.86,0.00,0.00,0.00,1
0.00,0.00,16.12,465.22,47.50,518.53,55.65,0.00,0.00,0.00,1
7.32,7.31,45.08,254.96,0.00,479.53,34.88,15.44,0.00,0.00,1
0.00,30.47,38.55,369.86,20.74,235.05,45.01,0.00,2.62,0.00,1
27.71,0.62,0.11,161.27,20.66,123.10,2.52,0.00,24.91,0.00,1
0.00,8.27,0.00,190.18,0.00,206.81,7.91,4.13,3.52,0.00,1
0.00,80.47,11.30,260.29,0.00,385.64,81.80,36.86,34.95,0.00,1
7.37,4.33,0.00,78.02,2.20,130.39,5.98,0.00,2.30,6.75,1
133.49,48.53,9.38,445.50,86.47,568.66,64.09,6.89,0.00,95.70,1
0.00,0.00,49.79,316.93,54.31,249.25,10.95,24.23,13.87,50.96,1
0.09,13.06,18.06,119.69,13.11,235.56,0.00,7.02,19.24,0.00,1
25.08,6.63,35.54,258.79,32.84,194.49,76.47,0.00,50.90,0.00,1
38.07,21.30,17.17,143.49,38.27,211.22,8.55,11.30,26.97,34.54,1
0.00,11.77,5.29,121.31,5.23,126.90,15.58,6.10,0.62,16.03,1
6.81,13.45,8.72,70.30,0.00,79.99,6.07,0.00,15.85,7.58,1
39.43,0.00,11.10,206.80,30.13,393.41,0.00,0.00,14.19,27.65,1
5.09,38.90,34.55,378.47,33.31,363.16,50.88,40.98,22.74,29.41,1
0.00,0.00,1.03,101.57,4.40,273.32,8.22,0.00,0.00,2.41,1
15.33,0.00,47.43,370.82,45.11,301.84,68.61,11.38,38.85,54.48,1
65.04,56.95,59.72,356.52,123.70,507.47,117.61,28.85,20.07,84.82,1
8.76,0.00,0.00,87.81,0.00,124.38,19.91,0.00,19.92,0.98,1
35.67,55.20,0.00,357.09,31.27,427.45,0.71,0.00,0.00,45.41,1
5.90,0.00,9.05,60.82,4.32,56.69,8.94,6.75,12.16,4.49,1
9.77,0.00,2.60,161.90,9.73,124.72,9.70,12.71,20.96,0.00,1
20.26,0.00,14.40,54.97,0.00,139.26,0.00,0.00,0.00,0.00,1
0.00,1.68,0.73,29.34,3.23,62.90,3.27,0.00,2.06,8.24,1
74.08,5.52,108.16,317.99,83.30,437.46,138.32,25.23,28.05,51.82,1
28.26,0.00,63.64,251.28,7.15,304.25,26.86,63.09,0.00,0.00,1
36.06,0.00,28.81,207.43,59.39,191.76,52.27,36.14,14.91,48.78,1
0.00,0.00,31.98,219.75,76.23,259.25,21.03,0.00,0.00,38.97,1
0.00,42.64,57.98,225.86,4.39,379.64,51.80,0.00,0.00,42.96,1
0.00,5.13,20.30,161.19,5.88,158.01,0.00,22.54,23.81,19.05,1
8.42,40.75,25.15,381.17,89.87,413.59,27.83,27.94,0.00,21.20,1
86.64,28.94,100.33,393.21,0.00,493.10,41.80,35.15,73.92,23.05,1
0.00,19.65,19.58,123.79,0.00,116.70,15.01,2.19,0.00,25.84,1
20.85,65.42,45.50,310.07,38.01,314.30,68.18,32.87,16.32,0.00,1
44.15,50.70,0.00,259.99,1.52,305.23,0.00,0.00,56.09,61.41,1
28.05,7.91,0.00,371.20,4.01,243.91,52.85,0.00,26.26,0.40,1
0.00,0.00,36.09,408.39,71.69,447.85,35.98,21.20,0.00,54.13,1
20.97,17.22,18.75,138.72,29.88,101.42,21.22,0.00,5.41,19.04,1
32.66,0.00,29.32,162.18,11.18,165.75,34.21,0.00,22.24,10.57,1
0.00,27.14,37.83,537.74,0.00,389.10,51.51,0.00,29.90,0.00,1
12.14,10.99,2.53,213.12,40.09,250.25,3.34,36.64,37.84,16.47,1
27.00,0.00,0.00,55.91,8.02,119.21,0.00,0.70,5.62,0.00,1
10.41,43.38,95.83,359.80,99.18,500.46,90.28,4.61,83.41,114.19,1
6.96,0.00,29.16,168.23,3.31,142.60,0.00,0.00,26.57,0.07,1
0.00,11.20,43.83,156.07,20.53,78.75,19.54,18.33,8.78,4.36,1
129.89,25.78,60.30,310.45,43.84,440.35,68.35,0.00,0.00,21.03,1
0.00,0.00,12.24,78.68,19.62,106.87,0.00,3.55,2.83,4.76,1
0.00,0.00,0.00,76.57,0.00,116.06,15.30,12.77,15.14,15.91,1
48.02,55.69,40.74,501.25,9.02,440.36,72.72,0.00,0.00,100.48,1
52.11,11.00,62.49,236.93,75.25,329.03,0.00,9.05,90.06,73.81,1
11.84,9.49,0.00,63.41,0.43,34.76,11.34,5.04,0.00,0.24,1
0.00,16.12,15.17,287.79,0.00,358.62,4.76,27.93,0.00,0.00,1
0.00,17.30,0.00,277.93,0.00,551.83,88.49,9.80,117.62,53.31,1
67.30,25.12,64.50,172.52,19.18,180.21,13.97,0.00,0.00,36.55,1
0.00,8.80,35.83,155.40,0.00,141.16,0.00,0.00,4.88,3.69,1
15.63,61.13,73.72,426.66,65.39,470.03,16.74,41.59,0.00,38.19,1
0.00,19.14,46.90,460.87,76.48,529.27,42.01,0.00,69.29,19.16,1
1.98,8.03,13.08,120.48,30.56,218.76,27.26,0.00,39.45,0.00,1
52.30,26.83,32.98,429.84,60.26,556.57,51.83,0.00,7.00,97.50,1
0.00,21.67,65.82,351.62,29.87,389.36,0.00,0.00,12.20,0.00,1
0.00,0.00,47.76,323.59,90.01,291.28,25.67,31.59,0.00,10.15,1
4.73,4.61,6.35,51.67,3.06,54.27,6.43,4.47,0.71,12.55,1
8.83,42.15,9.02,224.60,2.35,269.86,24.95,0.00,9.06,0.00,1
4.96,17.60,14.33,49.57,36.82,119.89,0.00,0.00,10.62,14.15,1
0.97,6.70,46.86,453.10,28.13,289.17,0.29,22.79,16.00,4.07,1
97.25,55.71,72.05,259.61,2.11,491.91,14.52,10.29,43.77,0.00,1
58.69,27.86,94.03,560.94,32.08,355.93,72.31,83.02,0.00,0.00,1
33.27,0.00,0.00,218.78,30.01,288.00,0.00,0.00,0.00,0.00,1
0.00,54.75,0.00,351.61,3.91,439.64,0.00,0.00,58.68,21.22,1
1.77,18.78,12.90,370.48,42.00,243.70,2.44,4.82,46.27,19.47,1
19.77,0.00,60.75,133.24,36.92,272.60,10.59,8.54,8.74,35.96,1
23.36,33.44,33.18,315.52,11.15,481.05,16.10,22.46,5.50,113.12,1
0.00,0.00,60.46,164.34,81.36,314.02,25.67,0.00,9.87,6.28,1
0.00,57.19,124.09,455.18,44.17,391.06,5.95,0.00,136.53,21.13,1
14.77,0.50,2.55,60.35,15.74,92.13,22.83,21.23,0.00,2.24,1
0.00,16.57,7.10,140.11,8.76,261.92,12.26,5.61,11.45,25.65,1
2.92,0.00,0.00,214.85,21.30,232.79,0.00,25.84,0.00,0.00,1
5.56,1.09,4.90,64.93,0.00,79.58,5.21,5.81,2.00,12.83,1
12.13,6.47,15.63,53.45,0.52,81.64,4.70,0.00,0.94,20.92,1
0.00,0.00,0.00,352.75,0.00,537.50,45.91,121.22,7.86,9.82,1
19.58,33.16,24.05,206.73,71.97,246.20,23.39,0.00,37.88,14.10,1
3.93,0.00,0.00,146.28,2.75,130.11,13.88,0.00,0.00,0.00,1
101.05,41.61,71.44,470.42,0.00,384.80,51.80,14.45,6.34,0.00,1
0.00,0.00,20.15,277.07,56.13,221.10,25.05,36.49,0.00,28.72,1
0.00,0.00,0.00,40.84,4.25,61.28,0.00,0.00,7.98,8.70,1
0.00,10.32,67.54,271.02,59.46,685.03,71.16,83.18,0.00,0.00,1
0.00,0.00,0.00,304.37,139.90,483.44,16.14,30.61,0.00,0.00,1
15.67,5.00,10.32,101.21,11.83,109.40,3.92,19.71,0.00,28.32,1
41.72,31.35,21.46,234.11,6.27,333.20,63.63,41.14,28.56,0.00,1
11.63,0.00,14.22,79.95,0.00,84.54,0.00,4.88,10.72,7.56,1
26.35,39.09,61.46,258.56,5.95,423.21,25.82,19.21,37.76,46.66,1
52.69,0.00,106.25,315.54,86.07,499.08,0.00,0.00,13.18,42.55,1
33.89,0.00,80.86,287.52,8.41,361.68,14.20,4.02,28.89,0.00,1
90.68,26.90,0.00,251.86,51.23,499.37,6.29,66.91,49.48,0.00,1
39.08,0.00,18.16,158.77,8.30,142.50,14.30,0.00,0.00,0.00,1
0.00,8.59,16.89,86.93,8.26,191.18,47.47,18.67,27.36,21.85,1
14.97,0.00,19.28,131.72,2.27,109.15,8.07,12.76,18.48,18.98,1
4.98,13.33,0.00,77.14,0.00,152.68,24.31,0.00,5.38,15.97,1
14.01,47.33,0.00,235.45,15.98,226.33,22.62,0.00,39.35,13.81,1
37.64,16.35,17.63,238.94,123.83,455.69,0.00,50.26,0.00,0.00,1
0.00,0.00,2.80,73.14,10.03,190.05,10.51,0.00,0.00,0.00,1
0.00,13.87,11.38,292.63,0.00,238.47,34.70,3.57,39.05,22.41,1
23.18,0.00,3.51,302.46,0.00,250.73,19.51,36.91,26.84,65.98,1
61.88,90.77,4.60,235.07,19.11,342.49,35.92,0.00,64.39,24.65,1
58.67,14.26,74.12,226.88,61.05,320.21,0.00,22.64,5.22,35.37,1
0.00,21.21,22.87,84.69,7.87,161.76,18.02,2.89,1.38,16.38,1
17.99,9.48,53.36,189.03,1.65,302.72,32.65,0.00,7.24,17.06,1
105.01,6.64,35.76,253.64,104.29,539.56,0.00,0.00,0.00,20.57,1
0.00,0.26,8.81,55.69,8.37,88.54,0.00,9.18,0.00,7.97,1
3.18,17.14,37.89,339.95,75.39,253.10,65.62,0.00,0.00,26.63,1
44.49,0.00,61.65,394.58,0.00,613.17,62.20,0.00,0.00,34.34,1
7.52,24.44,46.85,164.59,39.35,379.53,25.79,40.29,0.00,0.00,1
38.71,11.24,13.43,225.98,19.12,269.34,0.00,2.78,43.51,0.00,1
27.48,0.00,19.19,231.97,15.31,334.31,0.00,0.00,0.00,14.16,1
7.84,11.21,23.83,177.73,52.22,329.33,77.46,47.63,46.29,75.09,1
0.00,24.44,25.68,220.47,28.10,246.70,26.87,9.17,21.02,0.00,1
9.80,2.05,25.20,256.64,30.77,273.95,5.86,0.00,26.06,40.76,1
16.83,0.00,0.00,214.05,44.80,244.86,0.00,0.00,0.00,10.90,1
0.00,10.63,6.25,95.86,29.81,135.30,5.10,0.00,4.81,0.00,1
46.10,4.23,23.11,227.21,12.24,409.86,42.51,54.02,47.79,62.40,1
0.00,0.00,0.00,138.46,14.57,129.00,0.00,1.27,8.43,29.61,1
0.00,6.60,1.27,84.77,7.44,93.70,0.47,5.30,0.00,9.70,1
0.00,17.38,35.37,211.39,12.59,177.24,12.16,0.00,0.00,36.64,1
6.47,0.00,0.00,89.47,4.76,142.82,0.00,1.55,0.00,1.94,1
8.22,10.48,19.03,163.24,0.53,226.83,0.00,14.88,21.06,0.00,1
14.84,24.61,34.88,118.48,6.70,190.57,0.00,8.06,17.03,0.00,1
2.50,36.36,30.78,182.22,65.59,388.46,0.00,5.57,31.90,4.15,1
13.02,22.20,95.58,288.33,0.00,488.43,25.66,73.63,0.00,37.74,1
1.66,44.14,26.38,206.64,11.70,173.49,0.00,4.28,3.38,0.00,1
0.00,3.94,0.75,30.45,9.16,61.58,0.00,1.10,8.24,0.00,1
0.00,8.82,6.33,39.50,2.49,61.12,8.58,0.00,3.41,0.00,1
0.00,0.00,0.00,135.01,0.00,181.25,0.00,0.00,0.00,0.00,1
0.00,14.66,19.10,265.61,12.89,180.39,0.00,76.96,20.76,0.00,1
8.83,29.51,48.31,292.99,37.56,310.34,34.15,31.89,57.93,16.80,1
5.57,0.91,18.38,90.11,6.29,108.07,16.64,12.62,13.51,32.29,1
2.94,16.35,18.29,77.54,9.87,197.86,3.12,9.57,3.26,0.00,1
61.81,17.21,0.00,332.20,37.67,461.06,49.82,0.00,0.00,36.30,1
0.00,10.98,17.15,196.26,20.68,213.86,62.68,5.15,0.00,0.00,1
8.35,0.00,6.50,37.99,13.62,76.12,6.94,1.62,0.08,3.80,1
1.04,3.44,0.22,63.13,0.00,40.32,2.63,0.00,4.38,0.00,1
25.05,9.41,0.00,201.53,4.60,259.73,30.28,0.00,30.09,1.37,1
30.24,0.00,4.09,219.23,0.00,377.32,44.84,27.02,24.42,4.41,1
20.16,0.00,7.02,126.04,9.03,124.99,10.48,0.00,3.63,9.60,1
0.00,4.17,2.37,198.73,40.99,295.14,0.00,14.60,0.00,0.00,1
2.79,34.93,51.75,151.10,65.25,295.15,32.66,0.01,0.00,38.64,1
11.22,28.74,83.35,279.85,76.53,500.37,0.00,19.43,62.30,59.04,1
18.57,37.63,0.00,173.28,58.19,123.74,31.04,0.00,0.35,0.00,1
6.64,22.93,0.00,283.18,12.06,244.43,19.81,22.93,0.00,0.00,1
43.02,0.00,47.19,161.79,25.80,263.16,22.73,25.37,0.00,27.60,1
0.00,53.48,47.14,338.77,44.11,640.83,0.00,113.31,83.55,48.70,1
53.30,69.97,30.97,320.91,59.77,181.71,0.00,9.33,0.00,0.00,1
15.54,23.15,5.55,272.17,30.59,263.55,0.00,7.17,24.00,34.24,1
23.48,4.74,0.00,335.97,81.84,441.72,0.00,0.00,65.63,34.96,1
31.01,27.18,17.97,253.86,13.18,214.95,15.97,23.03,0.00,0.00,1
26.36,20.54,25.24,103.78,0.00,164.26,16.73,0.00,13.43,4.37,1
67.45,0.00,73.53,388.53,0.00,303.88,22.70,58.96,5.67,54.35,1
6.70,27.54,2.76,427.24,45.38,361.10,0.00,0.00,0.00,44.84,1
0.00,22.98,3.35,103.33,6.39,111.12,0.00,2.33,4.29,0.00,1
41.14,0.32,47.91,259.29,59.03,236.59,0.00,0.00,32.89,15.96,1
0.00,34.44,4.50,240.36,1.18,177.21,0.69,0.00,0.87,14.75,1
0.00,9.60,3.01,73.15,0.00,58.47,0.00,0.00,13.14,6.56,1
3.48,0.00,8.78,56.05,8.02,58.12,0.16,12.09,4.07,0.00,1
62.12,35.00,39.65,297.88,51.47,621.31,0.00,0.00,12.24,0.00,1
5.43,0.00,32.39,206.94,15.24,227.16,26.23,0.00,13.93,14.97,1
7.40,0.00,12.73,61.32,3.84,130.71,15.08,0.00,4.36,0.00,1
0.00,11.11,25.05,145.15,25.19,239.81,6.29,3.82,28.30,0.00,1
19.68,1.42,0.00,137.03,20.34,127.00,22.56,0.00,8.09,0.00,1
22.94,0.00,8.28,211.50,31.57,364.96,40.47,0.00,0.00,6.78,1
14.38,107.72,116.96,343.51,15.74,461.45,86.70,0.00,55.34,18.43,1
14.21,1.03,27.94,158.86,4.81,216.31,21.99,8.27,22.83,0.00,1
0.00,5.18,84.92,246.58,35.18,619.32,62.21,90.49,7.21,46.62,1
40.90,31.13,51.60,368.95,33.22,388.04,0.00,0.00,12.05,38.95,1
0.00,0.00,32.89,214.88,28.96,178.53,0.00,4.55,28.77,7.54,1
0.00,0.00,9.05,186.96,4.83,166.75,8.33,0.00,20.45,37.72,1
30.39,34.63,48.22,444.75,19.01,379.57,0.00,34.59,0.00,0.00,1
0.00,0.00,8.71,215.58,0.00,604.97,46.92,0.00,0.00,72.50,1
21.49,35.60,0.00,256.66,26.18,221.26,20.45,39.28,10.30,10.08,1
0.00,0.00,43.70,213.18,29.55,333.64,0.00,0.00,0.00,0.00,1
6.41,6.13,0.00,63.93,5.35,48.28,0.00,0.31,0.00,1.99,1
4.78,0.00,18.75,254.06,0.00,462.46,20.12,16.09,0.00,0.00,1
22.95,43.42,9.76,135.09,9.76,203.04,22.74,22.97,6.46,18.84,1
13.42,5.80,32.23,219.42,7.68,224.31,29.10,0.00,0.00,20.79,1
10.45,114.42,53.51,221.91,48.20,390.68,0.00,28.32,63.02,25.68,1
1.45,23.65,97.02,148.48,2.76,343.75,20.03,1.35,0.00,0.00,1
9.51,6.51,2.94,66.23,0.00,65.97,16.06,0.00,0.00,0.00,1
15.84,18.76,57.63,181.78,35.98,168.63,10.06,27.08,21.37,55.03,1
19.99,0.00,7.54,267.38,3.38,372.75,48.27,55.27,0.00,18.09,1
69.39,0.00,39.60,257.11,2.14,316.32,70.01,24.40,19.82,13.90,1
0.00,49.15,12.52,286.30,70.82,217.04,57.15,7.84,13.72,0.00,1
78.66,68.39,54.90,362.49,33.61,655.22,2.54,0.00,68.35,18.40,1
37.11,37.23,54.91,306.65,22.17,231.66,0.00,0.00,22.16,38.41,1
0.00,2.00,8.27,137.50,0.00,127.28,7.49,3.87,1.53,18.08,1
47.79,59.46,38.86,231.70,48.92,357.06,35.69,6.31,53.23,0.00,1
30.18,21.78,42.42,354.82,62.65,346.06,0.00,0.00,37.38,91.30,1
0.00,0.00,2.40,74.44,18.69,122.66,0.00,0.00,0.00,11.98,1
23.07,6.82,24.04,170.68,14.28,140.02,21.10,17.64,0.00,0.00,1
37.36,10.72,0.00,176.91,52.49,223.35,0.00,8.13,0.00,0.00,1
45.09,24.36,0.00,103.77,12.99,231.26,0.00,6.96,4.39,0.00,1
0.00,0.00,26.36,161.10,65.24,294.62,0.00,15.79,0.00,0.00,1
15.20,87.75,44.19,361.92,0.00,270.11,0.00,0.82,31.59,52.32,1
33.10,0.00,38.88,202.43,4.85,220.99,30.39,24.79,31.53,31.49,1
0.00,5.99,31.78,119.38,6.74,163.24,3.22,0.00,0.00,0.00,1
44.99,5.52,0.00,481.62,0.00,462.06,98.84,80.21,3.69,65.50,1
0.00,0.00,25.82,217.12,0.00,172.60,0.00,0.00,0.00,0.00,1
40.05,0.00,104.41,489.59,16.12,473.61,66.48,0.00,23.74,0.00,1
4.82,21.00,29.04,257.96,65.35,293.27,0.00,27.89,25.23,0.00,1
19.04,39.38,4.65,140.16,58.78,346.99,17.43,43.48,29.66,0.00,1
42.32,6.67,70.48,282.42,75.85,449.53,0.00,0.00,48.28,0.00,1
0.00,0.00,8.79,140.22,0.00,217.25,0.00,16.92,8.63,10.43,1
41.71,0.00,56.34,255.85,15.94,512.52,0.00,9.45,0.00,0.00,1
43.68,0.00,3.09,179.88,43.02,202.73,29.34,37.61,0.00,19.21,1
29.13,55.68,71.15,489.00,0.00,447.46,8.30,12.50,90.43,0.00,1
0.00,12.16,114.02,400.38,85.22,210.24,0.00,0.00,54.63,32.94,1
27.25,37.23,11.77,153.44,79.22,412.11,15.86,0.00,0.00,7.05,1
10.28,0.00,70.42,215.21,32.05,291.45,49.73,8.72,0.00,0.00,1
36.89,65.27,22.83,389.84,15.86,283.17,49.30,53.05,16.83,0.00,1
0.00,47.29,28.76,189.32,66.12,280.26,0.00,13.09,0.00,0.00,1
0.00,30.41,14.22,243.05,8.93,267.16,21.44,45.31,0.00,0.00,1
85.97,39.73,8.68,432.76,84.10,356.88,109.75,0.00,6.21,0.00,1
0.00,23.95,33.98,124.10,15.85,188.46,36.67,0.00,18.02,6.85,1
12.27,8.95,40.93,367.43,0.00,295.66,13.94,0.00,0.00,3.95,1
84.40,0.00,33.65,393.30,58.03,584.29,64.45,0.00,80.42,55.13,1
7.90,37.82,29.22,150.82,69.87,387.64,51.32,0.00,14.73,10.37,1
57.14,7.65,17.15,238.09,3.36,332.33,0.00,36.45,55.74,30.39,1
10.33,34.97,49.51,204.92,0.00,249.06,0.00,0.00,24.23,17.99,1
37.79,42.51,53.26,269.93,49.92,246.07,6.58,0.00,0.00,67.45,1
0.00,22.45,38.66,225.28,73.07,315.52,32.25,1.39,0.00,36.83,1
21.83,0.00,0.00,383.94,34.24,490.96,0.00,22.72,85.55,155.44,1
87.72,74.81,78.28,242.12,0.00,520.39,48.59,16.90,0.00,18.50,1
64.06,0.00,25.48,296.70,0.00,245.73,0.00,2.31,1.99,13.77,1
95.31,88.90,83.23,378.17,83.85,451.07,95.11,62.40,71.52,51.91,1
4.70,17.55,40.86,261.85,28.92,260.92,0.00,12.02,8.21,0.00,1
8.44,55.59,54.65,388.00,33.39,299.33,92.79,27.03,75.49,0.00,1
37.63,0.00,43.45,511.67,86.24,497.52,52.98,67.97,0.00,0.00,1
0.00,0.00,46.49,184.23,10.80,280.29,23.56,26.61,41.51,36.47,1
7.16,7.40,4.09,77.00,0.00,190.38,49.13,23.05,19.25,10.55,1
10.93,10.13,15.62,51.98,12.20,75.17,4.96,1.69,1.04,3.29,1
64.12,53.35,72.40,336.40,36.37,368.04,52.99,0.00,49.88,0.00,1
0.00,21.64,3.36,192.17,12.23,270.79,13.69,39.79,15.20,11.01,1
3.21,8.28,29.58,168.72,24.26,387.46,85.17,19.02,0.00,4.88,1
21.47,0.00,78.60,508.25,58.71,531.01,0.00,0.00,0.00,100.68,1
8.51,2.72,51.64,186.55,0.00,344.00,34.14,36.10,30.79,46.79,1
0.83,9.69,17.15,145.28,22.69,129.86,9.55,0.00,22.79,9.36,1
0.00,35.25,37.85,278.77,0.00,323.47,76.81,22.47,14.60,0.00,1
0.00,33.39,49.75,202.33,41.95,433.81,0.00,45.13,51.22,70.59,1
16.75,14.03,11.45,127.40,15.13,139.03,0.21,6.19,12.16,12.16,1
0.00,95.29,91.73,330.69,0.00,625.76,0.00,12.24,64.62,11.97,1
29.82,0.00,21.91,223.38,28.39,145.02,3.72,0.00,16.54,0.00,1
0.00,58.20,134.21,431.56,85.17,413.16,2.45,14.43,0.00,8.81,1
46.71,0.00,141.24,505.67,108.05,446.29,50.37,7.51,0.00,91.49,1
10.71,18.76,20.64,251.47,98.32,233.58,52.04,0.00,35.41,14.29,1
0.00,4.56,11.12,226.37,19.32,346.52,0.00,44.29,62.40,22.91,1
24.75,91.26,21.03,421.10,15.06,322.59,0.00,0.00,0.00,46.16,1
0.00,18.31,4.76,89.05,0.04,209.99,11.05,3.42,36.89,24.86,1
20.01,3.36,30.54,83.96,26.09,79.53,13.53,15.61,13.82,22.65,1
0.00,0.46,4.37,53.40,5.98,57.38,4.35,9.99,0.00,6.31,1
65.46,0.00,26.50,319.25,3.63,274.72,58.16,0.00,52.41,0.00,1
95.92,0.00,11.94,374.49,0.00,544.81,0.60,0.00,79.72,37.98,1
0.00,0.00,5.93,59.91,5.98,80.61,11.02,5.93,12.35,1.04,1
0.00,0.39,21.28,193.44,40.61,394.21,0.00,0.00,39.94,0.00,1
86.74,7.72,0.00,241.11,30.62,520.62,67.40,0.00,10.90,45.94,1
16.19,0.00,0.00,349.83,36.25,222.47,82.94,10.52,48.48,0.00,1
42.59,0.00,0.00,384.46,44.25,495.75,4.70,0.00,60.51,48.37,1
0.00,20.10,0.00,292.76,40.62,309.92,25.22,0.00,8.39,0.00,1
0.00,0.00,0.00,153.57,7.57,140.36,18.75,33.16,1.88,27.38,1
8.59,0.00,9.35,101.56,15.69,107.14,0.00,7.64,0.00,17.11,1
24.55,19.47,25.82,204.91,34.08,180.41,41.29,3.29,7.09,10.72,1
0.00,8.91,0.00,143.63,33.33,106.43,0.00,0.00,0.00,0.00,1
60.38,0.00,17.58,165.97,11.38,380.28,39.41,9.90,0.00,33.59,1
75.84,10.10,83.65,469.02,0.00,460.52,48.41,0.00,42.87,70.15,1
24.94,30.28,67.85,224.91,50.71,280.17,0.00,19.42,22.48,0.00,1
0.00,0.49,6.27,144.73,7.26,108.12,7.83,0.00,0.00,6.26,1
0.00,11.54,16.03,75.98,14.20,89.16,0.00,0.00,0.00,0.00,1
10.38,2.95,0.00,64.48,0.00,28.93,4.36,0.00,12.86,1.33,1
0.00,2.68,3.36,37.56,0.00,63.87,15.93,5.51,0.00,10.95,1
0.00,0.00,20.03,181.45,0.00,193.54,4.78,0.00,28.02,37.68,1
34.99,14.64,32.07,172.13,43.27,291.47,0.00,0.00,21.75,4.62,1
0.00,35.70,62.76,216.06,0.00,312.69,0.00,17.27,0.00,31.54,1
17.97,19.02,6.77,216.54,23.17,273.79,44.27,58.50,0.00,25.83,1
28.26,0.00,72.12,272.86,0.00,200.95,45.73,0.00,15.07,11.60,1
22.75,60.44,0.00,361.60,0.00,370.20,0.00,24.87,7.41,80.52,1
9.14,0.00,12.74,81.46,37.28,141.23,22.43,0.00,8.30,1.29,1
0.00,0.00,71.72,277.89,127.22,646.74,8.70,18.39,0.00,56.82,1
11.34,0.00,0.00,251.03,1.89,164.22,23.87,0.34,7.67,7.15,1
0.00,54.19,51.01,260.53,89.82,537.47,43.91,80.10,0.00,77.06,1
34.63,32.64,29.91,82.63,4.36,268.48,21.75,0.00,19.93,40.18,1
1.77,14.66,13.40,92.57,11.55,73.16,15.94,5.28,5.59,0.00,1
0.00,9.24,0.00,149.32,0.00,151.37,0.00,3.24,3.02,14.86,1
48.12,66.14,120.57,285.87,41.89,471.10,34.93,42.27,59.96,103.27,1
19.58,36.23,94.50,377.73,115.21,355.33,3.08,0.00,50.57,87.43,1
124.56,85.44,18.89,407.27,0.00,431.38,2.78,0.00,96.09,5.27,1
18.60,72.76,0.00,289.58,105.60,433.53,17.72,47.98,43.79,0.00,1
11.03,30.04,0.00,241.77,81.38,401.35,30.45,0.00,0.00,3.30,1
32.39,54.82,54.96,249.85,0.00,304.50,54.16,39.96,0.00,5.46,1
6.90,0.13,2.76,36.48,0.00,48.65,9.98,1.01,0.00,0.00,1
20.84,0.00,14.04,84.60,7.49,137.29,8.67,0.00,0.00,4.61,1
0.00,29.85,18.54,272.99,25.32,296.60,17.89,5.64,26.94,0.00,1
0.00,0.00,29.86,142.17,0.00,163.41,16.58,0.00,15.86,0.00,1
8.66,9.14,21.13,145.34,36.84,142.50,10.67,14.96,32.69,0.00,1
53.80,0.00,0.00,305.55,0.00,420.23,65.10,0.00,0.00,9.86,1
4.26,15.34,19.28,81.92,20.90,142.27,24.06,13.87,0.00,8.77,1
48.74,0.00,121.30,230.78,0.00,627.00,164.44,0.00,0.00,115.20,1
0.00,0.00,7.76,99.98,16.69,91.34,9.34,9.33,10.79,4.57,1
6.53,0.00,2.83,238.12,46.85,156.93,5.90,0.00,0.00,39.24,1
21.62,38.30,81.24,398.49,20.32,466.80,0.00,48.02,156.36,8.11,1
0.00,13.83,11.54,56.26,8.47,75.96,0.00,0.00,2.84,10.29,1
18.42,1.21,0.00,124.61,4.32,108.02,0.00,0.00,0.00,29.17,1
115.83,45.13,58.50,261.95,55.18,510.66,0.00,16.75,0.00,0.00,1
0.00,0.00,13.48,128.84,15.53,93.86,24.36,35.54,0.00,0.00,1
0.00,40.38,38.42,194.00,26.54,223.43,49.73,0.00,7.90,26.68,1
10.62,61.01,21.05,354.78,3.41,572.58,102.26,0.00,0.00,21.28,1
62.97,0.00,112.29,189.95,105.43,552.19,1.32,47.64,0.00,0.00,1
21.49,26.82,59.93,293.28,64.53,292.16,51.91,12.68,25.69,17.67,1
0.00,0.00,14.68,33.31,11.22,100.05,6.01,3.55,0.47,11.12,1
8.95,6.48,0.00,80.58,0.00,107.33,2.25,0.20,0.00,20.31,1
19.56,16.59,15.23,166.34,12.94,153.60,0.52,17.17,18.62,0.00,1
47.18,9.36,12.48,215.54,32.07,203.84,0.00,26.09,0.00,0.00,1
7.89,10.36,0.00,252.40,3.85,430.99,36.72,0.00,23.95,28.83,1
24.40,0.00,69.50,143.11,76.63,276.57,20.75,29.82,34.32,36.13,1
23.69,29.50,49.58,265.52,0.71,297.00,46.42,0.00,0.00,0.00,1
75.36,10.69,7.72,231.91,46.00,262.74,24.96,23.30,27.16,4.10,1
7.48,9.40,16.70,98.70,0.00,110.07,0.00,14.69,18.30,0.00,1
0.00,12.86,18.22,289.72,47.32,215.35,0.78,0.00,23.77,0.00,1
40.35,18.47,2.19,133.76,0.00,279.57,39.40,0.00,0.00,0.00,1
19.11,36.88,0.00,137.65,16.68,171.48,10.13,0.00,5.14,15.11,1
0.19,0.00,17.84,230.93,57.96,166.13,0.00,22.89,42.25,0.00,1
26.12,23.21,0.00,422.15,58.35,444.40,0.00,4.22,0.00,0.00,1
0.00,0.00,8.49,245.46,85.89,572.11,101.26,0.00,0.00,0.00,1
46.99,10.15,29.63,205.87,0.00,297.13,33.42,0.00,20.41,0.00,1
30.25,21.66,9.66,158.96,29.09,250.10,9.35,10.15,0.00,16.75,1
12.29,8.80,11.17,50.39,11.29,52.26,19.50,0.00,3.81,5.34,1
0.00,19.23,66.40,291.60,28.92,258.58,0.00,19.19,6.35,0.10,1
15.61,0.00,0.00,160.08,10.95,346.83,0.00,64.76,0.00,0.00,1
14.39,7.55,12.01,99.44,30.51,135.83,5.90,1.10,0.00,16.00,1
44.35,24.71,11.07,419.26,28.96,287.19,6.84,7.24,28.07,53.45,1
27.78,36.44,29.10,442.03,34.24,401.44,55.48,0.00,4.78,21.29,1
19.63,0.76,34.43,167.38,25.49,300.91,33.18,0.00,10.18,6.12,1
25.76,51.05,21.38,162.98,27.35,128.13,15.50,0.00,0.00,0.00,1
2.87,2.76,19.41,58.66,13.19,51.32,1.97,7.04,1.02,0.00,1
18.99,24.75,36.50,173.11,8.09,346.14,2.32,11.33,59.42,17.37,1
0.00,0.00,5.45,59.48,1.65,43.99,0.56,0.00,0.00,12.44,1
38.77,0.00,0.00,415.09,49.71,519.58,0.00,0.00,0.00,34.85,1
5.37,30.18,22.63,298.02,50.20,260.30,0.00,0.00,37.68,45.33,1
20.42,0.00,19.90,141.16,34.43,143.86,0.00,3.62,8.97,3.11,1
22.15,44.91,58.72,378.20,18.93,321.91,12.45,27.79,30.77,46.20,1
69.50,59.63,29.51,245.89,88.68,477.52,0.00,63.32,0.00,0.00,1
0.00,2.97,1.22,314.53,15.54,238.08,19.74,76.17,43.29,35.79,1
5.99,7.25,12.21,48.48,11.61,62.29,10.23,0.00,10.93,7.75,1
86.47,47.01,37.04,527.46,20.71,506.40,9.18,28.70,31.20,36.73,1
13.96,19.50,2.83,163.32,2.20,188.13,0.00,0.00,24.75,23.35,1
1.88,0.00,2.21,73.19,5.85,87.42,4.93,4.64,0.00,3.08,1
34.28,3.75,5.92,219.68,2.46,206.81,0.00,37.24,0.00,4.13,1
5.16,16.67,21.22,74.65,13.43,148.28,15.97,2.89,15.43,8.92,1
57.46,0.00,99.15,237.64,52.22,404.31,21.91,10.11,0.00,26.59,1
80.35,44.61,44.75,340.22,149.25,302.16,41.27,0.00,68.71,20.99,1
18.65,0.62,0.00,389.39,42.57,260.87,0.00,45.34,47.50,7.17,1
24.12,48.90,66.24,460.65,58.94,185.09,0.00,52.88,39.33,34.74,1
0.00,31.74,36.32,296.31,32.66,369.20,36.31,45.48,20.46,0.00,1
0.00,8.58,45.96,164.60,34.68,522.50,0.00,50.97,71.76,146.93,1
54.50,74.82,49.64,535.47,33.28,428.08,23.33,55.33,0.00,0.00,1
30.93,31.46,27.11,181.69,46.84,240.25,0.00,30.00,2.12,28.28,1
7.09,15.57,0.00,383.73,63.77,442.94,7.26,0.00,38.59,34.61,1
0.00,24.51,49.52,100.75,40.86,105.38,32.84,271.95,20.40,373.87,2
31.49,0.00,12.55,61.07,0.00,41.76,10.98,89.85,22.09,156.98,2
25.37,68.68,3.00,27.06,26.10,63.33,29.52,104.43,0.00,416.84,2
11.54,1.39,14.54,55.36,1.79,46.67,11.64,28.14,0.00,146.52,2
18.49,9.29,0.00,72.98,27.97,57.10,9.40,28.89,0.00,230.65,2
0.00,30.92,0.00,24.25,0.00,198.64,34.29,199.80,33.84,467.88,2
35.49,0.00,59.66,16.39,42.59,130.65,47.08,196.39,38.46,400.03,2
0.00,0.00,60.05,84.22,2.04,133.72,0.00,179.68,4.81,383.93,2
62.56,8.32,0.00,132.19,0.00,221.83,21.33,101.68,3.23,617.54,2
0.00,0.00,9.03,168.69,0.00,52.43,101.12,125.05,77.29,727.35,2
0.00,5.26,18.68,121.37,29.89,130.33,0.00,219.13,0.00,417.46,2
25.87,105.13,95.59,204.71,55.25,243.93,0.00,348.05,8.24,496.80,2
31.01,1.77,0.00,9.53,16.29,56.59,20.74,91.77,14.50,179.47,2
0.00,0.00,100.45,66.57,38.64,109.13,0.00,194.97,0.00,311.29,2
0.00,33.61,82.95,12.72,99.16,73.98,7.58,179.32,56.91,575.98,2
31.05,0.00,7.80,85.15,100.75,118.75,0.00,148.94,11.53,392.21,2
0.00,13.14,73.51,0.00,5.18,244.30,31.67,239.03,118.89,597.89,2
53.86,1.94,36.30,13.05,0.00,114.16,13.81,165.76,0.00,298.57,2
0.00,56.41,9.04,79.36,22.69,189.42,109.72,132.93,73.59,652.05,2
0.00,0.00,0.00,155.79,37.71,126.48,70.75,132.24,31.56,433.41,2
0.00,0.00,18.74,43.57,44.46,20.29,0.00,179.56,25.83,198.35,2
24.45,0.00,21.71,35.06,2.07,32.98,10.25,110.32,0.00,177.09,2
83.97,4.30,26.11,112.54,63.06,97.30,21.27,228.86,7.73,607.42,2
0.00,19.86,28.03,65.22,65.37,82.49,23.81,91.97,10.68,578.69,2
0.00,12.05,0.00,3.61,13.95,35.12,35.76,64.39,4.08,96.08,2
22.95,1.58,0.00,58.22,0.00,72.61,3.22,67.38,0.00,269.41,2
0.25,27.66,0.00,95.90,17.18,81.54,0.00,120.67,0.00,292.22,2
0.00,9.75,28.60,88.01,17.47,92.24,0.00,52.37,7.72,230.20,2
0.00,0.00,20.27,148.08,17.98,190.28,8.71,291.44,60.81,493.19,2
2.91,6.50,0.00,34.39,11.74,65.52,0.00,65.79,0.00,206.74,2
43.17,0.00,66.69,103.92,30.22,233.68,0.00,295.19,83.70,425.85,2
9.79,5.16,3.25,21.85,0.00,14.07,18.04,38.66,4.05,57.57,2
0.00,74.23,17.02,52.46,0.00,23.57,23.11,280.34,0.00,462.61,2
0.00,0.00,35.58,0.00,18.26,37.29,0.00,160.55,0.00,339.09,2
18.08,10.70,0.00,136.05,17.46,97.43,27.74,86.07,7.96,194.72,2
0.76,0.00,0.00,83.20,18.30,78.75,15.50,106.13,0.00,155.90,2
31.63,0.00,14.43,109.26,43.16,188.30,74.53,373.79,12.34,657.74,2
15.96,17.20,45.06,120.31,45.03,100.19,17.69,245.45,0.00,342.66,2
0.00,0.70,0.00,160.20,15.81,263.82,0.00,265.93,24.40,577.20,2
31.67,38.20,80.29,65.10,0.00,36.26,0.00,350.89,31.98,477.30,2
30.51,1.70,14.13,48.89,17.06,42.73,0.00,154.41,3.90,225.21,2
0.00,41.51,0.00,115.14,0.00,97.66,33.68,143.94,0.00,331.56,2
18.50,37.89,51.29,82.65,27.86,101.20,0.00,129.96,0.00,336.61,2
0.00,63.84,73.45,110.56,0.00,108.55,0.00,172.47,17.50,276.92,2
2.91,23.07,0.00,46.53,8.87,41.21,22.40,61.06,0.00,201.25,2
4.48,5.23,68.54,56.07,51.01,8.00,60.73,233.08,0.00,331.39,2
2.95,28.25,0.03,86.70,0.00,65.31,0.00,188.62,23.42,260.69,2
0.00,22.47,0.00,57.94,0.00,67.24,47.83,136.64,0.00,267.56,2
51.51,0.00,86.89,22.53,5.44,162.60,0.00,236.67,0.00,518.90,2
8.73,9.17,0.00,0.00,24.24,19.42,16.12,80.78,13.12,159.87,2
63.89,0.00,16.29,63.60,33.12,138.44,0.00,207.87,0.00,373.93,2
37.00,0.00,77.07,88.34,36.15,37.62,0.00,224.48,27.56,312.71,2
0.00,10.35,0.00,102.30,0.00,230.39,0.00,172.99,0.00,453.84,2
1.07,0.00,1.89,30.96,9.34,36.95,2.59,84.74,28.67,160.77,2
5.32,20.42,15.86,3.97,6.27,29.58,0.00,72.23,0.00,134.57,2
79.13,0.00,40.22,53.58,0.00,129.94,0.00,82.90,67.40,576.12,2
0.00,9.96,7.50,11.46,3.93,28.21,11.90,26.08,0.00,116.39,2
0.00,0.00,26.95,76.79,64.33,128.38,51.82,155.32,17.23,260.72,2
0.00,61.25,40.27,151.80,64.48,38.89,98.16,148.54,50.64,445.09,2
33.86,12.74,4.34,59.46,16.31,81.55,0.00,52.59,20.84,270.84,2
0.00,16.60,96.24,247.56,14.17,203.57,0.00,252.23,48.39,667.30,2
0.00,8.15,0.00,4.92,0.00,38.30,5.15,23.76,0.00,157.71,2
16.70,29.79,29.91,129.44,14.88,101.62,20.04,192.31,7.47,287.95,2
15.55,36.76,0.00,160.41,68.20,203.97,0.00,402.47,0.00,445.72,2
45.96,0.00,66.83,162.81,68.26,95.76,0.00,251.13,2.70,389.22,2
0.00,0.00,0.00,183.69,1.65,109.40,0.00,191.98,0.00,288.62,2
0.00,0.00,23.24,160.25,8.37,108.99,32.86,186.76,0.00,356.06,2
0.00,31.36,5.56,130.00,0.00,32.35,0.00,104.87,0.00,754.00,2
2.33,0.00,9.45,22.79,0.00,32.26,4.09,50.42,12.47,81.89,2
0.00,22.85,53.74,56.60,31.52,73.45,15.04,158.12,6.30,438.56,2
3.94,36.93,13.70,31.29,52.55,161.46,38.50,292.64,0.00,509.50,2
3.78,50.66,0.00,169.54,0.00,312.07,9.90,192.58,47.14,536.05,2
0.00,0.81,62.48,66.57,90.38,149.65,57.92,193.02,0.00,586.55,2
33.07,10.03,36.65,155.23,37.07,213.96,0.00,126.31,0.00,595.64,2
25.50,10.83,19.87,23.57,27.89,30.56,20.72,91.12,0.00,246.17,2
11.09,0.00,16.76,52.82,115.55,225.26,0.00,118.02,0.00,698.51,2
0.00,34.62,23.28,85.87,22.84,25.07,0.00,109.82,0.00,140.83,2
63.99,40.77,162.53,53.84,0.00,96.47,0.00,451.34,102.70,643.43,2
53.28,21.75,59.78,45.77,47.50,101.04,68.28,118.26,0.00,454.30,2
15.11,0.00,0.00,47.32,7.23,55.78,11.07,157.78,0.00,172.88,2
34.77,17.76,9.07,111.25,0.00,99.19,0.00,174.72,0.00,293.75,2
0.00,84.48,0.00,131.07,114.92,182.39,0.00,253.44,16.77,523.21,2
9.81,10.45,0.00,34.78,19.16,49.93,0.00,50.01,0.00,238.57,2
0.00,29.09,11.21,32.58,0.00,89.29,25.09,91.39,36.43,456.79,2
11.65,0.00,38.54,45.54,0.00,64.07,18.22,234.45,0.00,365.60,2
2.97,4.07,3.89,23.37,4.92,25.71,6.54,63.20,0.00,129.17,2
13.33,0.00,7.78,119.34,19.57,149.15,36.02,177.72,0.00,299.11,2
15.61,0.00,0.00,52.83,0.00,22.95,23.24,117.37,15.02,121.39,2
0.67,0.00,0.00,29.84,5.81,28.94,0.00,41.68,0.00,60.50,2
15.32,18.63,0.00,122.07,16.49,84.89,25.64,96.75,31.02,323.16,2
0.00,1.31,0.00,22.55,7.76,35.84,0.00,31.84,0.26,81.68,2
13.23,0.00,14.34,56.79,21.78,79.67,0.00,73.16,33.91,154.51,2
65.24,0.00,0.00,192.94,0.00,124.56,29.15,186.18,42.22,563.65,2
10.64,4.71,2.54,61.35,14.44,74.05,22.06,45.02,11.49,195.51,2
58.00,72.38,80.25,44.85,25.49,193.33,0.00,150.47,75.58,468.38,2
85.96,0.00,0.00,34.80,96.15,177.34,0.00,281.53,44.43,865.77,2
71.53,25.01,0.00,101.42,0.00,143.83,0.00,90.58,90.23,571.93,2
69.07,21.06,7.51,0.30,24.58,36.30,48.96,74.15,24.15,347.33,2
17.54,4.13,27.22,58.17,30.15,39.46,0.00,38.82,10.91,192.35,2
0.00,0.00,0.00,107.08,0.00,150.82,63.51,116.97,0.00,532.72,2
18.65,0.00,0.00,31.42,26.49,124.73,0.00,50.34,17.79,234.99,2
77.54,54.76,17.93,112.76,0.00,231.94,88.64,241.64,0.00,662.58,2
196.73,9.44,3.66,74.81,19.35,133.99,0.00,241.89,71.40,667.28,2
1.29,23.41,21.72,93.47,0.00,160.15,7.62,142.47,0.00,476.76,2
0.00,0.00,35.64,90.46,39.26,81.06,28.09,308.60,0.00,354.57,2
0.00,126.24,44.34,242.47,118.92,299.12,57.40,473.68,54.80,506.12,2
7.76,23.25,0.00,127.23,59.73,128.93,0.00,136.19,0.00,578.42,2
33.15,56.85,65.45,175.64,0.00,117.23,0.00,314.50,18.08,507.74,2
43.24,0.00,0.00,125.37,10.61,94.24,3.61,195.75,0.00,267.93,2
43.56,0.00,0.00,72.41,99.77,56.00,0.00,303.18,104.79,499.67,2
5.64,36.00,0.00,305.62,0.00,191.48,0.00,216.50,66.09,492.55,2
0.08,0.00,27.96,24.00,12.64,0.60,9.44,88.36,2.02,110.17,2
79.60,0.00,0.00,153.52,19.93,183.24,0.00,174.59,19.78,362.74,2
13.40,0.56,0.00,29.10,32.43,44.53,7.71,78.74,8.01,125.44,2
62.93,0.00,24.46,203.14,10.42,191.16,0.00,293.11,0.00,424.88,2
12.30,30.02,20.45,59.28,0.00,95.15,0.00,98.46,20.51,265.04,2
35.34,10.83,34.47,98.08,0.00,107.75,1.35,294.42,19.74,349.53,2
11.49,0.06,0.00,46.31,49.67,50.93,0.00,189.68,6.05,396.41,2
95.62,91.27,0.00,228.48,0.00,89.85,0.00,334.02,32.84,466.74,2
0.00,19.84,0.00,41.38,0.00,251.36,52.99,170.44,0.00,443.37,2
15.21,0.00,20.66,59.81,0.00,75.41,0.00,100.57,0.00,166.90,2
0.00,0.00,60.81,134.15,0.00,158.45,0.00,242.61,44.86,378.66,2
15.19,0.00,0.00,73.44,43.13,93.67,26.59,153.46,25.33,229.75,2
16.79,0.00,6.56,42.48,29.21,37.51,10.58,69.14,44.97,253.26,2
15.81,1.88,5.14,19.74,20.45,42.02,21.30,72.16,4.00,108.01,2
15.99,38.64,21.39,50.68,84.49,91.13,1.30,135.60,0.00,406.66,2
0.00,0.00,0.00,43.35,0.00,97.52,42.41,98.46,71.53,528.76,2
59.56,56.99,0.00,106.68,17.36,87.60,35.03,115.69,15.02,396.21,2
14.63,66.48,44.05,0.00,5.75,85.21,34.66,200.00,0.00,447.33,2
0.00,6.71,1.32,26.02,0.00,37.04,0.00,85.40,15.65,113.08,2
82.43,0.00,0.00,0.00,81.42,77.76,8.36,337.61,63.68,612.54,2
11.52,53.44,0.00,55.51,38.33,191.15,0.00,223.10,0.00,681.52,2
5.08,0.00,13.16,59.44,28.19,67.61,0.00,112.97,0.00,222.01,2
25.46,0.00,25.51,38.26,15.76,59.27,0.00,113.74,0.00,239.41,2
0.00,6.94,7.48,76.60,12.38,15.21,7.46,85.72,54.16,335.84,2
0.00,0.00,0.00,25.00,5.02,14.42,0.00,31.21,6.23,94.23,2
48.03,23.80,7.88,49.64,0.00,151.27,35.33,191.31,17.41,392.43,2
0.00,0.00,0.46,10.63,47.40,73.57,21.07,119.13,0.00,158.51,2
7.54,29.81,21.63,66.94,29.29,34.85,42.62,114.00,3.11,308.80,2
21.07,57.33,32.53,221.19,0.00,184.39,30.90,290.15,0.00,510.02,2
60.67,0.00,92.73,115.85,39.20,276.48,75.78,350.74,61.33,459.37,2
52.43,0.00,120.04,93.42,48.87,113.89,0.00,409.94,23.61,735.15,2
32.91,36.75,11.68,0.00,0.00,103.68,30.72,224.85,58.68,566.47,2
11.43,0.00,0.00,79.46,9.78,148.95,35.55,250.39,75.82,483.77,2
7.14,31.76,0.00,184.58,0.00,107.87,25.17,353.03,19.60,432.18,2
20.78,60.37,0.00,128.36,0.00,218.98,36.54,202.84,23.47,349.11,2
0.34,5.51,0.00,59.84,14.23,39.81,0.00,55.80,32.78,126.05,2
0.00,0.00,0.00,141.59,9.39,108.09,0.00,127.71,0.00,418.93,2
17.20,59.75,5.83,228.55,62.50,269.83,43.77,218.76,0.00,594.81,2
10.76,36.35,57.59,110.63,0.00,101.56,0.00,133.43,0.00,257.48,2
33.33,17.04,3.70,69.32,7.73,73.66,47.48,129.45,0.00,202.04,2
15.29,77.55,0.00,114.33,37.64,139.68,6.09,134.66,0.00,323.56,2
9.52,22.44,12.95,63.74,0.00,37.62,0.00,71.81,8.20,163.03,2
0.00,20.60,16.38,68.87,0.00,113.06,25.37,120.58,29.22,375.51,2
66.76,78.93,90.98,150.60,24.56,87.21,15.00,264.77,0.00,334.56,2
5.84,8.15,20.24,60.52,0.00,70.29,26.92,96.96,0.00,177.80,2
6.00,0.00,8.94,80.37,6.91,123.23,0.00,125.82,49.28,551.69,2
0.00,79.12,7.25,53.36,120.63,91.46,0.00,335.40,88.63,516.57,2
6.76,0.00,51.82,161.86,12.00,128.69,13.52,110.52,0.00,373.95,2
0.00,0.00,57.62,62.00,0.95,203.08,25.18,166.04,73.43,613.64,2
28.02,20.05,47.72,84.57,10.72,52.73,36.98,51.64,0.00,298.77,2
4.98,13.48,0.00,49.46,6.15,32.16,8.76,12.32,19.19,101.55,2
41.73,0.00,12.61,54.97,44.38,77.79,49.16,77.36,0.00,188.33,2
0.00,68.27,0.00,174.36,0.00,128.20,0.00,206.04,0.00,718.27,2
19.42,0.00,13.19,13.78,17.53,19.60,2.73,16.55,15.22,137.86,2
49.89,14.80,4.31,69.08,0.00,107.09,0.00,113.95,9.70,395.95,2
0.00,11.00,71.68,107.07,65.55,259.92,11.64,307.50,0.00,323.33,2
5.43,11.76,11.89,16.20,5.44,24.77,16.67,42.48,0.00,58.07,2
11.19,6.45,78.73,0.00,27.72,39.55,73.68,178.14,0.00,355.30,2
62.63,38.82,45.22,173.27,0.00,173.18,0.00,327.88,43.16,612.01,2
35.69,10.30,0.00,106.85,34.32,170.66,103.74,285.27,17.60,388.43,2
5.21,18.61,15.01,45.02,0.00,57.91,0.00,134.01,19.38,156.63,2
16.58,25.43,0.00,68.52,8.83,96.83,0.00,189.08,0.00,566.94,2
49.56,0.00,30.55,21.47,39.11,116.71,64.76,49.05,46.35,453.03,2
14.21,0.00,38.66,85.95,33.24,41.96,41.04,123.72,0.00,282.95,2
27.32,31.41,0.00,147.20,0.00,217.65,0.00,355.93,0.00,537.94,2
23.42,0.00,0.00,41.28,0.00,121.86,0.00,220.67,0.00,310.83,2
0.00,22.40,7.79,21.84,0.00,48.79,0.00,173.67,18.47,185.63,2
27.19,66.40,13.58,37.56,6.26,88.81,38.32,135.86,27.30,388.12,2
9.32,51.87,46.17,58.67,11.41,65.20,0.00,38.84,0.00,194.52,2
3.36,61.94,0.00,98.54,66.67,140.80,24.71,255.36,1.18,812.43,2
0.00,17.63,0.00,36.92,0.00,8.08,33.03,127.84,12.25,495.18,2
0.00,13.01,0.97,130.61,22.53,82.78,0.00,227.73,0.00,524.12,2
7.00,0.00,26.35,161.82,0.00,94.42,8.29,116.74,0.00,320.28,2
95.55,65.80,24.22,181.78,4.50,118.30,15.28,71.55,0.00,415.13,2
0.00,4.19,12.59,21.72,17.16,51.68,0.00,40.10,0.00,85.19,2
16.06,0.00,12.00,17.46,0.00,48.60,0.00,160.41,24.10,297.95,2
0.00,10.07,9.93,133.56,117.84,204.08,112.28,130.50,45.27,826.80,2
0.00,83.41,43.51,66.44,93.54,38.16,0.00,198.39,15.57,484.09,2
0.00,52.81,29.92,83.64,16.11,69.99,0.00,68.31,15.39,206.55,2
17.69,34.14,2.64,18.44,29.42,13.55,13.80,57.52,0.00,255.74,2
12.08,0.00,3.25,23.18,13.53,30.46,0.00,24.09,0.00,74.91,2
19.33,49.19,0.00,100.07,26.37,78.00,26.66,111.97,5.71,486.76,2
6.02,10.14,0.00,30.83,9.24,45.78,16.46,21.23,0.00,119.39,2
0.52,12.99,0.00,0.00,2.51,18.85,19.24,103.99,5.21,87.95,2
62.14,0.00,0.00,177.93,0.00,114.23,64.77,238.37,0.00,578.71,2
2.78,9.77,14.54,26.91,0.00,12.30,4.03,22.31,6.93,64.73,2
0.00,0.00,22.15,0.00,32.10,118.17,18.66,124.85,0.00,182.03,2
12.78,86.25,30.76,123.51,17.80,127.92,0.00,81.65,0.00,311.54,2
17.52,7.78,25.58,20.30,0.29,36.93,0.00,62.11,3.70,142.64,2
0.00,0.00,107.24,81.39,0.00,306.14,89.41,187.48,105.61,474.26,2
34.41,14.69,28.14,172.90,39.50,107.97,0.00,236.04,0.00,624.29,2
24.31,0.00,0.00,22.19,0.00,51.47,18.67,34.55,6.06,110.88,2
0.00,0.00,0.00,16.70,0.00,19.02,7.78,43.15,9.38,67.23,2
42.39,0.00,18.67,154.57,31.23,94.11,53.38,0.00,31.79,310.14,2
0.00,0.00,47.19,0.87,2.81,71.60,15.72,172.45,46.00,469.45,2
0.00,0.00,35.58,75.06,0.00,164.18,14.05,180.14,0.00,682.53,2
40.26,16.43,28.71,106.07,47.53,95.65,23.12,59.39,4.00,247.66,2
24.17,46.72,63.78,73.22,54.62,83.08,0.00,74.08,15.37,224.95,2
0.00,0.00,26.30,30.05,22.32,37.27,6.39,106.87,12.34,144.24,2
0.00,0.00,0.00,17.76,17.77,37.11,0.00,33.81,0.00,188.17,2
0.00,0.00,55.11,303.95,0.00,224.25,54.50,155.63,0.00,631.83,2
0.00,0.00,0.00,82.70,0.00,66.78,44.13,316.23,0.00,705.58,2
0.00,99.51,55.89,33.90,30.73,53.12,8.26,306.26,0.00,422.77,2
9.66,0.00,20.96,6.87,0.00,20.76,3.28,105.76,0.00,155.94,2
91.48,0.00,0.00,145.89,125.03,190.48,0.00,186.97,81.70,483.03,2
14.58,34.83,25.92,112.55,0.00,133.44,0.00,342.27,0.00,608.86,2
38.90,0.83,14.61,44.73,0.00,40.67,5.72,77.51,0.00,221.02,2
19.94,68.59,0.00,85.50,0.00,117.58,39.25,281.27,0.00,420.36,2
34.49,0.00,0.00,0.00,0.00,109.57,4.48,273.87,0.00,614.10,2
0.00,1.18,40.42,93.21,73.23,144.92,20.38,295.41,19.40,519.18,2
47.36,0.00,0.00,136.23,53.35,114.85,72.05,326.68,44.14,360.20,2
12.63,20.88,8.64,70.55,13.46,68.48,0.00,60.37,25.97,480.69,2
0.00,0.00,32.28,118.92,61.19,95.00,0.00,140.85,17.77,499.74,2
0.00,0.00,17.13,173.78,19.88,98.02,89.23,191.40,33.96,404.93,2
64.93,41.38,0.00,114.31,72.00,144.86,47.07,381.42,100.74,554.41,2
10.80,57.07,76.71,115.62,0.00,206.39,0.00,379.47,47.22,536.53,2
3.39,0.00,2.39,84.69,56.50,167.43,0.00,298.86,5.76,405.30,2
34.91,37.05,0.00,143.59,39.75,184.85,4.99,279.32,0.00,507.28,2
0.00,0.76,0.00,34.83,12.53,27.46,35.40,77.03,4.78,151.76,2
51.02,1.26,22.38,55.33,0.00,168.82,0.00,156.84,62.14,565.59,2
0.00,13.45,111.48,204.78,22.88,306.77,50.85,286.20,0.00,343.10,2
61.01,23.22,0.00,80.76,0.00,216.63,0.00,105.03,4.35,591.37,2
52.23,29.92,0.00,71.98,0.00,23.50,77.11,321.87,0.00,472.77,2
0.00,18.60,34.15,138.80,61.00,96.46,0.00,163.71,39.80,351.14,2
0.00,27.19,0.00,41.37,16.01,50.39,0.00,70.06,0.00,242.52,2
58.06,9.48,2.92,86.49,29.35,60.43,39.96,106.82,0.00,434.81,2
34.67,30.18,0.00,25.61,6.52,33.15,0.46,124.96,18.36,203.72,2
95.28,0.00,83.62,73.18,9.00,117.05,50.39,309.79,4.65,527.08,2
48.99,0.00,37.18,76.25,38.11,53.70,2.87,113.96,0.00,276.18,2
0.00,0.00,76.66,116.07,40.72,203.01,0.00,233.42,28.43,312.05,2
0.00,0.00,42.06,95.55,82.03,31.80,75.49,334.93,6.60,564.99,2
62.46,12.81,5.03,40.30,10.95,160.79,61.10,160.80,19.46,256.11,2
0.00,8.67,25.84,102.98,6.47,100.57,0.00,35.86,7.98,234.08,2
0.00,39.11,7.80,163.48,81.61,0.00,0.00,325.93,0.00,330.25,2
0.00,0.00,23.83,97.08,72.30,108.15,23.89,135.02,10.94,529.99,2
22.71,25.48,1.75,66.46,65.02,208.58,0.00,220.11,91.69,606.73,2
0.00,99.92,49.62,93.75,56.31,145.24,0.00,205.24,74.41,602.63,2
0.00,111.77,55.59,192.62,0.00,214.31,83.37,209.88,29.48,589.58,2
0.00,0.00,0.00,81.37,26.19,167.12,0.00,251.37,57.15,801.33,2
28.23,0.00,5.14,53.60,6.53,46.74,10.27,25.44,14.15,152.73,2
0.00,48.83,59.58,0.00,37.78,117.79,0.00,149.97,0.00,462.95,2
130.74,0.00,0.00,125.60,119.77,160.48,64.45,207.45,17.97,578.74,2
12.84,86.31,125.03,163.63,56.96,195.13,0.00,242.63,52.59,417.65,2
11.96,5.92,31.85,12.57,0.00,23.96,16.91,145.95,0.00,398.95,2
0.00,90.70,0.00,264.92,0.00,149.47,48.47,210.69,0.00,567.23,2
42.78,78.30,5.99,44.71,114.95,13.37,60.71,244.21,0.00,484.71,2
0.00,0.00,0.00,72.44,47.01,116.15,1.58,182.71,0.00,175.32,2
31.62,0.00,1.92,48.58,7.34,64.67,0.00,117.30,0.00,281.81,2
0.00,5.79,0.00,0.00,30.89,14.83,0.50,46.33,8.20,217.76,2
0.00,0.00,38.48,28.41,8.68,66.88,16.96,149.48,0.00,256.12,2
24.63,10.64,30.50,60.77,17.56,76.75,11.14,104.87,0.00,205.16,2
9.86,12.69,0.00,39.84,19.44,34.54,1.56,68.69,21.37,264.53,2
4.35,0.70,5.38,2.12,6.91,14.71,0.00,32.17,1.48,72.24,2
0.00,77.06,0.00,110.25,0.00,77.26,1.25,255.46,0.00,595.40,2
62.20,22.11,0.00,51.95,0.00,33.04,0.00,92.30,0.00,291.56,2
35.57,15.35,0.00,225.14,0.00,121.32,66.76,204.04,16.07,612.57,2
0.00,0.00,39.62,105.57,71.14,174.12,40.14,190.35,17.98,375.38,2
0.00,0.00,59.15,112.82,0.97,191.89,59.02,217.07,0.00,449.06,2
0.00,30.95,88.00,139.07,0.00,205.42,21.46,223.95,0.00,560.25,2
11.36,94.30,8.31,112.03,5.16,216.04,0.00,338.49,42.39,743.07,2
66.94,0.00,36.44,54.80,0.00,66.79,0.00,109.32,2.06,215.85,2
8.86,0.34,13.04,7.18,0.00,16.24,2.91,57.13,0.00,126.07,2
0.00,45.07,6.50,0.00,0.00,78.83,89.59,197.97,31.17,682.63,2
20.47,21.03,100.35,97.43,92.54,31.38,10.88,328.76,34.73,420.80,2
114.03,56.36,28.12,56.96,0.00,133.16,0.00,141.91,23.77,668.34,2
0.00,0.00,40.51,115.16,63.35,30.35,0.00,396.82,0.00,614.18,2
48.72,0.00,0.00,102.95,73.18,180.68,66.08,281.53,0.00,613.98,2
29.85,0.00,0.34,143.11,0.00,74.93,0.00,135.35,0.00,453.03,2
4.84,11.01,35.25,209.19,25.50,161.97,64.19,8.32,0.00,705.91,2
116.47,0.00,17.18,147.30,162.93,194.55,39.06,82.29,0.00,545.11,2
0.00,0.00,45.60,128.97,91.65,97.96,0.00,118.11,37.50,754.26,2
57.68,0.26,3.32,43.73,0.00,114.65,1.50,129.54,0.00,317.31,2
51.64,14.45,62.35,37.20,68.19,26.85,45.02,359.23,6.87,418.06,2
0.00,0.00,0.00,175.65,98.57,98.86,33.00,337.08,74.80,475.37,2
9.82,14.14,23.57,7.60,0.00,91.96,7.89,91.05,0.00,231.89,2
16.96,0.00,0.00,193.63,21.40,192.67,75.55,244.41,3.50,313.26,2
0.00,17.57,6.11,29.14,0.00,22.17,14.86,87.90,0.00,143.84,2
42.87,0.00,65.17,37.35,47.05,81.15,0.60,184.66,20.93,428.80,2
20.72,0.00,0.00,27.88,36.42,39.82,13.74,133.58,6.88,210.82,2
33.70,7.05,11.17,125.85,0.00,72.69,0.00,220.31,0.00,294.05,2
29.18,3.44,0.43,88.41,60.20,100.70,17.48,111.87,26.47,330.76,2
0.00,0.00,13.22,20.93,0.00,78.23,6.13,180.89,0.00,301.09,2
8.53,53.92,40.44,99.13,76.72,53.45,0.00,78.67,88.74,426.29,2
14.00,26.02,24.75,131.63,84.56,156.94,0.00,160.46,0.00,580.25,2
32.07,48.01,0.00,8.31,0.00,37.52,0.00,225.66,34.53,298.78,2
0.00,8.85,0.00,28.36,3.99,23.00,0.00,58.94,0.00,163.50,2
0.00,4.31,15.45,126.55,45.99,32.03,0.00,179.49,68.44,449.48,2
10.19,0.00,14.13,72.83,0.00,51.48,22.35,16.60,5.67,267.99,2
0.00,8.59,14.01,22.54,7.78,33.65,0.00,51.24,7.75,87.29,2
0.00,38.30,0.00,85.22,14.77,54.59,0.00,121.44,0.00,441.68,2
19.08,0.00,44.94,19.36,35.89,52.89,0.00,131.46,0.00,338.17,2
29.04,10.69,0.00,204.24,28.93,106.14,24.91,253.19,11.31,507.24,2
62.71,0.00,0.00,132.81,57.30,23.55,16.09,347.35,102.13,617.98,2
0.00,13.01,115.01,205.42,23.12,143.84,0.00,208.83,0.00,585.45,2
47.87,0.00,0.00,106.59,65.80,81.81,0.00,140.88,11.72,356.41,2
4.87,0.00,0.00,244.28,0.00,273.98,0.00,130.74,0.00,579.75,2
12.69,0.00,6.06,48.62,24.88,51.51,0.00,11.70,0.00,131.55,2
0.00,0.00,14.96,58.68,0.00,41.03,9.98,112.25,0.00,355.53,2
27.07,0.00,30.37,64.97,8.35,117.39,16.25,65.89,0.00,309.10,2
0.00,52.48,53.16,101.10,0.00,37.33,43.63,243.05,0.00,489.14,2
0.00,114.44,0.00,146.96,55.94,21.90,0.00,391.51,80.56,580.08,2
0.00,25.10,0.20,83.09,0.00,96.05,0.00,186.40,15.60,206.49,2
0.37,9.12,0.00,3.03,4.19,33.56,9.42,38.61,0.00,172.75,2
2.71,20.39,21.26,56.42,21.35,140.46,41.60,128.43,0.00,303.45,2
12.65,0.00,9.09,65.03,65.94,127.75,3.47,367.28,14.82,576.10,2
0.00,7.67,53.50,110.06,0.00,105.19,0.00,129.38,22.18,502.15,2
2.20,0.00,0.00,18.70,24.43,51.13,0.00,52.79,0.00,151.20,2
4.53,0.00,157.92,99.56,30.83,89.24,81.36,134.83,0.00,727.14,2
0.00,0.00,56.79,0.00,18.05,35.84,0.00,236.32,33.79,419.78,2
17.74,63.54,0.00,75.64,32.34,118.36,69.35,215.31,0.00,457.15,2
50.54,0.00,0.00,36.34,43.97,69.76,28.06,61.84,24.60,288.30,2
0.00,0.00,0.00,50.04,3.75,36.28,0.00,67.60,0.00,97.14,2
82.73,11.49,41.39,29.31,0.00,68.29,0.00,173.33,39.29,234.60,2
116.64,74.15,27.29,145.70,37.80,221.33,75.71,240.56,41.96,341.70,2
0.00,0.00,9.21,30.89,0.00,14.75,0.00,39.10,0.00,118.97,2
0.00,0.00,33.72,61.96,18.61,79.54,0.64,67.75,15.27,253.84,2
0.00,0.00,9.83,49.87,0.00,52.52,18.76,58.22,3.14,150.66,2
0.00,0.00,0.00,58.12,70.16,108.41,0.00,267.34,0.00,449.44,2
0.00,9.17,49.71,132.72,9.54,162.96,13.31,142.65,0.00,449.68,2
0.00,11.66,20.18,160.60,29.59,158.57,0.00,98.52,43.86,361.38,2
51.17,41.38,58.93,120.81,66.58,57.76,27.30,177.83,43.87,505.39,2
57.14,0.00,43.04,88.58,0.00,144.29,28.82,127.70,49.11,229.13,2
37.57,0.00,18.34,84.80,0.00,88.62,7.20,263.83,35.72,362.54,2
21.41,30.76,42.09,92.09,0.00,100.59,0.00,108.21,0.00,372.91,2
105.59,0.00,0.00,248.89,156.14,322.83,35.78,142.59,0.00,775.79,2
18.28,17.35,17.18,56.42,0.00,52.22,0.00,77.02,29.89,140.96,2
43.78,46.13,4.48,83.40,23.64,90.03,0.00,276.80,0.00,505.22,2
8.78,4.48,2.50,28.86,4.40,9.28,1.05,27.59,0.00,87.90,2
2.90,31.51,74.73,101.85,29.24,81.95,0.00,154.27,0.00,629.16,2
17.46,7.48,0.00,0.00,46.38,149.20,0.00,226.57,0.00,796.03,2
0.00,61.20,0.00,97.71,73.64,175.01,63.10,206.98,5.91,582.53,2
0.00,28.44,35.01,143.40,33.63,168.08,0.00,208.38,80.24,513.61,2
14.25,0.00,0.00,41.55,0.00,57.05,0.00,142.25,0.00,179.41,2
0.00,0.00,0.00,108.07,0.00,166.32,15.48,371.96,0.00,475.77,2
18.30,0.00,43.26,13.96,10.95,140.31,0.00,172.05,27.19,454.35,2
2.19,11.55,8.82,38.51,11.10,33.67,10.56,34.34,22.25,86.90,2
44.22,5.46,97.57,24.74,27.91,94.15,0.00,263.05,0.00,483.47,2
0.00,0.00,0.00,31.44,19.42,23.67,0.00,21.19,2.73,66.63,2
0.00,6.96,31.05,0.00,25.57,29.45,7.85,70.71,0.00,195.50,2
3.42,31.16,0.00,108.02,45.34,78.26,0.00,159.36,0.00,269.15,2
30.35,0.00,12.87,240.69,18.43,107.96,17.59,184.91,0.00,553.50,2
0.00,0.00,28.48,92.44,0.00,75.88,46.61,198.56,27.65,247.70,2
0.00,0.00,3.56,76.47,7.78,119.61,0.00,114.25,0.00,284.41,2
41.40,5.62,0.79,28.64,17.17,21.61,0.00,80.63,0.00,214.52,2
10.08,0.00,20.23,30.65,22.88,64.62,0.00,122.60,18.29,143.09,2
0.00,15.37,2.56,8.32,8.81,30.58,8.88,53.63,8.58,82.19,2
0.00,86.17,0.51,100.45,92.30,112.40,2.58,114.82,0.00,505.40,2
16.20,50.65,28.79,68.37,60.98,217.89,0.00,178.05,29.54,597.80,2
8.10,22.45,13.69,8.23,0.00,48.83,7.60,44.84,16.33,239.54,2
0.11,0.00,42.08,20.21,8.47,34.83,9.44,128.78,2.70,155.53,2
0.00,3.69,1.54,23.34,0.00,70.99,0.00,52.40,0.00,174.59,2
0.00,27.20,0.00,77.90,0.00,41.85,24.68,97.05,17.42,186.18,2
0.00,0.00,0.00,179.57,0.00,150.12,0.00,154.95,0.00,527.49,2
0.00,18.55,4.14,48.91,19.53,84.06,0.00,120.04,32.66,171.76,2
41.31,46.79,103.76,98.20,0.00,160.95,0.00,302.59,49.07,416.76,2
0.00,0.00,0.00,51.32,23.95,127.51,0.00,49.45,16.65,544.92,2
37.13,0.00,6.94,186.10,0.00,62.27,0.00,144.76,0.00,513.25,2
0.00,0.00,16.33,52.92,6.39,147.41,39.34,78.00,5.19,282.41,2
12.93,46.37,186.85,71.63,0.00,150.37,0.00,331.98,70.75,690.15,2
17.73,0.00,1.99,52.75,27.93,73.14,9.49,76.96,0.00,186.60,2
14.55,43.78,2.47,55.46,9.69,109.17,9.28,148.24,6.61,202.04,2
105.15,22.96,11.60,36.33,9.30,156.42,22.26,256.75,39.56,472.26,2
0.00,35.31,0.00,118.23,23.22,97.30,0.00,71.27,29.45,320.55,2
76.00,89.70,6.06,95.87,63.78,198.59,32.26,246.09,0.00,615.70,2
33.85,11.08,2.75,46.28,3.85,65.79,23.81,149.63,39.39,650.69,2
26.95,20.45,0.00,36.19,15.58,62.95,11.45,44.26,2.01,166.16,2
0.00,30.66,1.28,161.54,0.00,175.50,16.52,166.08,33.85,550.80,2
21.36,0.00,0.00,40.20,64.57,93.39,38.13,41.14,5.82,340.58,2
58.21,21.56,44.66,88.96,91.15,179.96,42.88,279.74,0.00,527.29,2
0.00,36.07,0.00,263.65,59.78,238.81,17.16,200.89,0.00,483.64,2
0.00,0.00,26.84,153.35,45.85,142.12,42.95,151.73,6.32,436.26,2
0.00,0.00,31.70,56.50,19.21,37.93,13.13,105.38,17.39,132.25,2
9.80,35.22,29.39,90.77,10.95,142.70,34.43,134.02,0.00,282.88,2
99.14,25.60,12.13,204.14,116.75,271.11,0.00,193.27,0.00,518.47,2
5.84,0.00,16.52,20.97,12.83,46.87,0.00,59.12,1.84,153.08,2
0.00,0.00,1.65,86.42,8.77,56.50,0.00,66.14,0.00,332.94,2
0.00,0.00,76.22,92.15,48.92,203.94,101.30,116.23,74.86,517.90,2
0.00,0.00,78.13,140.57,88.56,108.22,21.11,271.19,0.00,683.16,2
78.62,0.00,0.00,75.69,0.00,62.95,49.13,321.63,22.56,646.18,2
9.04,6.42,0.00,39.77,13.35,29.44,0.00,90.85,6.55,154.14,2
0.00,20.81,0.33,89.27,4.19,118.10,17.73,133.26,7.63,285.43,2
68.94,0.00,42.67,86.30,52.05,144.85,0.00,328.04,0.00,444.00,2
10.27,7.59,16.25,20.63,3.87,6.83,22.39,29.80,0.00,176.73,2
51.17,1.90,0.00,135.59,27.20,171.95,29.75,33.05,0.00,462.21,2
0.00,0.00,113.65,83.63,44.65,47.93,0.00,187.23,15.41,473.04,2
0.00,10.56,15.72,82.70,0.34,138.59,53.05,92.28,0.00,621.81,2
0.00,0.00,35.04,36.35,0.00,118.89,43.78,190.14,0.00,608.33,2
5.95,0.00,24.03,26.57,14.16,38.31,10.32,105.70,15.67,145.26,2
71.92,7.79,91.73,51.71,64.57,74.27,0.00,243.06,0.00,346.02,2
3.81,0.00,5.45,23.73,25.60,25.48,3.22,33.83,0.00,125.42,2
0.00,49.87,0.00,40.79,17.54,67.44,2.67,42.19,0.00,332.70,2
0.00,38.30,79.12,77.22,65.25,184.96,17.25,54.24,43.81,439.14,2
0.00,0.00,0.00,197.13,0.00,111.22,0.00,168.57,7.43,293.55,2
0.00,0.00,76.68,244.89,78.86,159.60,82.63,169.30,12.91,574.78,2
0.00,61.49,61.80,151.87,102.75,109.48,0.00,224.73,0.00,420.05,2
3.02,20.53,0.00,62.74,0.00,88.75,10.77,24.85,34.71,265.83,2
0.00,0.00,6.94,55.75,0.00,72.83,9.49,327.74,31.80,444.02,2
13.19,15.92,24.47,62.64,2.39,38.61,0.00,77.68,7.35,173.92,2
28.28,63.16,0.00,65.79,7.93,113.09,0.00,177.30,0.00,525.82,2
26.27,0.00,151.77,56.94,163.59,225.83,0.00,318.20,3.46,618.92,2
52.60,0.00,58.84,142.40,22.80,145.81,0.00,409.15,0.00,556.60,2
0.00,61.04,60.98,114.01,39.31,176.17,21.04,85.63,0.00,671.91,2
0.00,7.08,0.00,68.21,0.00,6.91,36.15,220.86,5.63,290.47,2
31.99,38.38,54.25,45.13,62.74,23.58,7.64,139.42,14.42,443.94,2
20.67,47.62,16.00,90.21,63.06,115.92,0.00,93.48,0.00,329.43,2
6.77,0.31,16.89,24.16,22.24,54.69,23.15,23.30,15.82,123.35,2
13.07,0.00,17.14,33.72,23.52,34.09,0.00,44.96,0.00,118.53,2
29.46,0.00,29.75,56.41,52.43,98.46,30.33,68.96,0.00,143.64,2
17.63,0.00,22.82,41.83,14.69,25.75,0.00,20.73,0.00,103.27,2
0.00,0.00,59.42,74.40,82.20,61.20,0.00,256.16,27.28,359.97,2
22.68,0.00,9.16,26.64,0.00,30.39,3.06,37.35,0.96,85.28,2
0.00,0.00,0.00,43.58,3.65,121.61,13.53,217.41,21.17,211.42,2
77.17,71.15,61.62,103.81,69.51,238.70,90.71,76.15,0.00,604.21,2
0.00,5.97,54.41,114.24,24.62,102.12,4.64,176.26,0.00,213.17,2
2.99,22.91,0.00,39.48,15.07,48.87,0.00,80.42,0.82,171.45,2
29.92,0.59,20.04,28.98,34.43,40.16,18.37,108.55,0.00,114.40,2
32.32,42.15,0.00,173.86,91.66,184.80,0.00,204.62,0.00,358.73,2
11.42,1.68,16.76,5.67,2.69,57.43,0.00,149.45,65.65,487.96,2
0.00,0.00,0.00,7.27,1.78,17.85,11.68,32.42,6.36,63.48,2
0.00,0.00,11.22,24.24,12.63,27.13,0.00,35.19,3.08,51.13,2
0.00,7.02,10.77,25.73,0.00,21.30,0.00,87.93,0.00,239.95,2
7.09,0.00,10.71,43.93,19.82,51.50,10.53,138.12,35.88,217.38,2
0.00,0.00,22.36,51.19,48.81,112.50,0.00,217.49,44.25,543.61,2
0.00,11.60,7.19,31.61,5.83,19.64,0.00,70.25,3.24,73.78,2
0.00,0.00,27.96,25.23,7.26,63.65,9.00,66.28,12.51,137.65,2
18.99,22.16,81.44,179.18,0.00,106.01,14.50,245.78,0.00,481.27,2
0.00,2.56,2.46,71.40,13.71,60.88,0.00,59.07,14.61,125.60,2
8.38,0.00,35.74,58.10,84.67,136.87,5.66,181.65,45.40,796.41,2
0.00,56.34,0.00,246.51,19.96,248.12,53.85,306.91,98.58,452.66,2
33.47,57.36,0.00,181.68,39.17,187.54,0.00,179.15,120.51,556.72,2
2.93,4.34,6.88,17.54,7.67,11.45,1.46,25.18,7.80,87.69,2
21.13,0.00,46.75,153.27,89.46,155.18,91.90,275.22,10.97,485.91,2
0.00,0.00,48.02,257.82,140.08,137.63,56.31,278.28,19.90,606.35,2
0.00,15.99,101.70,252.57,40.10,156.06,0.00,126.39,67.06,700.43,2
21.24,1.33,1.99,59.41,35.87,80.62,0.00,66.63,47.63,255.40,2
3.24,0.00,0.00,37.77,7.78,232.18,17.28,230.34,20.49,659.64,2
169.04,15.65,0.00,162.28,53.83,139.77,0.00,352.85,0.00,455.98,2
0.00,13.94,16.78,31.14,32.19,40.44,0.00,53.34,0.15,199.77,2
0.00,0.00,6.65,7.45,28.49,34.08,4.35,38.97,11.43,120.09,2
108.09,0.00,64.45,114.74,53.33,256.60,65.10,213.04,0.00,375.35,2
0.00,0.00,22.22,267.88,0.00,107.36,29.52,240.54,23.28,450.28,2
0.00,16.61,15.54,29.92,6.43,79.90,0.00,86.16,0.00,118.72,2
0.00,66.51,40.24,50.65,7.89,66.73,0.00,171.38,6.28,321.39,2
0.00,86.26,12.99,67.19,30.10,139.00,0.00,319.96,0.00,336.85,2
0.00,14.11,0.00,50.05,0.00,131.24,13.42,35.54,0.00,193.99,2
91.98,0.00,0.00,131.77,74.61,38.47,0.00,133.09,0.00,383.52,2
19.69,0.00,2.41,66.40,11.83,152.02,0.00,153.72,18.58,365.09,2
0.00,0.62,0.00,15.12,2.75,0.14,0.00,34.17,9.14,106.20,2
0.00,0.00,103.19,74.40,0.00,149.65,83.43,271.38,25.11,788.86,2
13.43,0.00,0.78,15.87,5.71,17.21,0.00,37.83,9.94,98.59,2
0.00,0.00,120.19,148.19,0.00,135.91,71.23,293.52,64.24,661.00,2
37.32,0.00,0.00,62.16,78.77,158.74,64.90,265.25,0.00,409.31,2
55.90,21.55,1.59,78.39,46.40,14.09,84.15,151.93,6.67,601.73,2
5.19,0.60,9.99,56.96,30.20,79.10,11.84,66.38,28.31,251.71,2
5.09,0.00,0.00,125.15,4.28,125.30,9.38,229.98,48.72,326.55,2
3.78,0.00,5.24,8.77,1.85,11.93,3.01,24.47,0.96,84.19,2
7.43,33.79,45.15,141.41,17.70,147.75,34.03,117.42,18.99,497.47,2
63.37,0.00,32.17,79.34,0.00,125.94,56.42,329.47,49.36,557.98,2
32.31,0.00,26.48,48.82,31.01,72.19,0.00,112.45,0.00,187.99,2
0.00,48.93,31.84,125.04,70.47,144.79,0.00,199.50,50.74,635.81,2
7.48,0.00,7.27,43.20,18.90,57.11,14.31,127.04,3.64,180.30,2
16.97,1.22,0.00,25.91,9.98,73.94,13.63,37.65,12.90,136.77,2
38.38,56.92,15.02,131.42,0.00,142.71,0.00,207.91,0.00,499.08,2
22.94,6.40,11.73,28.28,24.86,88.55,0.00,84.06,0.00,137.55,2
79.06,0.00,34.04,130.71,11.30,352.76,11.78,350.62,0.00,401.19,2
0.00,0.00,10.27,50.98,0.57,89.73,29.80,197.49,29.75,303.52,2
3.26,71.25,8.42,137.56,18.71,99.67,30.94,245.08,0.00,477.91,2
0.00,83.63,0.00,277.89,70.44,23.07,29.20,156.63,38.74,440.56,2
0.00,16.57,0.00,15.21,0.00,19.56,0.00,28.26,8.14,108.17,2
11.51,0.00,58.34,33.03,90.87,86.81,40.68,124.85,42.28,645.21,2
33.86,121.10,0.00,124.90,0.00,187.70,28.66,197.71,0.00,394.07,2
0.00,0.00,24.13,130.12,50.62,267.88,48.15,102.74,23.85,726.88,2
0.00,0.00,0.00,171.08,31.35,133.45,40.09,183.04,0.00,372.88,2
11.84,0.00,0.00,15.59,0.00,24.55,0.00,110.04,0.00,131.53,2
2.40,9.46,7.65,11.95,11.08,4.52,0.00,84.05,2.40,103.65,2
0.00,5.41,0.00,47.58,0.00,32.55,16.81,18.26,40.94,357.70,2
36.11,66.18,1.91,73.13,0.00,47.34,17.76,125.85,0.00,516.88,2
9.78,4.68,34.95,72.10,0.00,139.48,0.00,117.66,51.04,222.86,2
52.61,77.36,37.88,44.74,2.78,8.69,0.00,214.05,0.00,526.22,2
0.00,2.37,19.82,41.36,0.00,33.32,0.00,114.69,0.00,346.29,2
0.00,5.24,22.34,34.02,0.00,120.68,0.00,123.14,5.77,435.30,2
2.54,7.43,9.44,18.43,7.65,8.98,7.03,25.51,0.00,80.20,2
49.97,0.00,0.37,157.73,0.00,194.37,32.93,158.22,33.01,295.30,2
6.30,3.87,19.42,23.73,19.48,21.85,0.00,29.30,11.32,61.62,2
20.31,23.63,16.27,26.92,31.80,56.30,0.00,43.34,35.99,194.42,2
32.48,18.39,132.47,14.38,115.81,62.07,0.00,144.58,0.00,783.22,2
55.47,0.00,0.00,172.84,4.49,243.91,0.00,144.44,116.75,630.69,2
41.76,0.00,41.85,114.54,36.22,209.84,0.00,31.26,35.29,470.64,2
72.97,5.69,0.00,212.62,79.69,168.43,64.45,248.74,14.90,357.22,2
77.73,0.00,0.00,36.13,81.30,165.18,9.03,254.21,7.40,483.69,2
4.33,30.04,10.13,82.38,0.00,32.08,0.00,97.75,32.91,330.19,2
13.92,0.00,1.44,11.74,12.61,21.51,9.36,37.44,9.73,116.28,2
30.40,0.00,79.38,22.36,65.73,111.65,16.78,155.29,68.95,556.15,2
0.00,20.34,0.00,127.45,0.00,115.15,14.64,168.56,0.00,315.10,2
6.71,0.00,58.79,267.16,0.00,187.52,60.35,205.86,19.61,576.58,2
8.98,0.00,9.26,25.30,9.58,15.55,0.00,43.36,0.00,151.51,2
0.00,122.25,0.00,152.13,13.96,153.77,0.30,353.93,0.00,390.78,2
69.91,0.00,10.32,77.70,0.00,55.06,19.71,79.26,61.87,352.27,2
18.65,0.00,0.00,254.29,8.87,187.05,102.55,247.45,11.24,720.43,2
29.20,0.00,65.62,106.04,0.00,91.34,32.78,192.70,0.00,663.79,2
74.00,0.00,70.96,123.18,18.23,91.58,82.19,263.18,0.00,422.62,2
45.91,75.72,38.09,300.16,92.19,142.71,38.59,292.71,21.03,513.26,2
0.00,2.45,0.00,59.67,28.21,52.77,11.56,67.32,0.00,129.34,2
0.00,13.75,0.00,133.22,33.27,278.18,0.00,179.33,0.00,341.69,2
13.88,0.00,17.40,57.26,0.00,85.29,0.00,115.47,0.00,178.39,2
0.00,0.00,0.00,94.62,91.76,164.41,0.00,399.67,16.61,537.63,2
20.60,16.62,5.52,51.98,0.00,109.56,0.00,164.74,0.00,283.30,2
0.00,0.00,18.30,107.14,2.12,180.02,0.00,256.87,45.75,429.29,2
10.13,3.08,0.00,27.02,0.00,43.12,0.00,79.36,9.56,122.78,2
14.51,3.37,0.00,30.42,15.85,40.52,2.63,43.02,7.27,159.42,2
22.50,17.50,32.13,14.61,28.61,63.53,0.00,146.89,0.00,416.67,2
20.00,0.00,74.20,38.05,0.00,41.12,0.00,390.06,0.00,587.06,2
43.53,0.00,14.13,56.42,16.19,94.68,5.12,163.41,0.00,247.20,2
64.17,32.09,64.41,177.55,64.27,154.27,0.00,261.78,0.00,390.02,2
0.00,0.00,0.00,35.39,3.87,44.30,0.00,63.04,0.00,180.77,2
33.80,10.98,51.62,116.57,0.00,100.60,15.18,153.05,14.77,258.28,2
4.63,13.66,30.91,73.91,5.02,66.51,0.00,174.52,0.00,233.07,2
0.00,10.49,8.62,119.32,4.90,46.04,0.00,380.26,35.16,460.66,2
4.70,33.56,0.00,65.01,29.17,62.32,23.35,79.55,27.00,214.37,2
0.00,16.13,23.25,210.49,0.00,229.37,0.00,267.86,0.00,450.88,2
26.59,10.34,15.68,8.81,0.00,64.87,0.00,128.90,28.80,252.93,2
14.69,26.28,41.05,68.79,19.22,132.65,12.09,113.50,0.00,344.14,2
10.41,0.00,0.00,27.80,16.51,47.49,15.93,119.95,15.60,296.55,2
0.00,0.00,0.65,51.26,0.99,14.68,0.00,59.90,0.00,122.13,2
75.48,59.28,31.29,64.47,0.00,177.79,0.00,21.82,9.45,406.46,2
0.00,38.07,37.01,109.09,46.54,83.59,13.32,135.93,32.42,237.88,2
45.61,0.00,25.63,116.33,104.55,131.66,0.00,103.12,0.00,543.01,2
0.00,20.80,59.23,59.35,0.00,128.70,84.19,258.86,0.00,535.74,2
0.00,0.00,28.79,63.87,3.19,50.87,0.00,95.08,0.00,174.66,2
16.55,43.79,41.33,74.01,6.28,70.57,0.00,165.40,43.96,335.13,2
25.60,28.91,69.44,36.13,76.88,93.11,0.00,189.25,0.00,325.42,2
0.00,181.33,23.87,49.34,50.41,130.73,0.00,216.70,0.00,614.99,2
15.52,0.00,0.00,55.26,23.02,57.38,30.59,68.99,3.31,221.01,2
5.49,0.00,7.30,74.84,14.67,62.03,29.66,105.54,21.29,248.83,2
0.00,21.60,17.55,55.96,10.37,65.28,0.00,38.56,5.03,152.44,2
0.00,48.59,0.00,173.69,64.47,71.18,0.00,269.15,0.00,337.47,2
23.46,57.81,14.10,137.11,107.31,229.65,0.00,156.29,66.74,513.82,2
77.39,7.04,0.87,105.45,46.14,21.99,66.02,251.42,62.53,423.37,2
0.00,0.00,26.48,30.38,43.76,53.87,0.00,273.50,27.66,326.88,2
0.00,0.00,37.57,54.07,8.47,100.72,6.07,160.06,22.94,256.03,2
0.00,0.00,15.06,56.36,28.30,86.08,46.80,411.51,5.77,394.64,2
0.00,0.00,0.00,59.27,14.43,46.44,9.94,71.82,0.00,92.48,2
3.90,0.00,19.63,35.00,5.35,48.32,15.27,72.11,44.19,207.61,2
32.45,65.83,0.00,104.05,0.00,103.50,65.87,268.45,16.51,646.38,2
0.00,0.00,16.72,42.66,6.46,51.37,21.44,152.36,0.00,191.27,2
0.00,0.00,111.42,19.78,42.30,54.59,27.99,183.44,0.00,467.19,2
0.00,32.21,13.23,11.54,5.68,38.71,4.07,63.88,33.64,208.59,2
29.12,75.57,30.78,55.61,77.65,183.03,83.21,156.92,0.00,722.22,2
62.84,42.88,16.19,84.62,0.00,126.00,0.00,228.85,0.00,437.54,2
0.00,10.59,0.91,32.77,2.58,27.82,0.00,29.26,0.00,45.50,2
0.00,80.52,15.70,29.58,13.32,117.25,0.00,150.93,0.00,727.39,2
25.56,0.00,0.00,218.75,106.72,176.06,0.00,117.31,59.31,626.58,2
79.80,0.00,17.62,73.18,25.24,172.86,62.85,199.66,72.14,446.39,2
7.85,0.00,0.00,3.40,0.00,12.38,9.04,40.95,0.00,69.36,2
6.13,0.00,92.06,166.50,6.45,104.58,0.00,247.54,4.72,416.47,2
0.00,0.00,3.75,33.93,26.77,79.86,21.92,67.97,0.00,213.61,2
56.52,69.73,25.56,65.09,21.43,164.04,0.00,145.60,16.23,359.67,2
0.35,0.00,2.19,154.79,29.30,142.83,0.00,80.15,64.88,408.69,2
0.00,0.00,33.95,135.20,18.54,301.62,49.54,300.96,0.00,385.44,2
19.25,0.00,0.00,6.61,0.00,171.35,0.00,120.74,60.42,403.99,2
0.12,0.00,0.00,60.94,5.56,121.63,8.25,123.55,10.98,286.94,2
105.95,0.00,32.33,173.55,154.42,117.01,0.00,368.21,3.80,526.34,2
11.04,36.99,27.85,4.48,0.00,34.64,0.00,133.82,0.00,145.79,2
58.24,0.00,0.00,62.46,84.78,69.56,31.21,273.08,0.00,526.50,2
5.73,0.00,19.44,45.49,5.58,55.37,0.00,52.61,14.31,154.04,2
13.47,0.00,43.16,2.19,0.00,42.17,0.00,66.05,0.00,161.51,2
9.85,8.11,34.01,22.02,30.62,69.90,0.00,61.91,38.90,191.23,2
4.31,4.59,6.46,6.83,0.00,13.05,0.00,19.94,0.00,88.65,2
60.53,33.40,8.82,72.69,31.34,206.57,115.43,225.56,31.14,592.65,2
65.38,0.00,29.01,147.00,0.00,109.79,28.30,134.44,9.87,379.85,2
0.00,134.42,0.00,126.26,50.28,158.18,0.00,186.13,0.00,569.29,2
46.85,0.00,2.67,19.89,12.99,49.38,2.70,110.30,46.01,312.15,2
0.00,10.87,0.00,59.34,0.00,106.67,0.00,256.14,0.00,452.30,2
15.69,0.00,11.30,23.18,0.00,40.66,11.17,25.90,0.00,106.42,2
9.88,1.50,18.61,24.65,18.93,30.52,11.18,132.46,0.00,112.56,2
6.80,52.31,3.25,7.83,22.99,0.00,0.00,210.45,0.00,637.95,2
54.19,31.96,0.00,39.38,0.00,46.29,47.13,151.22,5.24,341.50,2
0.00,40.12,4.04,119.93,64.09,162.85,89.37,362.85,6.32,467.58,2
11.21,43.76,5.58,72.95,18.68,149.39,22.30,121.42,0.00,350.04,2
10.42,9.22,0.00,24.29,19.28,53.37,0.00,153.00,0.00,219.94,2
4.17,23.67,9.99,37.72,30.00,73.98,40.94,57.07,22.87,207.42,2
0.00,119.19,0.00,36.92,104.24,177.02,0.00,176.39,0.86,573.96,2
0.00,0.00,72.76,88.49,70.60,124.02,66.05,369.89,53.62,577.83,2
27.35,42.54,9.88,62.57,0.00,15.26,0.00,79.59,5.46,245.45,2
3.58,2.21,20.38,0.00,0.00,35.60,0.00,71.88,7.71,218.99,2
4.35,36.00,15.06,20.39,0.00,41.75,25.12,157.36,0.00,223.59,2
0.00,126.74,0.00,121.06,35.14,213.40,0.00,254.03,103.00,548.69,2
101.42,0.00,128.92,140.36,42.66,123.89,12.52,49.16,120.74,571.93,2
24.70,0.00,0.00,35.00,26.13,57.62,0.00,90.28,49.25,382.09,2
40.90,47.26,25.28,11.62,51.37,114.29,0.00,381.82,0.00,545.08,2
0.00,0.00,145.55,118.94,122.08,140.97,90.65,94.73,87.12,836.51,2
13.93,0.00,0.00,0.00,39.68,86.31,0.00,78.47,0.00,252.88,2
17.81,15.03,16.22,43.56,16.37,54.04,0.00,145.02,14.09,193.16,2
57.58,40.20,0.00,183.25,40.13,170.96,27.06,144.28,0.00,500.36,2
0.00,0.00,16.35,38.33,17.64,21.40,9.72,21.45,0.00,121.48,2
45.21,0.00,0.00,48.46,42.35,47.85,0.00,50.46,14.19,342.87,2
37.13,12.66,50.04,69.56,20.22,45.16,0.00,63.53,0.00,425.73,2
74.79,65.52,28.79,109.96,50.13,174.82,52.89,209.99,18.83,439.17,2
24.63,15.49,0.00,46.91,0.00,53.67,2.13,60.17,3.76,252.64,2
54.45,55.88,0.00,97.13,76.12,240.46,0.00,203.74,0.00,682.34,2
38.62,70.25,61.59,0.00,69.20,85.06,0.00,149.52,10.46,437.54,2
23.86,22.03,40.27,81.42,17.36,103.19,24.67,215.21,42.21,468.52,2
51.41,35.10,50.09,93.51,26.32,134.51,81.98,237.65,9.58,488.29,2
50.60,4.55,49.74,19.35,0.00,181.71,48.82,306.04,50.42,696.30,2
0.00,0.00,72.65,55.78,49.76,195.50,34.85,275.93,40.36,366.78,2
0.00,0.00,0.00,36.22,9.72,34.36,0.00,13.16,0.00,114.50,2
0.00,0.01,17.08,47.06,22.46,71.91,0.00,27.08,26.43,190.70,2
39.08,24.81,46.53,88.49,0.00,53.21,0.23,354.15,16.71,686.53,2
0.00,0.65,18.11,42.08,10.38,113.64,0.00,57.50,12.59,162.60,2
29.77,30.07,91.20,114.44,0.00,134.73,68.34,298.35,87.41,562.73,2
50.98,1.05,16.65,88.95,0.00,107.95,0.00,117.15,0.00,310.09,2
68.86,0.00,76.66,0.00,1.98,85.76,45.94,226.44,0.00,634.55,2
51.64,33.23,37.22,240.93,107.77,185.24,0.00,106.05,85.20,506.48,2
9.12,8.26,0.00,11.41,0.00,24.63,0.00,44.49,0.00,141.07,2
20.65,44.98,41.25,44.09,56.35,53.13,21.51,86.90,20.34,305.78,2
0.00,37.13,0.00,195.55,0.00,242.50,5.37,169.54,31.37,630.33,2
35.75,26.96,0.00,92.18,0.00,88.54,41.78,318.84,0.00,715.69,2
0.00,0.00,8.97,23.65,4.13,43.88,0.00,88.05,0.00,227.62,2
0.71,0.00,32.94,72.24,12.22,70.02,13.83,91.46,19.20,223.27,2
2.09,35.68,24.32,92.07,30.07,4.08,0.00,134.95,14.36,461.86,2
0.00,0.00,34.14,38.26,34.56,17.68,0.00,91.79,0.00,194.02,2
0.00,6.10,0.00,69.47,116.27,40.58,16.13,298.38,64.92,481.94,2
0.00,46.05,9.37,188.99,0.00,139.75,0.00,118.56,82.88,370.11,2
0.00,33.41,0.00,178.99,37.73,159.95,23.95,345.42,0.00,396.08,2
0.00,0.00,13.63,78.89,35.58,164.03,0.00,141.93,65.48,362.62,2
0.00,25.69,43.73,0.00,29.15,208.24,78.58,139.52,12.40,532.24,2
19.08,0.00,0.00,103.05,3.70,21.41,12.65,102.36,16.92,329.40,2
0.00,0.00,45.74,93.22,0.00,45.18,0.00,298.80,17.52,410.80,2
22.81,34.48,20.99,15.99,57.86,65.37,42.73,81.47,0.00,353.80,2
112.32,0.00,99.97,61.37,26.81,197.74,25.23,260.57,0.00,586.11,2
3.84,12.34,11.23,0.00,148.64,154.30,0.00,321.14,91.38,671.59,2
61.18,17.67,61.81,103.16,37.73,52.31,87.90,286.46,24.35,566.92,2
7.14,10.04,41.73,107.53,51.70,74.97,0.00,104.48,0.00,400.32,2
6.33,27.35,0.00,144.69,10.46,155.28,71.88,156.43,0.00,574.95,2
10.34,0.00,0.00,79.24,46.39,59.31,17.19,123.45,2.18,237.59,2
0.00,9.84,20.50,23.53,21.82,63.05,17.07,132.39,15.07,185.06,2
23.79,0.00,0.00,39.30,1.66,86.47,16.36,59.04,14.15,169.16,2
90.60,7.61,23.53,119.28,7.76,209.28,36.86,122.38,59.38,554.91,2
26.81,0.00,0.00,47.47,65.69,153.86,30.70,143.21,0.00,699.82,2
19.68,0.00,40.12,75.87,8.61,96.31,2.84,67.41,11.14,189.18,2
0.00,27.80,25.37,73.50,0.00,236.80,9.49,72.56,22.00,541.36,2
20.17,0.00,0.00,57.81,5.18,148.40,32.07,39.39,0.91,366.66,2
1.51,29.15,43.47,125.83,29.92,228.65,63.83,225.18,0.00,290.64,2
25.12,39.52,0.89,15.39,25.05,64.48,0.00,66.83,27.68,230.13,2
37.27,13.74,22.44,142.15,105.86,105.69,14.69,148.20,0.00,534.83,2
2.94,0.00,52.25,180.32,0.00,84.88,40.26,229.46,0.00,344.01,2
0.00,0.00,28.00,35.00,0.00,12.70,11.87,30.43,0.00,137.82,2
52.49,14.00,0.00,86.37,11.09,79.13,65.42,115.21,2.36,423.91,2
8.89,15.34,27.15,15.47,13.75,51.94,0.00,37.56,0.00,159.81,2
0.19,0.10,13.92,67.26,0.00,59.46,1.22,154.51,0.00,253.01,2
35.73,0.00,23.07,36.47,0.00,49.72,0.00,77.96,49.84,287.12,2
8.87,38.13,5.03,114.87,0.00,55.05,6.78,61.82,17.77,271.98,2
5.47,88.86,6.21,219.99,72.51,120.49,38.99,232.68,69.31,409.91,2
0.00,0.00,55.02,29.35,29.60,66.94,10.82,145.88,0.00,446.68,2
0.00,0.00,10.94,28.27,24.20,48.29,0.00,24.00,13.04,108.09,2
24.78,0.00,38.68,183.97,17.63,33.08,6.19,246.73,26.93,390.11,2
0.00,0.00,58.82,228.20,31.30,188.79,29.95,140.75,0.00,571.48,2
24.25,68.65,72.41,62.02,49.48,12.13,0.00,168.60,27.88,349.98,2
5.16,11.28,14.34,40.55,9.79,44.52,0.00,57.06,0.00,165.34,2
5.96,9.06,4.62,35.67,18.62,25.40,5.60,66.72,0.00,134.67,2
39.74,12.83,17.63,62.99,0.00,91.74,22.99,56.51,0.00,290.68,2
0.00,8.46,27.97,92.48,0.00,99.08,0.00,143.68,19.40,576.48,2
0.00,8.68,14.20,48.83,9.49,62.95,24.29,47.58,16.80,173.28,2
74.46,0.00,2.76,109.84,0.00,208.08,0.00,126.98,0.00,361.45,2
0.00,16.81,70.60,72.96,5.65,85.89,0.29,108.68,28.07,256.71,2
117.30,106.95,31.48,221.69,60.62,136.38,58.08,201.19,0.00,612.43,2
0.00,21.73,0.00,105.28,6.66,140.99,0.00,167.38,0.00,466.61,2
87.60,26.17,51.25,32.18,21.52,41.69,0.00,227.17,0.00,597.55,2
41.85,0.00,80.36,49.00,0.00,71.52,25.69,219.54,11.82,424.04,2
23.48,94.39,85.54,130.36,56.51,258.58,19.67,274.26,0.00,719.08,2
0.00,0.91,0.00,61.19,32.69,96.19,0.00,136.65,0.00,218.19,2
12.60,11.65,10.39,54.72,0.00,85.39,0.00,56.29,63.68,238.29,2
34.12,0.00,3.22,65.12,25.48,29.53,0.00,21.56,14.43,206.70,2
3.22,8.91,0.00,2.97,29.39,28.12,3.84,85.28,0.00,205.58,2
65.93,19.29,26.08,127.25,42.77,175.68,0.00,199.72,21.23,341.46,2
5.58,0.00,2.95,21.23,0.28,20.97,0.00,39.22,8.92,59.77,2
0.00,60.41,12.11,134.60,45.89,104.90,50.06,175.51,25.66,243.07,2
6.89,0.00,9.84,31.81,0.00,55.62,1.69,43.94,11.46,98.82,2
0.00,0.00,18.13,64.48,10.97,60.30,19.87,169.43,45.35,370.94,2
0.00,0.00,0.00,77.92,54.18,120.97,15.70,281.52,0.00,880.78,2
12.35,0.00,77.52,116.22,0.33,95.12,54.78,111.65,0.00,549.31,2
16.78,26.09,0.00,64.88,20.17,60.43,29.95,158.09,0.00,376.47,2
0.00,0.00,19.97,28.07,14.59,13.94,0.00,76.96,11.55,140.27,2
19.58,5.40,3.97,69.73,24.61,41.90,0.00,77.12,7.09,177.95,2
59.40,50.34,17.45,214.29,27.81,201.93,0.00,198.75,94.56,428.18,2
90.60,0.00,0.00,166.84,33.36,92.28,0.00,242.87,0.00,495.97,2
0.00,0.00,0.00,199.95,23.11,247.30,5.75,202.39,22.29,609.78,2
1.50,8.61,0.00,23.68,0.00,9.05,10.43,26.77,0.00,121.20,2
28.30,0.00,16.23,132.35,0.00,133.72,19.86,291.13,31.64,519.89,2
75.79,5.46,42.68,117.54,30.94,75.40,42.46,137.79,0.00,369.52,2
8.13,46.70,20.63,26.77,9.84,195.58,0.00,138.91,0.00,417.98,2
3.75,16.29,7.17,32.22,5.57,11.78,0.00,61.19,9.88,60.60,2
0.00,0.00,66.62,165.20,2.23,277.21,9.69,287.81,0.00,450.02,2
159.70,51.72,10.05,184.03,0.00,294.84,52.40,320.92,0.00,554.17,2
0.00,49.37,83.69,103.08,74.45,79.47,0.83,324.71,31.76,508.79,2
0.00,0.00,0.00,54.63,33.54,122.62,23.32,98.68,47.38,346.25,2
8.47,0.00,3.93,11.50,11.94,10.03,0.00,41.80,1.04,86.45,2
0.00,2.00,14.39,38.95,0.00,21.06,1.14,31.70,0.00,140.92,2
0.00,0.00,0.00,95.70,71.21,223.56,0.00,254.39,0.00,473.51,2
0.00,0.00,79.79,174.35,144.77,211.92,0.00,179.48,1.59,833.76,2
7.65,12.83,19.01,43.12,7.90,40.20,10.73,35.24,17.52,99.52,2
82.72,0.00,0.00,171.30,80.64,103.07,6.39,362.14,3.79,471.74,2
19.02,11.53,18.21,33.44,2.12,25.32,0.00,66.24,12.20,147.59,2
0.00,0.00,27.93,58.48,52.41,33.46,0.00,110.86,46.14,236.39,2
0.00,0.00,14.04,139.56,84.59,152.77,0.00,400.60,30.69,374.81,2
32.46,67.18,99.54,14.68,46.42,196.55,0.00,302.37,32.84,486.05,2
0.00,26.54,0.00,22.39,10.49,36.54,15.13,32.70,0.00,186.04,2
0.00,0.00,30.43,28.34,0.00,62.23,0.00,112.96,1.34,237.67,2
0.00,0.00,0.00,94.00,17.00,114.04,7.64,48.72,1.79,215.33,2
0.00,19.47,15.41,163.96,27.96,214.88,8.73,33.28,6.30,619.59,2
22.12,0.13,0.00,49.28,24.47,118.00,15.96,62.04,0.00,226.01,2
0.00,7.54,0.00,19.93,0.00,28.48,11.07,186.58,16.20,239.12,2
6.97,9.24,47.95,105.84,0.00,49.93,0.00,215.63,0.00,669.47,2
0.00,0.84,39.88,33.60,4.94,32.92,4.61,49.44,23.55,211.00,2
0.00,30.96,37.69,48.30,8.43,60.96,0.00,61.93,4.03,227.69,2
0.00,50.42,0.00,165.86,35.63,232.65,0.00,145.77,0.00,608.83,2
0.00,0.00,5.57,90.85,8.56,83.66,0.00,259.52,0.12,470.75,2
0.00,20.87,11.52,23.20,23.08,41.47,0.00,36.10,9.88,312.08,2
79.92,104.04,52.64,194.47,29.99,197.43,0.00,38.84,14.30,601.34,2
29.75,27.81,54.75,110.53,65.20,67.58,14.86,224.36,8.71,441.81,2
0.00,11.90,7.23,55.41,0.00,51.29,0.00,58.10,18.27,94.64,2
0.00,11.85,0.95,41.16,4.95,57.05,0.00,12.81,12.99,132.76,2
17.13,21.23,26.29,68.17,62.23,43.86,49.30,84.17,24.82,349.54,2
25.23,0.00,135.46,165.61,103.16,35.75,54.39,32.30,0.00,539.06,2
50.37,38.28,23.14,218.52,119.71,254.05,0.00,222.31,118.24,389.21,2
30.00,15.35,29.63,77.50,40.08,79.06,0.00,79.59,15.98,312.87,2
0.00,0.68,21.34,43.09,60.19,48.11,0.45,233.71,0.00,329.75,2
26.33,0.00,0.00,91.11,8.10,51.92,21.36,82.04,7.22,201.26,2
1.92,9.80,34.11,9.63,0.00,32.72,0.00,39.12,0.00,144.58,2
14.56,0.00,0.00,47.95,16.25,46.55,0.00,33.32,25.15,172.57,2
0.00,0.00,67.48,75.37,38.88,151.47,59.64,143.02,0.00,307.27,2
6.47,9.49,0.00,67.83,3.53,90.22,23.26,109.11,0.00,303.11,2
4.69,3.99,0.00,88.13,68.44,122.34,6.90,128.15,1.92,335.85,2
31.70,2.12,0.00,97.56,27.71,104.20,0.00,148.39,46.29,559.20,2
3.13,44.83,40.62,80.86,0.00,225.85,0.00,189.99,78.01,606.39,2
13.24,76.44,0.00,164.72,6.90,61.93,64.43,269.87,27.67,521.40,2
0.00,7.86,24.99,41.36,15.46,107.08,10.76,55.59,39.01,211.80,2
95.79,0.00,68.65,100.88,52.03,238.07,36.72,280.12,46.43,481.60,2
0.00,0.00,49.12,159.73,0.00,0.00,10.33,230.51,0.04,359.99,2
17.68,23.39,24.70,50.59,0.00,125.92,47.76,92.55,0.00,459.32,2
5.59,18.76,47.61,88.70,44.53,66.11,40.81,168.05,0.00,291.50,2
9.59,21.73,0.00,34.01,17.01,61.76,0.00,180.60,0.00,197.42,2
6.87,0.94,38.29,62.54,8.16,41.81,10.25,129.48,0.00,169.77,2
14.46,0.00,7.86,105.92,86.94,156.68,0.00,239.82,0.00,347.17,2
3.32,0.00,0.00,14.30,0.00,22.71,11.52,50.92,7.81,82.54,2
56.40,11.21,0.00,73.21,11.67,8.17,0.00,120.80,0.00,685.20,2
6.34,0.00,59.32,14.14,44.52,50.35,0.00,100.56,0.00,298.68,2
0.00,0.00,0.00,61.94,108.33,163.06,0.00,134.62,0.00,391.64,2
21.92,0.00,23.22,150.22,155.67,185.32,53.43,238.50,0.00,542.23,2
0.00,0.00,0.00,3.21,38.37,47.47,16.11,73.75,24.32,278.14,2
0.00,63.06,0.00,92.79,97.70,80.37,30.20,172.96,133.13,793.32,2
9.85,7.42,12.31,47.99,3.54,56.04,0.00,82.30,2.79,112.74,2
54.95,0.00,0.00,59.74,0.00,26.27,0.00,129.82,0.00,237.46,2
0.00,0.00,0.46,17.28,0.00,173.40,0.00,128.70,0.00,539.23,2
60.04,0.00,75.10,120.03,57.66,150.63,0.00,191.84,98.42,334.28,2
20.18,52.27,44.91,107.45,0.00,202.61,56.92,310.07,0.00,554.55,2
0.00,27.11,28.86,61.85,8.22,69.74,0.00,104.61,0.00,148.10,2
31.78,0.00,55.93,113.26,47.42,84.86,0.00,245.23,29.33,547.19,2
0.10,0.55,28.72,30.23,0.00,36.83,1.51,60.09,7.93,98.32,2
0.00,11.35,0.00,17.86,0.00,39.41,3.48,101.70,0.00,159.22,2
7.02,86.71,0.00,132.71,46.63,57.82,0.00,293.81,48.53,469.17,2
0.00,29.36,56.90,69.48,14.06,125.90,0.00,92.29,0.00,282.49,2
0.00,10.20,3.02,9.26,0.00,22.15,6.24,19.30,0.00,73.98,2
142.27,0.00,69.82,102.85,126.84,202.60,49.12,216.37,0.00,598.42,2
4.57,13.21,0.00,23.73,16.24,61.99,8.78,59.97,2.76,161.56,2
0.00,19.75,20.82,61.15,0.00,97.18,0.00,165.26,6.06,289.36,2
6.20,0.00,31.41,40.23,11.62,65.37,0.00,85.56,15.78,174.35,2
17.25,26.54,0.00,90.53,0.00,131.53,16.53,379.01,0.00,560.62,2
0.00,54.42,0.00,29.75,9.68,77.26,14.19,57.15,0.00,319.49,2
5.02,9.96,23.26,87.78,36.62,153.18,0.00,175.89,0.00,271.66,2
0.00,23.54,66.67,102.55,29.34,82.84,23.82,103.73,35.10,320.08,2
16.87,33.94,39.96,61.10,9.71,134.31,0.00,194.46,0.87,261.47,2
0.00,4.39,9.00,16.43,4.79,23.44,0.00,68.94,12.98,101.96,2
0.00,10.10,0.00,10.68,14.26,24.57,5.39,78.58,0.00,119.67,2
0.00,26.01,35.38,89.05,0.00,135.51,0.00,138.58,0.00,717.67,2
27.53,11.68,8.79,31.09,11.11,63.21,2.22,18.78,0.00,129.52,2
0.00,68.89,55.57,214.59,0.00,154.65,64.78,141.99,0.00,568.93,2
0.00,0.00,58.58,162.67,0.00,201.62,0.00,243.75,7.36,465.59,2
7.45,0.00,17.61,48.88,27.16,22.33,0.00,33.41,14.49,253.12,2
0.00,0.00,3.14,158.90,51.47,93.99,41.05,232.84,9.43,314.14,2
24.97,17.26,48.65,67.48,32.23,71.99,0.00,158.15,0.00,278.04,2
11.80,14.29,2.55,32.06,12.21,16.99,1.39,50.88,0.00,78.22,2
9.74,7.80,0.00,34.27,5.30,22.54,0.00,26.50,0.40,78.80,2
4.77,0.00,0.00,38.67,17.22,39.54,15.16,36.83,0.00,169.41,2
0.00,24.79,44.56,0.00,21.04,18.17,54.12,138.69,0.00,255.55,2
0.00,0.00,0.00,98.37,64.26,80.18,2.61,154.53,7.89,182.82,2
0.00,34.92,76.64,45.03,80.59,141.06,112.75,110.60,5.79,518.94,2
2.36,0.52,64.30,70.96,15.16,92.55,1.00,86.51,0.00,307.62,2
0.00,16.28,1.88,14.40,2.18,11.00,0.00,20.36,7.14,85.96,2
105.26,22.18,28.89,155.75,59.16,192.00,0.00,220.33,24.72,384.00,2
41.61,30.33,50.70,86.20,72.57,146.92,1.35,229.44,0.00,352.32,2
56.34,0.00,72.43,132.96,24.43,143.52,5.01,78.65,62.37,518.56,2
43.91,18.85,56.64,290.06,38.72,190.29,37.28,164.84,0.00,578.51,2
13.88,0.68,3.24,22.25,0.00,33.13,0.00,17.59,0.00,82.49,2
0.00,0.00,1.14,21.49,0.00,162.89,0.00,204.29,0.00,651.72,2
23.27,0.00,3.92,93.40,0.00,156.27,0.00,178.73,48.50,527.98,2
22.94,0.00,1.26,51.51,7.98,37.52,0.00,36.67,0.00,129.61,2
0.00,54.13,57.38,93.12,0.00,311.76,0.00,307.69,43.26,336.62,2
23.15,2.27,16.22,35.31,22.87,35.56,1.26,51.62,0.00,119.40,2
26.50,50.98,0.00,91.42,13.32,51.32,17.29,418.37,34.48,650.21,2
5.41,23.42,15.66,49.79,25.68,43.16,0.00,58.20,15.57,228.70,2
21.35,10.79,0.00,38.72,12.38,68.40,0.00,41.22,0.00,209.37,2
32.00,42.81,12.03,51.91,3.66,69.90,0.00,68.57,7.66,133.86,2
16.50,15.41,20.96,62.48,6.17,47.78,9.81,94.08,25.67,189.25,2
0.00,10.34,0.00,38.00,2.14,34.13,11.01,40.68,7.47,91.93,2
3.84,55.95,52.89,171.07,61.84,185.93,0.00,263.28,3.15,394.93,2
0.52,27.00,0.00,48.52,35.55,50.79,5.33,148.68,0.00,293.94,2
15.61,26.33,0.00,48.60,4.88,94.42,12.79,71.21,0.00,183.34,2
0.00,8.59,6.47,118.21,49.10,121.00,18.63,157.32,7.13,321.38,2
7.86,0.00,113.16,209.52,0.00,166.96,7.51,178.01,14.16,472.98,2
0.00,5.66,70.28,208.61,62.69,253.24,50.49,292.17,24.33,351.80,2
34.59,50.94,19.02,75.40,5.18,162.72,17.91,185.89,2.16,269.25,2
32.59,18.52,65.04,142.07,9.74,138.27,10.76,296.28,0.00,825.15,2
13.19,23.42,0.00,78.79,13.33,46.90,17.79,93.15,9.14,343.33,2
31.65,0.00,0.00,96.73,61.56,23.64,0.00,80.83,0.00,430.23,2
13.54,0.00,3.67,30.25,10.64,51.54,5.69,45.35,0.00,156.37,2
116.84,54.11,0.00,172.72,56.70,44.34,0.00,138.60,37.78,611.29,2
1.32,28.80,41.44,35.65,21.05,23.86,11.66,17.34,20.15,233.57,2
10.75,0.00,62.62,217.69,52.65,196.77,39.37,275.78,0.00,581.26,2
0.00,0.00,16.60,31.29,4.73,63.37,0.00,35.31,5.08,191.84,2
26.18,0.00,44.59,74.99,0.00,123.40,0.00,173.02,0.00,295.91,2
79.67,0.00,96.15,0.00,21.01,215.02,73.88,410.60,91.55,602.11,2
0.42,0.00,16.68,59.40,11.78,56.80,0.00,93.80,0.00,135.20,2
0.00,14.56,26.38,43.32,0.00,57.20,5.72,61.05,16.58,188.21,2
46.95,48.72,0.00,49.37,20.63,188.40,82.05,143.13,19.53,417.41,2
9.06,51.13,25.47,91.00,46.99,46.65,6.04,238.52,0.00,325.69,2
11.42,30.51,15.54,69.64,32.90,7.56,0.00,109.78,0.00,345.72,2
8.61,0.00,6.98,40.83,46.13,73.53,0.00,144.37,17.42,274.68,2
0.00,25.60,3.43,12.75,6.97,4.36,0.00,16.72,15.55,185.28,2
14.90,79.95,65.47,62.49,0.00,155.52,0.00,233.99,42.55,529.73,2
25.72,0.00,23.43,122.20,27.46,103.03,16.16,103.85,0.00,739.36,2
1.12,0.00,63.93,120.43,106.74,110.49,87.22,263.51,0.00,408.75,2
99.44,0.00,64.66,24.82,60.06,113.44,0.00,416.38,28.40,428.54,2
1.20,10.20,22.39,25.39,18.56,58.99,0.00,39.03,8.82,111.84,2
30.90,0.00,76.31,135.91,40.40,130.11,47.34,107.65,34.60,515.20,2
16.16,4.87,0.00,55.60,11.85,108.57,6.86,65.48,4.82,144.76,2
0.74,30.00,4.02,40.37,10.40,37.45,0.00,45.40,23.48,125.64,2
0.00,0.00,25.11,0.00,88.67,135.29,63.66,290.81,53.33,742.49,2
0.00,35.77,116.49,91.70,52.42,146.64,0.00,248.44,133.22,716.50,2
28.83,23.78,6.95,0.00,23.76,52.01,0.00,92.63,0.00,198.47,2
6.20,9.97,4.79,64.12,0.00,62.97,0.00,94.61,6.54,149.79,2
0.00,0.00,8.85,161.08,96.00,94.38,0.00,338.15,0.00,436.64,2
36.20,9.26,78.84,47.74,25.12,81.84,11.52,50.82,0.00,398.37,2
26.41,0.00,33.61,0.00,108.99,177.25,0.00,206.96,33.40,452.68,2
0.00,0.00,2.51,23.36,2.42,41.26,0.00,26.00,0.00,108.53,2
0.00,0.00,4.24,60.63,31.16,67.44,36.82,139.22,1.86,430.58,2
0.00,25.97,36.59,120.05,36.05,52.74,44.72,156.50,33.94,299.24,2
0.00,0.00,0.83,99.89,17.41,112.42,19.09,125.67,51.34,485.85,2
9.95,4.18,9.77,22.36,11.15,18.12,9.93,25.05,0.00,92.89,2
79.58,14.98,81.55,64.02,4.42,105.29,1.05,218.21,0.00,481.93,2
0.00,0.00,11.27,16.67,8.62,35.23,13.94,23.24,12.60,107.14,2
0.00,21.19,66.08,118.71,0.00,120.02,7.98,84.41,24.75,469.22,2
0.00,0.00,28.89,170.94,62.33,100.38,0.00,235.52,3.07,510.85,2
0.00,0.00,9.49,65.29,18.13,68.44,0.00,30.70,0.00,197.85,2
44.11,0.00,43.17,117.68,17.35,134.39,1.36,74.09,0.00,300.71,2
23.57,46.81,0.00,130.36,3.02,115.06,65.09,210.80,29.22,421.69,2
46.01,70.72,159.57,52.43,111.08,23.33,0.00,149.53,30.69,707.06,2
25.24,0.00,20.52,118.51,15.99,96.79,0.00,161.09,0.00,324.67,2
12.97,12.30,0.00,58.15,19.90,26.33,0.00,76.39,0.00,93.69,2
46.40,0.00,75.26,101.65,0.00,81.76,75.71,223.45,16.66,503.80,2
24.43,80.80,0.00,42.14,28.93,108.66,3.38,203.63,0.00,293.22,2
0.00,0.00,0.00,13.75,5.99,53.76,2.38,39.40,21.87,179.19,2
0.00,0.00,198.62,111.18,117.73,123.58,39.04,306.75,0.00,606.07,2
61.83,0.00,0.00,160.70,0.00,144.17,0.00,369.63,58.38,438.80,2
31.51,81.57,5.19,140.82,0.57,144.42,38.99,304.88,0.00,402.19,2
90.41,0.00,27.17,94.63,27.43,0.00,55.68,214.61,14.71,363.65,2
24.58,0.00,43.10,20.80,0.00,31.88,0.00,217.64,66.54,558.04,2
10.62,0.00,1.28,97.68,32.96,56.81,37.62,159.98,0.00,297.99,2
31.02,27.21,15.64,34.52,0.00,7.70,19.73,104.33,0.00,260.98,2
0.00,0.00,3.51,34.54,14.89,37.74,1.62,11.78,0.00,127.45,2
19.68,0.00,28.65,86.34,25.89,57.43,4.65,206.34,0.00,275.08,2
38.94,52.02,54.65,143.97,5.51,151.87,0.00,158.64,23.99,538.21,2
0.00,24.94,18.37,65.33,5.80,19.41,41.97,59.45,0.00,386.96,2
10.27,18.37,0.00,21.82,0.00,5.25,2.81,22.87,21.00,146.03,2
0.00,0.92,9.21,31.71,0.00,12.45,10.47,40.68,0.00,76.00,2
0.00,40.02,36.39,121.60,75.95,244.28,24.20,427.30,0.00,478.86,2
0.00,16.21,50.17,229.35,57.92,141.13,35.25,99.68,2.49,380.64,2
0.00,12.25,0.00,64.96,46.07,63.73,74.38,223.68,0.00,544.27,2
19.61,0.00,0.00,49.01,31.87,61.35,0.00,56.05,19.53,148.57,2
0.00,1.21,0.00,57.61,12.11,44.55,15.24,33.35,0.00,93.73,2
13.60,9.32,28.86,85.84,0.00,105.35,0.00,205.67,0.00,206.99,2
0.00,14.04,42.00,69.51,28.91,23.14,76.14,158.68,44.94,477.26,2
0.00,6.26,9.53,17.51,0.80,13.73,14.07,33.08,0.00,148.02,2
22.10,0.00,0.00,202.48,56.73,133.90,0.00,264.37,43.91,474.12,2
0.00,19.21,25.04,93.17,74.69,50.63,44.18,250.94,16.13,378.86,2
0.00,0.00,0.00,16.72,20.60,44.59,10.63,66.58,17.80,240.02,2
0.00,21.13,97.73,103.33,0.00,147.66,63.68,141.42,8.09,371.76,2
0.00,0.00,63.21,49.65,32.28,143.00,10.32,206.04,0.00,437.89,2
16.35,10.79,10.06,35.29,7.38,53.21,12.03,92.38,0.00,141.80,2
12.66,0.00,16.96,0.00,63.58,184.56,47.34,248.96,66.75,598.17,2
0.00,59.63,26.21,238.20,0.00,160.33,0.00,358.49,0.00,483.42,2
90.15,0.00,0.00,184.58,10.82,257.84,0.00,104.24,19.56,554.65,2
0.00,24.08,0.00,91.01,0.00,79.85,0.00,177.98,22.16,567.85,2
0.00,0.00,95.11,225.39,24.32,148.98,17.01,174.46,0.00,420.43,2
4.08,12.60,14.77,92.95,38.04,103.38,32.23,147.42,12.89,301.46,2
87.50,10.03,9.51,69.88,11.19,192.91,0.00,176.79,0.00,414.45,2
0.00,0.00,125.75,17.72,25.28,161.49,0.00,207.52,41.47,676.75,2
39.01,0.00,39.50,0.00,0.00,145.47,0.00,259.17,25.24,568.54,2
0.00,34.71,83.62,29.63,35.08,126.65,10.46,134.47,3.47,302.59,2
0.00,0.00,16.27,21.29,15.86,50.80,0.00,79.56,22.68,140.87,2
40.13,9.85,22.40,58.61,0.00,77.08,0.00,152.57,0.00,292.71,2
74.35,63.50,0.00,78.58,11.30,160.53,8.31,143.75,0.00,371.20,2
0.00,0.00,0.00,69.80,36.53,142.28,15.88,244.83,49.75,417.24,2
0.00,0.00,0.00,17.33,11.01,63.33,0.00,186.41,0.00,221.07,2
8.98,33.60,0.00,56.47,15.43,107.16,0.00,167.31,0.00,382.19,2
23.47,10.19,35.12,32.13,12.32,12.61,7.82,64.44,0.00,246.54,2
7.61,19.02,11.57,11.70,0.00,14.22,2.48,51.25,0.00,136.81,2
11.04,0.00,79.22,105.83,8.43,75.89,0.00,148.65,22.14,550.80,2
0.00,0.00,0.00,69.48,0.00,154.73,0.00,157.47,39.13,773.36,2
0.00,14.25,0.00,9.70,5.03,23.04,0.00,30.14,2.78,63.36,2
11.75,26.21,0.00,42.90,0.00,57.62,6.98,83.59,0.00,186.40,2
34.07,29.32,39.20,190.72,25.15,119.95,0.00,87.29,0.00,537.99,2
1.57,4.97,4.57,8.46,0.00,4.67,2.63,7.89,10.15,105.57,2
0.00,0.00,43.77,81.35,0.00,51.97,0.00,104.04,15.20,288.84,2
39.56,1.52,43.41,98.91,55.47,15.90,0.00,110.05,0.00,289.92,2
0.00,52.65,0.14,168.47,7.43,88.42,10.74,157.90,1.92,524.70,2
0.00,0.00,25.50,18.14,23.36,49.88,25.33,50.10,0.00,151.52,2
19.93,19.92,13.07,38.41,15.53,16.01,0.00,46.08,2.44,83.79,2
27.06,0.00,19.65,115.54,33.39,81.15,3.71,94.37,13.18,332.25,2
0.00,8.75,13.16,23.80,2.66,6.26,6.54,57.94,6.51,98.27,2
35.02,0.00,72.31,79.74,19.52,43.83,36.03,221.87,0.00,355.53,2
47.87,0.00,0.00,123.52,0.00,193.78,23.52,247.15,58.80,478.70,2
154.37,29.59,21.10,156.91,73.05,292.53,0.00,205.92,36.08,513.74,2
56.47,0.00,28.92,132.46,52.91,143.75,0.00,116.10,5.03,214.87,2
14.70,0.00,36.09,100.16,0.00,61.58,5.42,144.34,11.33,364.32,2
20.10,0.00,21.12,0.23,28.73,14.00,26.80,177.58,52.05,327.69,2
22.32,27.81,144.85,120.01,122.18,123.20,38.56,332.55,0.00,647.64,2
5.13,0.00,0.00,110.19,91.66,137.17,0.00,281.04,0.00,739.93,2
5.86,5.91,0.00,2.18,17.45,20.40,0.00,60.70,0.00,103.24,2
0.00,31.93,0.00,48.50,15.74,39.87,22.13,103.09,6.53,219.32,2
0.00,0.00,0.00,72.28,70.02,34.79,37.29,78.78,0.00,368.40,2
0.00,36.13,6.28,61.23,20.76,126.58,13.91,202.20,31.73,576.67,2
74.47,30.73,0.00,196.36,0.00,176.31,0.00,298.13,0.00,544.28,2
0.00,0.00,86.57,196.93,17.91,0.00,0.00,309.50,22.61,632.52,2
0.00,0.00,68.92,33.92,73.58,106.90,0.00,217.69,65.10,438.41,2
0.00,2.51,13.79,54.12,64.86,97.64,9.98,166.75,0.00,257.70,2
33.77,0.00,0.00,82.70,0.00,96.46,0.00,121.98,0.00,257.01,2
0.00,0.00,6.43,26.87,0.00,127.69,0.00,113.68,0.00,273.40,2
5.11,3.48,4.34,16.40,0.00,14.72,0.00,41.96,0.00,53.85,2
0.00,24.68,0.00,91.22,66.19,242.13,0.00,287.96,45.61,370.50,2
0.00,12.03,6.93,33.66,18.84,35.61,0.00,73.89,4.37,125.36,2
10.72,6.85,0.00,43.44,11.56,36.60,0.00,29.89,5.13,187.68,2
30.74,70.63,0.00,163.99,0.60,137.81,41.82,340.63,45.31,591.35,2
27.60,43.00,109.89,296.03,38.38,180.22,0.00,410.25,0.00,513.05,2
29.19,0.00,45.42,52.96,0.00,76.63,12.58,172.54,0.00,484.20,2
5.95,0.00,15.25,79.04,8.50,104.61,0.00,90.09,8.07,280.20,2
14.07,0.00,12.47,111.45,71.38,80.79,0.00,168.74,75.58,529.23,2
0.00,24.55,0.00,112.96,35.29,32.85,41.41,233.59,0.00,456.93,2
71.85,0.00,0.00,141.39,17.91,214.36,144.36,249.04,0.00,573.57,2
0.00,34.61,44.34,39.00,41.71,59.22,4.00,145.12,0.00,305.77,2
68.64,100.92,35.68,58.21,68.53,148.11,83.33,238.89,16.75,367.71,2
16.79,41.83,0.00,0.00,48.91,214.23,50.01,298.88,58.35,406.64,2
30.19,15.30,33.35,54.38,46.65,76.96,17.89,89.74,30.76,421.64,2
21.77,0.00,60.06,64.63,20.37,86.88,61.12,168.55,60.79,318.70,2
75.74,38.37,0.00,123.57,60.26,151.50,66.29,481.36,0.00,536.42,2
0.00,0.00,110.06,176.23,7.89,214.27,78.43,341.59,0.00,377.22,2
27.12,12.45,26.63,28.12,0.00,112.40,0.00,112.97,0.00,249.09,2
20.14,0.00,7.16,78.91,28.38,72.50,0.00,367.01,0.00,430.38,2
17.62,8.38,13.89,5.67,2.99,32.06,0.00,44.83,0.00,190.38,2
49.50,26.57,67.70,81.51,102.12,144.84,37.95,84.60,17.13,347.19,2
0.00,44.38,0.00,118.69,76.61,7.66,0.00,353.25,29.79,457.23,2
19.88,0.00,3.36,77.65,10.03,96.47,0.00,79.78,0.00,321.15,2
37.44,0.00,23.48,36.07,38.64,70.05,48.48,174.42,0.00,271.86,2
7.04,6.45,14.18,22.56,0.00,17.28,0.00,29.19,0.00,107.41,2
106.49,32.16,80.75,56.76,0.00,207.45,133.93,189.85,65.87,522.01,2
31.79,22.63,31.23,10.78,39.58,32.69,0.00,86.43,2.00,364.22,2
0.00,23.66,96.13,113.77,33.36,178.08,17.79,355.38,0.00,566.15,2
21.59,69.93,130.45,126.13,48.08,296.25,0.00,225.43,65.33,624.78,2
0.00,0.00,27.33,16.06,33.74,52.67,30.36,87.35,7.28,329.15,2
12.06,20.48,46.74,45.27,46.37,59.80,14.22,163.01,0.00,269.56,2
25.27,22.86,66.80,103.99,92.31,115.23,0.00,163.84,49.20,360.29,2
3.33,0.00,4.76,12.21,0.00,9.31,5.80,36.92,6.34,68.33,2
77.32,52.64,39.33,60.37,71.36,238.70,0.00,236.98,25.54,608.58,2
0.00,27.53,20.17,41.06,16.35,55.62,0.00,61.03,0.00,166.31,2
0.00,5.10,24.48,35.76,17.61,220.28,65.16,259.01,0.00,766.59,2
0.00,17.45,33.08,109.68,0.00,160.39,0.00,289.28,50.14,317.21,2
7.22,0.40,0.09,31.76,26.02,57.13,15.90,133.88,14.94,191.57,2
35.90,0.00,0.00,118.24,12.13,47.75,0.00,168.99,0.00,447.16,2
25.66,78.15,10.07,74.21,14.92,76.75,34.51,212.43,76.98,304.37,2
45.45,0.00,0.00,114.96,10.83,69.12,66.30,205.27,0.00,359.75,2
0.00,0.00,135.66,305.17,96.12,156.27,42.44,157.69,89.42,680.41,2
75.71,0.00,0.00,193.98,64.67,182.11,38.15,102.53,32.00,705.46,2
1.83,18.59,14.46,28.35,26.23,76.47,20.48,32.72,0.00,175.02,2
13.60,0.00,28.52,160.98,46.29,164.45,102.17,222.44,0.00,410.21,2
6.22,40.24,3.08,44.01,23.46,66.30,0.00,44.65,12.04,157.39,2
0.00,57.02,0.00,181.38,43.62,103.65,31.22,273.39,0.00,579.46,2
2.12,3.53,1.17,5.01,13.28,8.39,11.65,34.84,0.00,118.55,2
63.83,0.00,0.00,38.40,109.95,143.79,0.00,170.14,0.00,436.41,2
2.79,14.63,11.77,20.41,25.78,43.85,8.05,36.17,0.00,117.70,2
9.97,22.53,10.77,29.37,6.74,10.90,14.94,82.57,0.00,87.68,2
38.39,0.00,0.00,130.58,51.27,68.70,48.25,155.19,0.00,329.66,2
18.80,62.02,43.16,72.79,66.43,104.96,34.99,219.50,0.00,271.41,2
22.83,0.00,0.00,152.45,0.00,97.01,0.00,201.59,14.62,323.85,2
34.86,0.00,0.00,90.69,47.84,97.59,15.08,164.01,47.23,368.99,2
0.00,99.35,101.20,162.49,0.00,173.20,18.90,309.73,0.00,511.58,2
0.00,3.54,0.29,26.39,4.47,45.53,0.00,21.55,0.00,58.22,2
1.20,7.42,8.17,16.53,13.20,30.89,1.95,59.41,1.72,65.68,2
24.88,41.51,11.61,0.00,0.00,45.86,11.86,127.62,39.48,205.10,2
41.64,14.25,0.00,48.08,45.32,64.70,62.97,207.39,3.16,439.48,2
0.00,0.00,12.57,36.07,0.00,10.38,10.25,75.08,3.06,110.83,2
14.28,0.00,0.00,67.30,0.00,58.27,1.99,101.58,0.00,202.02,2
22.04,58.98,21.51,81.58,1.06,91.81,0.00,104.59,50.06,417.95,2
0.00,11.80,18.65,65.58,3.78,45.72,3.85,52.86,22.59,151.15,2
14.25,4.31,1.11,32.33,6.44,57.35,8.74,50.80,0.00,93.16,2
13.79,0.00,0.00,75.53,42.98,61.75,27.54,86.37,0.00,404.33,2
0.00,35.19,51.05,151.43,0.00,207.10,101.53,323.70,0.00,485.32,2
6.38,0.00,0.00,38.15,14.72,42.97,12.20,79.97,0.00,157.60,2
22.37,0.00,31.68,31.44,8.06,92.51,13.95,179.10,0.00,215.14,2
0.00,26.43,28.97,9.99,27.10,22.43,13.81,112.03,0.00,201.39,2
126.33,33.52,26.13,94.23,6.26,184.06,0.00,255.43,0.00,527.90,2
22.61,15.19,12.85,23.52,5.49,35.72,5.84,93.97,1.33,108.39,2
9.45,44.49,25.73,55.14,0.00,125.80,0.00,87.43,34.94,390.03,2
0.00,26.26,0.00,63.14,15.89,118.62,0.00,232.15,54.90,277.80,2
104.95,0.00,62.57,212.86,26.70,167.84,62.74,114.54,3.31,570.07,2
3.30,0.00,60.36,230.90,0.00,254.94,41.74,280.50,0.75,497.85,2
36.88,68.74,21.54,61.12,12.58,93.08,0.00,78.13,0.00,307.30,2
0.00,70.63,20.26,48.00,25.70,57.69,23.85,165.30,0.00,261.58,2
0.00,0.00,48.98,93.77,59.51,66.94,2.41,219.20,21.77,237.79,2
52.15,0.00,0.00,82.05,37.10,44.83,66.40,198.86,0.00,567.55,2
0.00,0.00,0.00,51.83,22.49,30.73,0.00,58.48,0.00,245.19,2
2.30,20.18,0.00,13.68,0.00,25.93,0.00,95.31,0.00,138.92,2
35.94,0.00,97.72,122.50,0.00,160.83,0.00,215.16,33.37,312.72,2
25.72,5.74,0.33,275.10,16.68,205.84,0.00,207.00,19.77,449.15,2
0.00,24.65,0.00,124.80,23.48,196.10,103.26,191.08,45.98,558.54,2
0.00,24.00,58.47,111.55,68.58,57.76,58.56,61.49,53.99,370.08,2
8.48,0.00,13.47,66.43,21.74,97.04,0.00,111.99,0.66,135.60,2
33.43,16.59,14.15,49.34,28.00,43.78,0.00,185.95,0.00,254.41,2
20.12,0.00,23.56,82.91,84.80,85.29,49.42,144.17,3.63,525.12,2
6.11,0.00,0.00,20.95,0.00,25.29,7.60,29.51,7.02,75.33,2
0.00,0.00,31.75,270.54,17.36,261.27,9.52,332.71,118.99,434.26,2
0.00,142.31,0.00,43.49,83.26,82.11,0.00,434.85,35.55,584.77,2
12.32,42.80,50.59,50.65,29.84,76.56,29.39,155.50,10.04,319.29,2
0.00,24.30,17.85,38.40,19.64,24.48,0.00,255.76,49.31,588.39,2
0.00,13.18,11.37,64.63,35.14,72.78,0.00,55.09,21.60,206.90,2
13.57,7.87,8.53,28.57,0.00,12.22,0.00,109.54,2.58,235.91,2
6.10,8.49,17.55,37.00,22.02,28.30,0.90,47.18,0.00,116.68,2
0.00,0.00,36.87,106.62,1.73,97.32,7.08,117.70,2.98,375.94,2
0.00,11.82,0.00,163.66,81.26,235.84,40.46,225.67,82.01,377.67,2
0.00,9.01,6.80,18.19,17.18,28.09,10.18,84.77,6.14,157.41,2
18.46,0.00,7.77,33.91,29.72,152.57,0.00,128.11,0.40,663.63,2
0.00,9.57,16.60,80.09,29.86,93.09,27.09,173.60,104.74,625.81,2
114.45,77.52,86.64,5.44,0.00,110.77,0.00,179.57,0.00,743.97,2
63.19,0.00,12.51,62.94,80.61,87.37,92.45,196.22,81.77,363.30,2
35.10,0.00,23.76,104.26,26.18,140.98,0.00,167.51,0.00,284.64,2
32.50,24.94,69.25,51.95,32.22,222.53,20.09,282.93,1.65,440.50,2
5.26,7.50,0.00,61.07,23.67,94.58,0.00,168.43,0.00,336.41,2
93.78,52.00,0.00,99.98,26.99,67.86,0.00,225.46,0.00,539.90,2
22.49,28.56,9.05,17.44,5.54,64.49,3.96,11.90,2.10,145.93,2
0.00,35.17,67.11,56.40,51.34,17.30,35.50,182.63,38.33,329.69,2
85.32,14.84,0.00,167.73,94.57,187.93,0.00,167.17,34.78,615.57,2
0.00,5.03,12.75,16.76,5.96,5.24,0.00,46.10,0.25,92.08,2
28.02,0.00,56.22,124.84,73.06,390.31,84.67,161.67,0.00,645.41,2
0.00,42.08,0.00,137.51,0.00,96.59,54.48,291.41,6.55,368.99,2
1.93,5.32,12.69,23.99,9.34,32.35,7.56,64.46,1.33,97.65,2
6.52,49.69,18.85,26.76,31.59,133.51,0.00,297.12,98.76,528.46,2
12.99,4.65,25.65,18.83,16.67,25.84,0.00,68.82,0.00,92.61,2
14.22,0.00,45.10,111.39,34.98,71.27,23.00,188.79,0.00,250.04,2
20.39,13.98,0.00,25.89,3.36,54.68,0.00,69.03,0.00,102.66,2
31.51,26.41,29.94,81.30,115.81,83.93,78.57,185.85,0.00,554.69,2
0.00,0.00,53.33,162.14,29.31,190.99,0.00,141.81,12.32,546.48,2
12.06,18.70,9.03,34.43,29.54,188.40,41.29,117.83,0.00,444.08,2
17.19,61.07,0.00,114.25,40.18,178.35,62.79,138.85,0.00,263.50,2
28.86,0.00,20.79,64.30,6.11,47.82,0.00,116.82,11.87,141.31,2
0.00,36.62,24.25,65.41,13.49,164.12,0.00,182.46,0.15,269.88,2
0.00,0.00,1.10,60.30,2.28,74.84,6.57,48.39,7.68,111.20,2
0.00,237.38,22.51,237.24,14.88,117.93,31.85,178.93,5.06,606.13,2
0.00,19.81,0.00,59.39,31.54,56.21,0.00,100.38,5.80,206.05,2
35.65,75.46,23.34,137.75,0.00,150.00,0.00,148.68,118.59,524.08,2
0.00,0.00,90.04,70.14,0.00,79.67,18.31,117.16,0.00,527.80,2
24.27,0.00,25.24,103.04,7.00,49.20,99.38,481.85,54.79,561.96,2
73.27,36.03,40.69,114.92,23.20,82.85,0.00,101.06,1.56,505.93,2
0.00,14.42,43.57,24.20,37.13,37.72,0.00,107.95,0.00,238.30,2
0.00,0.00,9.78,68.36,62.44,27.08,38.47,334.22,62.44,499.43,2
0.00,0.00,0.00,198.92,0.00,163.01,40.18,98.43,101.32,585.95,2
1.52,0.00,1.66,38.12,13.04,25.58,6.60,23.73,0.00,104.28,2
14.84,13.94,0.00,73.29,0.00,114.13,28.17,94.47,12.31,552.64,2
37.76,52.62,80.62,165.73,0.00,351.64,0.00,148.71,0.00,597.76,2
129.32,0.00,0.00,132.82,77.67,308.92,0.00,253.63,3.35,613.40,2
26.91,34.73,15.80,46.39,42.08,28.88,0.00,142.21,0.00,243.52,2
0.00,0.00,17.65,47.60,117.93,209.25,0.00,190.29,0.00,598.40,2
0.00,0.00,20.44,76.41,46.52,108.25,2.22,81.09,2.01,314.91,2
0.00,0.54,0.00,92.97,0.00,203.01,0.00,153.02,1.95,670.42,2
19.48,0.00,0.00,0.00,15.89,55.88,0.00,75.68,5.40,188.56,2
80.54,0.00,0.00,80.49,22.77,56.24,80.91,293.54,8.43,463.34,2
19.68,0.00,80.28,167.40,14.26,253.04,49.87,155.15,62.17,353.09,2
0.00,5.14,12.83,18.94,34.39,69.36,7.01,71.90,13.17,139.67,2
0.00,0.00,3.04,105.67,18.24,64.47,0.00,294.59,24.36,389.84,2
17.31,38.95,73.96,140.69,25.44,104.82,0.00,252.23,49.89,509.41,2
13.05,0.00,3.32,36.73,35.53,133.82,0.00,179.68,0.00,399.49,2
28.26,8.35,0.00,82.59,46.62,142.43,33.18,125.97,0.00,271.21,2
47.83,56.46,84.66,114.14,96.91,113.01,0.00,228.24,11.26,294.99,2
4.66,0.00,0.00,16.87,4.83,0.00,2.39,59.83,0.00,252.44,2
44.35,0.00,90.77,87.71,0.00,130.05,51.12,106.20,6.64,520.89,2
0.00,0.00,42.68,197.00,51.24,139.26,0.00,106.13,0.00,379.84,2
21.86,0.00,67.95,88.75,105.48,204.88,49.23,303.22,0.00,554.50,2
46.88,13.33,0.00,9.28,0.00,32.07,26.69,86.72,11.89,342.82,2
25.72,103.38,0.00,154.97,12.59,137.27,0.00,201.77,0.00,883.22,2
41.00,56.86,8.68,76.74,0.00,119.53,0.00,184.22,60.26,723.86,2
8.49,43.27,83.04,102.50,22.68,161.25,29.36,137.41,50.41,374.62,2
24.72,17.88,0.00,28.56,32.60,110.36,0.00,179.85,60.30,406.10,2
22.23,34.77,16.93,75.85,0.00,132.05,0.00,105.94,25.93,448.69,2
0.00,0.00,14.09,14.07,20.62,28.39,0.00,44.91,0.00,66.69,2
17.60,0.00,12.93,55.94,49.33,76.97,0.00,118.74,25.62,302.31,2
0.00,6.46,0.00,59.03,0.00,147.94,30.53,49.59,0.00,564.69,2
11.34,17.56,46.98,131.01,3.63,114.77,17.82,156.98,18.21,316.94,2
43.10,38.63,25.49,104.44,0.00,33.00,0.00,130.84,31.51,333.57,2
0.00,0.00,46.78,82.62,52.41,62.51,0.00,218.99,0.00,558.05,2
121.13,0.00,62.86,131.92,0.00,103.91,76.80,237.48,0.00,618.81,2
0.60,1.74,15.08,35.39,26.84,21.92,3.80,32.59,18.21,93.70,2
23.61,15.59,10.56,48.05,17.07,44.37,13.88,81.05,4.71,164.66,2
0.00,0.00,43.74,39.64,51.57,84.14,9.53,120.23,0.00,214.96,2
0.00,2.58,0.00,74.21,0.00,153.98,0.00,361.93,53.87,441.63,2
26.39,3.61,0.00,12.21,0.00,47.88,0.00,50.61,12.46,199.24,2
4.09,0.50,0.00,43.30,0.00,63.17,0.00,70.48,0.00,226.98,2
6.83,0.00,107.08,153.70,0.00,118.37,0.00,185.30,0.00,369.97,2
0.00,33.14,0.68,97.82,56.58,106.89,0.00,227.58,37.57,362.64,2
43.47,0.00,45.99,187.48,45.07,265.88,27.64,385.14,0.00,446.21,2
5.12,15.86,4.49,10.74,0.00,16.24,17.82,52.00,0.00,125.52,2
14.58,0.00,0.00,9.64,4.03,20.86,0.00,83.87,0.00,121.85,2
52.60,44.08,0.00,131.97,3.17,144.15,14.95,180.34,0.00,648.92,2
0.00,0.00,25.90,45.48,0.00,48.54,38.43,170.05,0.00,436.98,2
0.00,0.00,0.00,93.38,62.29,67.94,4.52,90.06,24.42,314.86,2
65.43,16.81,14.06,127.28,71.43,174.51,15.38,284.72,12.98,667.74,2
0.00,76.59,0.00,130.08,0.00,78.17,0.00,80.78,16.95,451.82,2
4.80,1.32,0.00,18.39,3.07,3.27,8.03,54.13,0.00,89.11,2
0.00,0.00,0.00,23.90,9.29,57.42,2.86,35.88,0.00,183.72,2
0.00,23.90,13.57,43.94,23.79,8.28,0.00,96.08,0.95,159.12,2
17.69,18.09,40.59,37.76,27.74,61.92,0.00,46.92,0.00,227.79,2
26.65,17.78,64.98,68.35,126.94,237.32,15.21,124.51,0.00,537.89,2
98.67,0.00,81.77,44.05,30.40,142.90,0.00,222.69,71.77,438.38,2
13.17,0.00,17.82,76.29,0.00,149.45,3.21,85.01,22.45,324.00,2
0.00,0.00,39.38,42.82,0.00,34.48,0.00,44.36,0.00,138.71,2
21.14,5.95,15.81,60.68,6.88,29.86,18.89,55.14,1.29,153.05,2
0.00,0.00,12.38,13.42,14.92,27.50,0.00,55.03,11.23,202.36,2
0.00,10.91,51.80,61.03,1.71,49.68,6.27,102.96,0.00,367.52,2
3.01,5.08,12.82,41.47,14.04,50.70,2.87,92.35,29.32,271.61,2
0.00,0.00,0.00,53.51,3.57,27.67,0.00,75.26,0.00,333.23,2
0.00,152.96,19.46,129.64,0.00,173.12,0.00,139.18,28.11,693.95,2
57.22,17.44,51.13,0.00,0.24,182.42,0.00,231.78,38.46,556.12,2
0.46,30.36,82.64,82.17,67.43,137.79,0.00,144.17,0.00,484.25,2
15.98,10.71,24.81,77.75,63.01,138.17,0.00,220.81,0.00,313.09,2
0.00,0.00,23.62,46.16,6.24,48.58,0.00,219.35,8.75,303.20,2
5.60,0.00,1.50,48.66,0.00,87.79,0.00,83.92,0.00,466.02,2
0.00,8.09,10.08,111.61,17.25,104.33,32.82,64.90,53.86,281.66,2
2.42,0.00,39.00,53.18,11.46,72.68,0.00,78.40,4.57,143.70,2
1.31,0.00,2.70,49.26,14.53,11.00,0.00,40.85,0.00,182.33,2
33.06,76.15,89.28,123.25,11.50,166.50,89.22,384.20,0.75,487.11,2
64.69,0.00,18.82,6.73,63.03,55.93,0.00,118.65,14.79,348.27,2
11.34,0.00,0.00,179.13,30.35,94.74,14.20,254.92,0.00,397.75,2
0.00,0.00,4.33,0.00,39.51,0.00,69.23,216.08,11.52,599.23,2
0.00,37.39,27.36,91.29,17.73,50.89,8.69,133.64,26.18,347.58,2
0.00,38.11,144.89,185.66,51.95,83.11,4.48,234.46,93.85,439.87,2
9.09,11.32,33.54,28.84,2.09,32.25,11.61,50.30,7.77,147.91,2
32.92,46.17,0.00,56.56,31.03,115.97,0.00,94.32,1.60,376.62,2
12.55,14.43,15.49,46.90,0.00,27.58,6.20,50.66,0.00,97.17,2
0.00,0.00,4.93,43.26,109.21,162.68,7.61,164.34,41.02,662.64,2
36.77,27.84,11.35,74.05,0.00,111.53,0.00,145.08,0.00,190.82,2
0.00,0.00,0.00,43.61,0.00,54.60,11.04,50.74,24.08,176.29,2
0.30,0.00,17.17,120.64,102.38,83.79,3.91,146.66,1.16,619.57,2
21.07,0.00,0.00,104.86,0.00,135.90,0.00,86.55,0.00,314.69,2
0.00,0.00,6.13,13.31,10.48,15.79,0.00,75.88,3.73,77.13,2
14.48,4.45,7.15,2.89,0.00,31.28,0.00,117.69,0.00,137.65,2
16.89,0.00,0.00,72.49,0.00,73.46,13.95,222.00,7.07,335.71,2
0.00,0.00,44.01,31.75,31.25,34.88,0.00,141.51,0.00,163.99,2
24.19,0.00,117.16,171.60,83.73,201.54,0.00,68.58,39.70,482.09,2
37.83,0.00,21.45,155.85,5.13,141.67,15.60,355.59,15.69,476.44,2
6.71,125.30,65.41,178.05,17.24,245.46,79.78,380.75,65.52,560.58,2
0.00,2.84,17.79,80.38,45.05,105.16,30.42,110.60,0.00,168.28,2
0.00,28.84,0.00,130.59,0.00,73.19,28.98,250.87,13.34,382.30,2
27.48,35.76,57.21,123.24,45.41,207.86,24.91,287.02,0.00,458.57,2
0.00,92.06,136.46,136.01,18.46,157.35,81.80,206.52,0.00,675.68,2
18.74,24.00,35.76,0.00,23.68,46.11,0.00,92.78,5.57,241.21,2
47.81,0.00,147.95,177.82,106.02,189.71,0.00,233.44,0.00,770.26,2
7.93,2.52,7.24,19.27,0.00,22.27,3.18,21.85,0.00,67.54,2
2.37,0.00,0.00,16.55,21.14,25.94,8.46,33.64,4.86,92.21,2
9.90,0.00,9.35,93.60,48.61,86.30,56.40,129.71,0.00,455.90,2
20.86,0.00,14.88,40.45,0.00,30.56,0.00,62.59,0.00,184.27,2
77.42,0.00,0.00,64.83,67.88,75.19,0.00,242.66,15.57,348.11,2
0.00,0.00,41.14,245.09,30.49,118.75,0.00,275.70,0.00,730.50,2
57.89,158.99,27.91,148.12,83.65,212.31,17.44,137.23,19.42,593.86,2
27.74,0.00,53.41,58.30,27.09,87.00,0.00,98.12,2.48,199.11,2
37.78,76.06,29.41,174.08,74.58,123.26,77.66,244.63,32.16,537.28,2
88.86,69.77,53.92,70.13,26.69,342.15,30.58,193.71,8.02,589.91,2
0.00,14.69,46.10,67.85,0.00,129.99,0.00,97.02,0.00,328.98,2
8.66,63.00,48.46,133.17,0.00,106.98,9.80,185.51,57.84,332.77,2
55.24,7.57,52.38,37.79,0.00,110.43,0.00,172.98,3.72,297.22,2
0.00,9.37,61.74,72.36,69.62,54.89,0.00,202.32,35.82,485.40,2
35.25,0.00,14.51,36.66,0.00,51.67,24.21,81.29,10.37,291.17,2
0.00,146.03,76.11,280.68,106.07,128.58,0.00,175.42,185.80,601.86,2
0.00,0.00,10.04,85.33,11.02,67.06,22.45,50.39,0.00,749.34,2
19.33,43.82,31.17,38.68,4.40,50.54,0.00,54.52,0.00,192.47,2
14.97,0.00,1.57,19.08,29.37,43.05,4.06,30.50,4.37,166.82,2
7.70,20.02,13.67,36.02,18.26,55.45,0.00,107.47,3.27,194.80,2
27.70,0.00,0.00,88.12,0.00,181.49,16.60,212.16,0.00,595.51,2
0.00,0.00,22.88,40.65,16.27,51.43,0.00,49.46,0.00,78.27,2
0.00,3.59,3.93,16.21,0.00,19.98,0.00,18.60,0.00,88.12,2
0.00,0.69,24.84,94.44,11.59,97.37,5.21,143.59,14.76,162.94,2
0.00,1.65,1.92,0.35,3.67,12.46,0.00,38.10,0.00,76.90,2
28.62,43.94,6.64,30.52,0.00,52.80,15.45,26.11,0.00,235.50,2
0.00,0.00,21.71,124.48,73.19,34.34,0.00,165.73,0.00,235.13,2
4.13,41.08,32.02,0.00,11.31,52.19,0.00,211.21,18.37,285.59,2
0.00,20.83,49.34,33.66,0.00,75.52,73.14,224.71,0.00,405.12,2
51.06,14.81,0.00,250.86,73.75,139.03,52.51,257.16,4.60,571.28,2
0.00,5.55,0.87,184.42,64.05,94.99,0.00,91.83,47.48,782.36,2
0.00,23.78,35.10,182.82,75.62,185.50,71.28,365.69,0.00,627.35,2
0.00,0.00,62.43,75.89,43.33,138.75,10.34,198.80,0.00,285.53,2
15.46,24.29,17.35,118.30,3.66,72.88,0.00,131.07,19.74,273.65,2
4.54,14.98,0.00,18.72,13.86,19.36,10.12,12.61,0.78,102.70,2
0.00,38.73,62.25,209.56,0.00,302.28,0.00,373.65,3.56,472.80,2
30.89,0.00,0.00,102.59,0.00,156.62,22.03,169.40,0.00,723.49,2
65.01,23.71,0.00,136.33,71.89,125.89,70.38,140.51,66.57,433.12,2
0.00,42.22,0.00,79.58,12.88,141.84,0.00,57.18,29.68,408.76,2
28.75,11.04,0.00,36.98,2.87,23.82,30.21,122.87,0.00,187.17,2
57.11,0.00,4.10,132.85,84.87,249.09,46.81,270.01,0.00,645.88,2
0.00,90.13,35.97,87.40,65.18,147.04,0.00,86.15,9.24,464.07,2
45.62,57.15,0.00,118.23,61.93,84.81,0.00,132.97,13.69,394.66,2
36.16,24.70,3.60,14.47,0.00,13.75,0.00,70.70,8.42,167.17,2
61.53,88.71,50.61,127.23,63.08,54.55,0.00,237.89,102.96,762.23,2
0.00,0.00,31.72,6.10,28.61,115.69,21.98,77.60,28.66,279.76,2
0.00,0.00,10.80,33.13,1.43,69.95,17.67,124.48,5.28,286.18,2
54.96,0.00,52.40,56.14,26.31,11.95,0.00,84.76,0.00,196.45,2
21.54,31.00,50.64,33.60,0.00,33.64,0.00,312.15,38.86,452.90,2
13.97,0.00,12.25,12.04,5.00,11.56,0.00,49.67,0.00,96.75,2
81.70,40.34,11.34,109.96,12.77,171.21,10.77,213.63,16.38,400.95,2
0.00,0.00,4.41,30.32,15.35,26.91,0.00,30.39,2.37,126.03,2
15.27,0.00,13.07,186.55,44.95,137.73,8.13,153.49,9.60,479.88,2
0.00,1.34,11.43,33.47,22.64,32.87,4.35,77.66,27.71,170.95,2
7.67,38.20,0.00,56.12,0.55,0.00,20.94,63.84,23.48,233.16,2
47.88,87.37,77.26,91.89,46.71,350.72,17.77,129.63,49.85,528.02,2
27.22,61.99,0.00,160.19,0.00,194.14,66.65,114.23,0.00,480.13,2
0.00,0.00,17.22,36.59,4.90,46.91,0.00,53.28,19.21,157.52,2
15.86,10.25,0.00,4.13,18.87,27.26,1.21,73.26,0.00,181.72,2
0.00,0.00,75.64,191.67,0.00,112.82,0.00,316.17,17.60,442.52,2
0.61,23.90,0.00,83.07,49.61,101.40,0.00,239.83,27.77,616.33,2
13.31,3.09,0.00,36.78,10.33,18.21,4.51,12.58,0.00,229.13,2
34.41,0.00,32.45,22.10,32.77,87.12,0.00,171.77,0.00,379.79,2
13.93,0.00,0.00,26.04,5.63,0.00,37.30,37.67,24.33,267.16,2
0.00,16.07,80.40,117.09,94.24,223.45,0.00,109.44,18.88,399.29,2
0.00,18.54,40.94,74.96,0.00,107.48,35.33,47.85,3.26,274.83,2
0.00,0.00,0.00,4.01,9.35,22.30,17.22,19.79,0.00,76.28,2
3.70,17.16,0.00,21.22,3.27,26.64,0.00,79.99,6.26,108.26,2
43.66,47.00,16.23,158.86,29.34,212.01,0.00,321.25,25.71,422.89,2
6.78,0.00,0.00,80.00,2.07,39.39,0.00,77.20,27.41,112.33,2
21.85,2.37,56.38,66.37,23.45,152.04,0.00,212.51,0.00,312.81,2
0.00,0.00,11.16,23.72,6.17,10.57,0.00,40.09,0.00,178.33,2
2.77,80.38,2.78,187.32,7.36,183.83,65.42,227.12,0.00,220.47,2
0.00,84.24,46.50,117.48,1.82,119.95,52.57,147.30,44.46,455.38,2
1.33,0.00,0.00,118.55,23.51,207.14,0.00,231.24,70.81,467.90,2
0.00,74.67,15.99,226.24,12.62,124.35,4.61,198.51,0.00,566.55,2
17.01,62.19,41.11,107.24,15.45,67.72,0.00,52.99,87.49,445.42,2
0.00,16.87,17.43,254.84,0.00,238.94,0.00,139.83,105.29,542.69,2
14.33,0.00,5.24,30.06,0.00,72.74,0.00,71.69,0.00,130.31,2
0.00,56.37,9.22,101.15,0.00,65.35,52.84,230.29,67.10,434.45,2
67.54,17.43,0.00,75.91,123.79,120.35,0.00,454.01,45.95,559.40,2
11.37,0.00,8.15,19.44,11.42,30.55,0.00,46.76,5.65,151.25,2
0.00,36.30,25.63,51.76,33.56,93.18,12.28,65.52,0.00,179.76,2
6.70,22.94,6.66,22.89,14.66,57.17,7.04,89.88,12.56,97.45,2
2.69,1.03,18.99,7.61,5.30,32.43,0.00,93.70,0.00,143.48,2
44.54,28.80,20.69,7.58,43.62,75.32,13.63,210.27,42.30,304.76,2
0.00,46.01,50.20,152.07,10.16,83.22,0.00,134.74,0.00,853.13,2
100.51,2.98,0.00,44.69,44.88,197.59,17.55,445.34,33.52,560.50,2
28.33,0.00,0.00,64.77,0.00,105.93,6.04,143.77,15.92,154.60,2
4.20,26.60,29.16,92.19,24.08,78.56,14.45,174.50,0.00,429.62,2
0.00,0.00,10.40,38.07,0.00,43.44,48.24,91.23,43.00,314.87,2
25.74,0.00,0.00,126.25,63.29,135.61,0.00,112.45,2.81,491.73,2
14.33,39.66,23.30,37.36,16.48,49.86,13.90,59.44,16.57,174.22,2
10.91,8.22,1.76,20.45,0.00,30.34,0.00,29.66,11.97,75.74,2
10.81,0.00,101.44,11.08,52.82,156.69,34.10,104.89,27.93,623.16,2
91.17,62.60,34.28,66.38,0.00,36.75,8.36,295.56,3.57,409.32,2
0.00,20.76,7.69,42.20,7.65,68.83,19.91,83.83,10.22,253.99,2
94.30,56.50,18.72,84.05,64.78,55.09,0.00,240.52,82.74,618.94,2
0.00,0.00,23.99,153.23,27.33,197.73,79.97,321.59,11.75,486.73,2
138.57,0.00,102.27,53.34,35.00,85.20,42.61,116.36,0.00,591.50,2
0.00,26.97,34.84,123.18,0.00,75.95,0.00,325.46,37.92,307.07,2
22.17,26.43,82.59,144.29,43.76,171.26,0.00,218.52,0.00,395.99,2
49.64,36.05,2.57,99.77,39.25,197.58,0.00,81.55,4.45,400.40,2
11.14,0.00,33.15,34.15,42.68,47.75,0.00,140.79,10.00,234.72,2
30.33,18.65,0.00,109.90,0.00,99.95,0.00,211.77,0.00,466.15,2
0.00,18.07,12.19,24.63,0.00,66.72,0.00,65.97,13.50,169.79,2
0.00,7.79,0.00,30.38,15.32,71.49,20.86,22.24,19.41,104.53,2
68.56,0.00,0.00,0.00,33.17,76.00,0.00,247.75,73.01,636.73,2
0.00,0.00,0.00,29.57,4.63,37.45,0.00,72.25,2.81,91.96,2
46.13,0.00,56.14,125.54,72.79,105.34,0.83,127.31,60.16,669.21,2
0.00,34.81,96.69,48.93,18.34,66.01,117.44,222.68,2.64,506.23,2
0.00,0.00,0.00,180.99,0.00,101.25,0.00,255.31,39.15,256.97,2
4.82,14.01,0.00,7.39,0.00,60.45,0.00,84.48,37.93,242.92,2
0.00,0.83,0.00,16.18,12.46,16.26,0.77,28.27,3.23,85.54,2
51.86,0.00,118.73,303.80,63.01,242.55,0.00,118.30,0.00,785.60,2
78.17,41.93,0.00,110.39,2.52,173.34,37.22,261.29,21.43,589.46,2
29.66,0.00,36.15,174.19,9.43,202.98,5.72,168.94,89.54,423.61,2
10.67,0.00,20.50,138.13,15.50,131.26,0.00,199.75,42.93,509.07,2
9.85,1.22,0.00,60.35,20.22,80.84,0.44,75.21,25.28,239.83,2
13.62,10.67,0.00,41.41,47.37,95.84,11.29,119.99,0.00,318.10,2
48.51,19.14,17.51,131.22,0.00,169.47,96.07,229.69,0.00,611.84,2
1.13,17.48,14.65,43.51,0.00,41.17,11.48,57.41,16.36,158.04,2
5.09,7.26,0.00,30.55,3.73,19.45,0.00,74.22,0.00,136.99,2
12.43,0.00,37.91,0.00,112.75,127.09,0.00,178.51,15.72,577.48,2
0.00,0.00,0.00,87.41,0.00,32.73,0.00,58.35,0.00,231.50,2
0.00,6.26,60.30,93.90,22.46,43.46,26.41,126.24,44.61,362.03,2
23.92,3.49,3.12,49.58,0.00,98.65,17.02,105.28,11.18,130.24,2
3.37,42.98,0.00,38.93,0.00,196.25,55.45,240.71,9.18,319.31,2
16.15,9.91,26.64,65.93,26.34,58.67,29.81,189.77,0.00,231.33,2
0.00,0.00,0.00,67.15,0.00,131.91,0.00,232.29,0.00,524.42,2
0.00,0.00,0.00,179.91,75.64,114.72,77.55,289.71,0.00,348.98,2
0.00,55.88,68.01,135.41,0.00,26.36,48.40,419.31,0.00,552.46,2
77.86,7.99,94.89,113.04,59.27,89.23,16.25,293.49,0.00,401.46,2
0.00,15.28,3.26,41.08,43.18,46.58,5.31,97.04,38.79,113.62,2
0.00,21.88,120.89,44.77,12.31,213.69,9.49,246.15,73.75,617.47,2
0.00,9.07,45.79,70.86,31.62,101.34,0.00,183.98,0.00,401.00,2
6.55,0.00,12.44,23.36,0.00,25.94,0.00,31.14,2.55,74.50,2
1.33,26.68,75.79,80.86,10.92,83.92,0.00,209.15,0.00,340.30,2
3.88,30.99,10.28,75.04,43.97,116.04,0.00,127.63,0.00,452.44,2
23.52,11.87,0.00,99.65,55.71,28.55,0.00,259.69,0.00,445.77,2
34.83,0.00,13.92,73.02,4.80,91.60,0.00,122.46,27.78,494.04,2
13.21,0.00,59.74,161.07,80.26,145.53,0.00,235.42,0.00,419.00,2
1.48,0.00,44.67,23.75,4.78,37.98,0.00,103.23,0.00,161.25,2
11.51,42.79,49.33,49.28,0.32,61.51,36.00,230.80,5.81,362.92,2
0.00,0.00,0.00,50.23,0.00,97.72,0.00,154.92,67.48,368.64,2
24.75,0.00,44.52,55.70,0.00,13.29,0.00,110.41,3.80,289.89,2
0.00,23.58,1.03,71.62,0.00,16.95,7.49,59.20,0.00,213.16,2
4.03,20.54,0.00,2.74,2.39,27.89,0.00,108.44,1.84,145.82,2
24.69,41.94,123.83,129.37,18.33,138.95,0.00,179.37,0.00,808.86,2
16.01,56.77,45.69,12.78,22.65,48.48,2.20,143.74,0.00,232.57,2
77.33,0.00,6.05,24.90,10.91,279.48,0.00,363.77,77.24,680.88,2
0.00,5.89,15.25,0.00,0.00,101.61,29.76,105.27,0.00,745.56,2
0.00,23.07,13.05,67.62,30.27,100.16,0.00,313.84,0.00,693.33,2
36.65,0.00,0.00,52.48,0.00,260.56,0.00,215.41,10.71,447.75,2
20.20,44.82,0.00,70.75,0.00,149.48,25.91,208.01,67.01,360.58,2
50.94,0.00,100.49,0.00,89.08,207.38,128.85,268.79,8.89,784.82,2
13.08,14.82,0.00,151.33,19.17,103.42,0.00,115.35,77.06,480.12,2
41.07,45.03,9.48,53.00,91.22,105.19,34.85,98.64,48.91,377.68,2
15.53,0.00,20.10,42.73,39.18,97.74,19.73,74.86,0.00,244.68,2
0.00,0.00,1.70,97.23,43.66,123.33,0.00,147.65,7.87,357.13,2
0.00,0.00,0.00,90.39,0.00,91.79,0.00,254.73,0.00,652.42,2
0.00,16.40,24.39,23.43,26.56,42.75,0.00,200.21,26.58,214.21,2
0.00,0.00,25.78,55.03,18.39,28.64,22.22,80.67,0.00,159.15,2
11.13,0.00,20.96,5.98,0.00,52.49,1.55,86.08,24.67,122.51,2
0.00,27.62,38.37,0.00,66.34,142.15,45.58,216.84,6.52,289.53,2
45.27,51.41,8.87,112.19,48.01,64.37,0.00,143.60,23.70,412.66,2
43.05,3.78,41.54,111.33,72.17,92.43,0.00,122.34,100.52,524.22,2
0.00,0.00,0.00,34.50,21.98,56.82,36.62,86.84,19.03,271.09,2
0.00,31.53,1.99,197.55,48.80,219.52,2.59,277.41,0.00,634.85,2
0.00,0.00,12.80,19.62,1.18,22.69,10.94,71.19,11.25,159.47,2
30.90,26.01,0.00,134.07,20.11,108.46,0.00,293.77,0.00,375.85,2
0.00,153.48,0.00,145.58,12.14,129.97,0.00,87.93,27.63,711.54,2
67.25,33.00,0.00,120.49,49.20,108.97,40.70,275.15,0.00,340.35,2
0.00,23.07,29.87,120.71,74.07,0.00,0.00,260.62,31.26,464.06,2
1.18,29.09,0.00,17.06,10.25,20.43,0.00,63.05,9.85,129.37,2
60.48,0.00,82.05,79.87,0.00,171.43,70.09,356.43,30.30,620.10,2
0.00,12.87,83.67,102.65,49.06,65.54,0.00,305.06,20.75,515.60,2
0.00,0.00,64.56,0.00,41.47,36.64,57.06,235.64,0.00,434.03,2
28.44,21.81,17.37,2.75,0.00,66.98,7.22,59.78,0.00,224.84,2
0.56,0.94,8.17,32.81,3.42,19.15,0.89,39.37,9.38,60.88,2
17.78,1.78,13.11,29.90,7.93,45.75,0.00,17.44,0.00,124.05,2
11.64,0.00,0.00,12.40,12.97,37.06,15.94,28.52,0.00,120.83,2
0.00,53.94,71.13,111.66,18.02,278.36,0.00,157.05,53.43,709.73,2
2.04,0.15,0.00,21.14,1.44,7.81,11.93,32.81,5.10,81.27,2
1.71,0.00,0.00,127.64,53.02,116.75,0.00,271.31,0.00,518.69,2
63.85,0.00,0.00,108.18,0.00,33.77,29.97,159.48,8.05,307.62,2
54.40,13.84,57.40,79.90,1.47,118.39,0.00,280.68,53.24,425.44,2
51.82,80.45,59.93,185.25,0.00,111.98,0.00,309.60,0.00,620.92,2
38.46,74.02,29.16,101.42,31.00,189.34,27.15,169.04,9.29,653.46,2
8.83,0.00,0.00,13.17,0.00,22.23,20.79,83.62,11.00,143.14,2
15.15,22.28,15.90,41.61,20.93,17.66,11.86,44.85,25.26,192.15,2
0.00,0.00,1.94,104.44,0.00,51.23,12.94,232.18,0.00,326.50,2
7.65,0.00,58.98,42.56,0.00,163.96,0.00,241.61,40.68,355.36,2
0.00,21.55,18.47,92.05,4.67,59.43,17.13,145.29,13.23,163.36,2
29.98,21.11,5.23,45.33,0.00,31.33,2.19,98.13,13.82,141.20,2
43.56,15.86,13.76,9.69,0.00,94.75,34.94,92.02,0.00,463.76,2
0.00,0.00,58.49,117.39,107.45,120.56,57.00,199.12,66.74,688.12,2
17.63,0.00,13.81,157.68,46.87,166.42,0.00,176.95,0.00,595.65,2
8.48,0.00,3.91,72.27,17.66,115.34,0.00,46.54,3.43,256.14,2
0.00,0.00,24.52,111.60,0.00,112.11,0.00,122.66,18.24,219.09,2
0.61,5.30,0.00,6.28,5.74,25.90,0.90,28.89,0.00,80.94,2
0.00,2.18,4.12,99.99,48.12,113.61,17.30,108.65,4.90,313.43,2
9.24,12.60,23.64,153.69,11.38,205.74,40.71,311.68,0.00,512.25,2
0.00,30.78,18.71,18.03,51.89,185.15,51.18,234.79,17.66,325.22,2
51.45,0.00,8.80,40.43,0.00,26.80,50.13,318.06,0.00,478.15,2
0.00,0.77,6.79,9.06,1.74,36.32,0.72,20.41,3.38,111.78,2
2.48,14.73,15.03,41.58,0.00,29.42,28.67,67.14,0.00,126.12,2
0.00,0.00,30.40,40.26,91.89,44.06,7.88,172.67,0.00,479.33,2
0.00,0.00,16.18,81.06,0.00,130.11,119.87,88.63,0.00,551.38,2
0.00,0.00,0.00,26.79,2.11,33.67,0.00,31.09,1.07,60.54,2
22.39,0.00,26.20,86.69,7.29,68.05,24.26,113.96,15.16,196.88,2
11.65,4.22,0.00,81.38,34.31,127.39,50.37,119.12,95.21,354.95,2
8.25,8.88,0.00,10.20,0.85,34.41,0.00,3.24,0.00,105.88,2
0.00,55.64,25.72,94.90,0.00,143.86,50.21,187.95,0.00,492.11,2
37.57,28.76,1.23,40.17,33.66,41.68,0.00,178.74,0.00,543.85,2
0.00,15.27,78.34,67.89,65.97,175.28,33.28,249.48,39.90,305.29,2
22.35,0.00,21.04,66.75,19.28,53.51,11.27,62.57,0.00,149.59,2
0.00,0.00,148.90,204.53,21.02,236.72,0.00,296.88,0.00,504.03,2
31.63,12.12,20.97,51.07,13.83,39.57,14.28,102.58,5.62,228.17,2
0.00,13.14,11.84,196.08,55.03,252.55,5.83,225.03,33.46,312.16,2
0.00,55.51,61.78,111.75,22.08,95.71,0.00,186.61,0.00,654.89,2
104.02,0.00,35.67,183.64,26.68,232.51,52.28,282.41,42.48,599.73,2
0.00,41.77,67.71,111.85,134.23,133.93,0.00,243.54,74.47,415.78,2
0.00,0.00,55.28,112.16,34.61,138.71,15.83,181.69,0.00,416.71,2
143.29,15.66,130.35,123.41,77.79,158.24,14.96,385.36,94.42,405.00,2
0.00,8.92,79.90,103.30,27.72,120.81,2.67,116.47,29.62,333.67,2
0.00,0.00,0.00,116.92,84.30,149.40,0.00,206.64,0.00,314.95,2
39.01,10.27,56.27,83.96,28.83,75.93,9.47,183.81,0.00,341.13,2
34.23,41.48,0.00,56.28,30.20,103.48,37.54,202.55,23.93,382.68,2
25.68,5.64,9.16,38.55,20.52,33.26,0.00,105.08,0.00,177.51,2
4.15,0.00,6.37,29.62,8.27,20.27,2.45,33.53,7.77,55.32,2
12.89,49.82,0.00,124.81,133.85,299.57,0.00,311.75,0.00,491.20,2
43.31,0.42,18.27,82.37,0.00,86.76,0.00,157.60,0.00,278.89,2
0.00,0.00,0.00,202.40,0.00,258.31,0.00,271.20,0.00,580.53,2
0.58,0.00,8.46,50.82,24.56,35.60,7.52,74.28,0.00,121.13,2
1.96,13.96,4.05,19.08,10.62,33.78,0.66,28.21,2.37,75.07,2
7.23,0.00,32.63,0.00,79.85,46.16,0.00,187.70,59.02,621.03,2
79.68,9.72,4.92,154.85,0.00,132.11,0.00,130.34,3.53,184.33,2
43.00,14.99,23.25,49.69,16.33,30.14,0.00,74.87,39.34,180.52,2
19.68,8.94,0.00,26.20,0.00,24.31,0.00,228.02,0.00,361.49,2
9.45,43.81,29.13,78.26,0.00,26.78,0.00,162.13,0.00,465.08,2
47.63,0.00,0.00,26.33,0.00,31.42,0.00,79.17,0.00,386.73,2
15.83,35.59,0.00,153.26,72.71,267.49,58.74,189.80,0.00,326.12,2
1.41,14.29,4.37,21.68,16.88,19.90,9.88,38.09,6.53,125.61,2
0.00,33.17,0.00,74.08,0.00,264.74,0.00,203.36,18.57,695.26,2
0.00,58.00,0.00,21.38,105.50,40.11,0.00,97.27,34.77,544.07,2
0.00,0.00,23.91,79.43,0.00,89.23,13.73,69.09,30.33,345.32,2
13.05,0.00,49.03,45.83,42.41,67.39,3.60,169.90,0.00,269.33,2
0.00,0.00,11.50,22.98,8.09,70.09,0.00,69.42,0.00,134.79,2
0.00,0.00,3.10,7.55,28.27,59.67,0.00,89.33,27.90,195.79,2
41.14,13.28,0.00,51.52,18.72,113.47,76.99,125.96,52.96,375.36,2
0.00,3.92,7.67,54.21,11.11,50.64,0.00,52.62,14.59,95.08,2
19.18,62.04,26.46,39.58,12.69,26.87,3.48,68.86,0.00,405.09,2
9.18,3.24,5.39,9.72,0.00,26.95,0.00,30.30,0.00,90.76,2
0.00,23.47,34.32,134.36,9.17,63.51,0.00,147.96,11.14,270.20,2
3.56,0.00,17.98,20.34,5.76,42.29,11.26,49.21,7.17,159.85,2
0.00,0.00,3.57,68.75,0.00,56.09,27.42,125.76,26.47,240.07,2
15.81,1.95,21.02,37.37,25.95,20.91,14.89,96.63,21.50,168.66,2
0.00,0.00,37.22,25.33,5.92,86.30,22.97,51.66,0.00,185.80,2
53.30,19.09,14.30,35.12,0.00,54.87,19.67,139.46,0.00,416.30,2
14.91,13.82,5.51,18.23,8.93,9.89,12.56,48.19,7.42,77.97,2
4.87,0.00,0.00,45.32,7.81,47.58,0.00,37.88,0.00,108.56,2
29.64,0.00,0.00,109.39,5.33,73.41,11.11,38.04,0.00,269.56,2
70.95,11.55,72.07,54.94,7.62,74.20,0.00,319.60,0.00,378.30,2
0.00,14.45,11.85,71.27,0.00,100.07,0.00,110.83,0.00,284.79,2
0.00,0.00,0.00,0.00,19.88,103.25,6.61,46.19,15.40,209.26,2
25.62,0.00,179.37,115.89,0.00,70.89,39.54,262.35,16.37,849.46,2
0.00,0.00,0.00,123.54,36.74,105.18,0.00,59.08,55.28,358.48,2
0.00,0.00,0.00,59.69,18.36,64.24,0.00,51.22,10.57,175.07,2
8.32,11.35,19.47,3.79,5.09,39.18,0.00,77.16,8.85,181.85,2
88.83,123.33,0.00,113.37,0.93,238.40,0.00,197.46,31.76,420.77,2
4.10,6.55,0.00,16.13,11.78,36.07,0.00,47.65,2.68,77.43,2
0.00,0.00,32.94,87.84,10.04,159.22,0.00,180.67,36.98,274.07,2
0.46,0.00,63.34,0.00,163.04,83.29,54.55,181.42,0.00,747.68,2
44.69,5.75,0.00,56.05,0.00,95.02,0.00,50.84,0.00,256.89,2
4.55,22.14,0.00,108.94,0.00,175.81,0.00,217.39,0.00,532.60,2
14.28,0.00,19.39,112.09,52.20,57.99,0.00,101.09,0.00,253.01,2
97.92,89.03,10.34,300.84,28.82,193.64,0.00,233.15,0.00,602.68,2
0.00,30.89,8.52,29.26,40.52,155.10,5.03,117.61,0.00,470.72,2
10.04,11.29,13.62,28.31,8.20,23.52,24.00,26.78,0.00,146.54,2
0.00,27.47,0.00,125.39,0.00,50.59,0.00,156.14,26.20,434.65,2
43.45,0.71,0.00,166.03,0.00,142.46,78.57,86.41,0.00,428.79,2
0.00,0.00,9.26,23.42,11.97,48.02,0.00,112.35,0.00,273.35,2
60.70,14.93,20.93,68.64,23.07,99.98,29.33,186.06,2.09,468.22,2
16.95,0.00,104.41,168.88,19.31,47.70,16.52,204.09,30.93,396.25,2
0.00,0.00,0.00,99.59,0.00,103.65,28.54,136.23,27.64,250.02,2
0.00,89.56,124.10,55.69,99.47,129.74,0.00,125.53,1.37,602.01,2
0.00,0.00,35.67,78.60,68.35,186.12,13.55,72.10,0.00,439.98,2
0.00,0.00,60.92,154.94,64.48,147.75,65.53,216.25,27.59,625.46,2
24.88,13.68,19.02,41.59,10.35,44.81,0.00,38.31,8.33,146.27,2
28.16,0.00,0.00,24.72,57.97,82.84,87.22,205.32,0.00,402.44,2
0.00,32.40,68.14,32.07,92.55,162.60,28.50,297.08,47.92,503.69,2
37.50,11.10,0.00,38.67,9.50,52.05,5.91,118.17,6.67,315.97,2
40.81,0.00,0.00,133.36,17.44,184.87,29.52,234.25,0.00,362.67,2
36.74,0.00,0.00,84.95,6.77,135.52,59.48,171.12,111.08,683.75,2
60.36,10.45,0.00,95.70,0.00,120.89,0.00,61.17,10.81,219.08,2
35.07,71.42,0.00,120.29,14.94,90.18,14.72,251.81,19.33,521.22,2
0.00,0.00,27.24,0.00,37.60,80.49,14.30,222.96,17.76,428.70,2
0.00,0.00,51.42,164.36,0.42,13.32,0.00,396.84,55.30,485.14,2
17.20,4.07,17.67,99.86,2.51,101.32,26.09,89.36,0.00,185.34,2
0.00,0.00,57.45,27.91,0.00,22.58,10.32,209.64,34.30,377.75,2
0.00,37.96,50.00,69.39,0.00,128.41,20.52,122.30,0.00,319.40,2
21.74,3.11,10.47,97.25,7.70,81.94,9.80,113.15,0.00,255.09,2
7.00,0.00,142.85,62.25,5.85,312.59,9.80,129.06,0.00,670.99,2
0.00,19.27,10.44,45.30,13.96,43.25,0.00,39.00,0.00,178.42,2
42.09,9.14,14.27,18.54,7.37,16.64,8.22,116.27,2.11,178.68,2
41.54,25.04,0.00,112.74,8.47,121.89,3.65,80.81,0.00,427.23,2
0.00,0.00,14.71,44.14,5.69,34.15,0.00,48.41,0.00,124.61,2
12.68,4.48,79.03,0.00,10.85,112.95,0.00,41.49,0.00,350.98,2
0.00,0.00,39.29,97.85,48.09,117.72,0.00,164.56,33.37,583.66,2
5.58,8.45,0.00,67.45,21.28,69.73,0.00,182.22,0.00,258.74,2
127.00,42.75,63.37,224.33,34.75,69.12,32.56,297.27,0.00,387.48,2
0.00,38.97,11.67,63.19,0.00,28.91,15.07,85.09,25.56,342.60,2
10.46,0.00,54.92,78.73,85.41,88.18,28.42,147.20,0.00,225.68,2
0.00,7.01,98.95,103.43,0.00,258.92,27.66,386.14,0.00,533.23,2
21.23,0.54,14.52,13.88,0.00,18.21,0.00,45.51,18.77,83.24,2
0.00,0.00,25.74,82.60,6.78,77.93,0.00,101.39,0.00,391.31,2
21.71,0.00,36.82,72.29,0.00,189.14,12.43,352.42,0.00,447.76,2
25.64,0.00,41.99,99.09,24.61,86.54,61.13,180.82,0.00,192.02,2
0.00,68.40,10.44,24.31,0.00,54.23,0.00,339.16,0.00,400.51,2
0.82,57.80,21.35,139.47,51.04,130.78,74.61,216.74,10.95,400.71,2
0.00,0.00,18.89,40.50,18.53,39.38,29.05,44.58,0.00,237.05,2
60.75,0.00,0.00,90.13,28.55,151.13,0.00,362.36,0.00,508.01,2
82.56,13.47,0.00,98.88,0.00,65.54,29.34,365.60,0.00,542.42,2
9.52,9.87,17.49,104.63,27.46,112.70,2.39,130.17,5.20,554.94,2
0.00,0.50,23.28,53.89,15.41,38.23,22.09,87.27,0.00,221.75,2
17.79,6.66,48.12,27.09,36.14,113.58,7.11,153.41,8.11,223.32,2
96.90,9.60,13.22,88.16,26.14,147.19,0.00,344.35,19.37,422.37,2
34.74,11.43,17.64,38.37,0.00,84.53,1.54,43.32,18.48,159.08,2
0.91,26.16,72.26,73.18,0.00,130.33,0.00,234.08,0.00,662.36,2
17.45,40.91,0.00,80.04,4.16,52.32,0.00,406.43,0.00,539.65,2
0.00,77.25,0.00,199.63,49.35,241.27,28.09,426.45,7.65,449.14,2
0.00,6.72,0.00,14.21,16.35,20.21,11.24,74.47,16.56,88.86,2
37.50,0.00,0.00,128.86,31.36,142.01,40.94,334.79,0.00,516.92,2
25.35,2.72,70.84,0.00,0.00,61.54,47.49,368.90,76.48,724.23,2
25.53,0.00,21.41,145.42,36.01,129.03,0.00,288.59,73.02,370.33,2
11.32,36.95,0.00,47.20,92.33,103.51,11.88,156.42,0.00,440.70,2
0.00,12.18,88.51,187.01,0.00,98.65,0.00,258.66,28.66,342.32,2
21.43,55.22,26.54,95.17,0.00,127.44,0.00,204.49,5.58,321.52,2
0.00,81.40,35.02,169.92,0.00,189.03,0.00,142.45,0.00,377.77,2
0.00,0.95,21.15,61.14,19.77,94.29,0.00,44.60,17.99,216.12,2
8.16,12.14,14.74,52.52,8.98,33.47,0.00,52.49,4.06,153.41,2
0.00,0.00,0.00,88.49,19.23,238.11,0.00,142.79,107.99,591.15,2
43.59,12.32,46.41,99.11,10.98,176.63,0.00,192.72,3.73,314.69,2
2.79,12.84,11.58,19.37,18.60,26.53,24.21,27.24,0.00,133.60,2
49.36,35.82,0.00,93.49,8.79,184.70,1.71,224.81,11.35,493.34,2
9.64,13.78,0.00,48.51,28.26,84.44,0.00,93.09,20.75,198.33,2
0.00,25.72,60.78,152.58,93.97,131.50,0.00,206.80,0.00,459.69,2
43.69,0.00,109.49,142.44,32.76,194.39,6.84,140.78,34.97,476.01,2
0.00,0.00,14.80,94.63,0.00,73.04,17.65,209.29,43.20,350.97,2
3.14,0.00,0.00,124.85,2.56,60.77,0.00,98.83,0.00,136.98,2
34.47,13.03,0.00,94.32,0.00,84.14,0.00,153.35,0.00,323.68,2
42.72,11.97,0.00,46.74,0.00,180.54,13.39,178.95,39.10,505.60,2
0.00,0.00,30.05,75.39,20.00,48.59,0.00,49.98,9.65,204.77,2
0.00,5.94,82.41,26.02,108.30,89.60,58.73,189.15,2.04,611.43,2
0.00,15.24,0.61,27.02,8.73,26.57,0.00,85.63,0.00,169.35,2
23.68,34.12,81.93,187.36,102.05,100.90,9.46,119.37,23.59,632.40,2
0.00,11.42,7.36,72.98,39.95,74.68,0.00,81.09,26.27,246.03,2
48.29,0.00,24.63,81.38,0.00,87.82,25.16,95.02,0.00,197.54,2
47.72,19.04,54.50,37.32,111.86,72.49,4.89,59.85,62.36,700.08,2
0.00,34.02,150.85,124.68,31.74,99.04,0.00,234.71,0.00,565.34,2
27.81,48.46,0.00,95.07,23.19,83.50,56.77,239.32,30.77,454.27,2
80.57,41.22,67.06,59.45,25.11,200.26,16.46,275.08,31.83,404.81,2
0.00,0.00,21.59,22.61,2.93,84.97,22.93,35.56,19.60,235.37,2
0.00,0.00,43.01,59.79,43.74,39.00,23.09,198.24,0.00,198.55,2
69.55,4.07,59.87,212.48,34.63,62.31,88.92,71.80,45.88,508.82,2
123.96,0.00,32.85,72.34,63.39,54.36,36.27,279.10,82.88,604.59,2
7.09,46.42,75.56,141.90,0.00,9.82,0.00,171.72,122.66,551.89,2
0.00,42.39,31.33,78.67,56.43,112.68,16.95,154.44,43.70,385.90,2
0.00,33.48,0.00,67.17,15.47,91.39,45.13,148.32,15.75,219.41,2
41.12,27.34,43.74,124.14,11.94,152.18,0.00,94.02,23.60,471.14,2
18.38,0.00,11.59,32.54,0.00,31.38,8.94,25.92,0.00,109.95,2
0.00,9.69,3.18,168.66,5.64,68.37,42.09,152.03,0.00,364.57,2
10.71,0.00,23.17,40.69,0.00,72.07,87.30,131.55,0.00,420.15,2
0.00,0.00,1.24,160.28,48.43,92.42,49.81,100.57,92.16,358.86,2
2.25,0.00,0.38,143.55,30.61,106.42,45.03,130.41,13.72,468.43,2
2.12,0.00,12.97,20.56,20.17,23.18,0.00,81.59,10.75,89.99,2
22.81,7.55,20.97,51.40,0.00,30.11,42.94,86.00,3.95,479.52,2
36.17,9.42,7.55,27.60,0.00,63.13,9.23,43.02,9.86,188.93,2
83.18,55.04,33.83,42.87,108.70,113.84,6.67,185.63,1.70,452.40,2
32.50,2.68,25.62,34.64,23.71,64.53,19.01,87.61,0.00,295.32,2
22.83,37.69,0.00,104.25,78.62,160.87,18.65,295.34,64.77,607.38,2
85.37,32.59,0.00,167.19,8.05,300.06,0.00,233.87,65.35,390.15,2
60.19,21.92,12.58,131.99,0.00,62.73,43.39,260.80,33.07,351.40,2
0.00,9.13,7.97,9.64,6.26,10.26,0.00,22.47,0.00,91.38,2
6.07,1.03,0.00,47.63,69.00,118.99,19.62,216.20,1.40,288.67,2
0.00,0.00,0.00,16.91,12.75,3.48,6.92,51.60,12.00,86.39,2
0.00,5.81,0.00,97.26,0.00,11.12,3.48,213.02,0.00,536.43,2
17.06,69.48,59.26,42.36,0.00,204.59,0.00,218.61,0.00,509.76,2
0.00,0.00,0.00,66.46,26.71,81.33,0.00,86.44,15.22,160.23,2
7.12,0.00,48.67,197.51,0.00,200.71,0.00,170.87,0.00,460.23,2
0.00,0.00,16.52,41.09,14.70,58.33,2.74,19.77,0.00,137.22,2
0.00,0.00,21.00,48.40,4.76,71.01,11.49,79.30,20.55,166.11,2
11.06,1.76,0.00,149.50,65.11,73.78,7.93,98.78,4.51,316.49,2
1.00,2.62,14.46,88.15,25.88,61.45,0.00,22.93,0.00,209.38,2
0.00,13.60,19.02,17.61,54.23,31.62,34.95,66.56,0.01,219.17,2
15.03,30.79,15.52,146.02,21.82,57.07,55.13,192.11,18.45,266.90,2
20.17,0.00,2.41,21.38,12.09,17.30,0.00,56.62,8.20,73.58,2
25.72,19.51,0.00,31.32,3.01,35.54,0.00,96.07,10.58,203.93,2
22.20,0.00,44.89,73.19,0.00,56.83,0.00,93.29,0.00,413.05,2
0.00,57.12,62.46,178.17,55.90,78.58,63.87,109.86,0.00,570.62,2
0.00,0.00,5.13,48.02,13.22,123.95,0.00,150.41,19.45,486.18,2
32.74,0.00,20.98,56.40,55.36,111.24,26.39,196.31,11.30,383.62,2
0.00,6.04,137.77,45.75,3.33,127.31,0.00,200.46,45.00,397.57,2
61.95,0.00,1.76,85.42,74.44,82.37,72.63,287.35,119.98,371.52,2
73.28,0.00,0.00,199.45,93.80,197.60,0.00,276.92,22.70,658.76,2
0.00,0.00,0.00,18.81,2.96,91.06,0.00,199.01,7.56,294.74,2
115.53,0.00,78.28,95.03,19.45,195.95,0.00,129.72,0.00,620.58,2
30.35,4.63,9.76,64.68,4.96,127.35,7.10,92.15,0.00,261.61,2
0.24,0.00,47.60,113.41,34.20,33.58,10.65,280.22,2.88,352.22,2
20.18,0.00,43.01,20.04,25.00,185.43,0.00,104.61,9.01,431.96,2
18.91,56.95,30.02,155.56,28.38,95.39,0.00,155.14,0.00,239.19,2
1.38,27.25,0.00,16.63,11.04,77.86,3.39,46.04,3.38,108.35,2
13.25,0.00,0.00,39.37,13.75,66.83,6.07,42.73,15.09,171.40,2
6.51,0.00,14.85,34.79,44.13,0.00,0.00,106.29,10.31,355.03,2
59.86,0.00,0.00,48.88,33.36,73.18,0.00,78.10,22.85,194.59,2
6.97,10.26,8.38,35.77,11.31,19.76,11.44,32.90,3.39,103.82,2
60.16,43.61,0.00,15.18,2.76,107.87,0.00,181.73,0.00,291.59,2
21.49,0.00,40.40,80.02,6.25,101.73,3.02,44.67,0.00,288.01,2
0.00,10.30,14.14,31.08,0.00,14.14,12.12,54.03,2.17,92.42,2
7.21,0.00,57.88,36.99,0.00,137.57,28.34,112.79,0.00,307.56,2
7.26,0.00,33.72,190.37,17.81,117.85,0.00,96.79,0.00,474.25,2
52.89,0.00,115.37,207.14,68.52,96.74,62.49,99.34,34.31,601.65,2
0.00,0.00,37.17,48.99,0.00,58.45,5.01,76.56,0.00,515.80,2
4.58,0.00,0.00,13.67,0.00,43.81,0.00,33.58,7.19,51.73,2
67.44,0.00,0.00,202.71,17.17,226.52,0.00,324.18,0.00,441.65,2
17.61,27.37,0.00,39.61,25.66,87.82,14.60,67.18,0.00,225.61,2
17.92,19.84,36.76,144.20,0.00,152.18,0.00,235.19,0.00,464.96,2
0.00,28.50,101.28,82.39,75.40,148.92,24.08,327.90,20.10,593.67,2
0.00,27.80,0.00,234.12,38.48,143.84,61.01,385.40,133.74,543.72,2
10.12,24.38,4.14,64.83,19.00,90.98,0.00,77.11,30.30,207.13,2
0.00,0.00,0.00,75.25,0.00,58.99,0.00,87.89,49.45,274.45,2
0.00,2.72,0.00,18.19,72.46,130.09,41.75,217.27,0.00,449.19,2
0.00,22.92,0.00,212.04,12.31,183.12,79.65,139.84,28.50,391.27,2
40.52,0.00,58.00,25.67,0.00,73.43,37.31,203.18,29.75,489.57,2
0.00,17.02,0.00,53.85,10.28,97.56,0.00,81.47,22.00,243.29,2
39.76,12.30,0.00,45.25,0.00,174.00,10.02,192.38,20.95,238.52,2
19.41,0.00,12.83,26.65,0.00,22.73,0.00,53.74,19.57,176.22,2
0.81,22.57,9.94,45.40,5.30,32.71,0.00,29.27,23.58,211.17,2
0.00,0.00,3.40,158.18,50.46,87.47,9.24,110.57,0.00,362.65,2
0.00,0.00,0.00,54.53,8.94,50.31,8.82,86.60,4.70,133.70,2
37.96,0.00,128.91,162.14,9.10,48.58,0.00,559.98,0.00,687.66,2
51.25,31.90,3.21,55.72,0.00,51.98,18.77,65.10,0.00,342.67,2
2.79,0.00,10.39,11.89,0.00,16.24,0.00,53.86,3.11,64.96,2
0.00,0.95,20.40,60.36,0.00,54.26,12.41,55.25,16.44,117.20,2
0.00,0.00,14.69,0.00,1.48,48.27,0.00,68.50,0.61,187.34,2
0.00,27.83,10.79,43.46,0.34,84.68,0.00,151.40,0.00,412.59,2
45.91,4.25,0.00,33.15,0.00,116.27,0.00,147.64,30.43,356.14,2
0.00,0.00,32.56,33.87,10.81,37.24,8.03,66.21,0.00,196.31,2
0.00,0.00,25.98,44.89,18.58,33.35,22.72,70.08,0.00,116.07,2
0.00,0.56,0.32,34.87,0.00,20.99,0.00,56.18,0.00,163.81,2
0.00,0.00,9.81,166.79,80.69,178.48,81.84,213.05,0.00,341.86,2
16.03,18.01,0.00,57.38,2.16,51.41,0.00,57.49,15.83,319.09,2
41.09,0.00,55.38,103.04,0.00,82.55,0.00,26.12,0.00,246.67,2
27.84,0.00,45.60,98.57,47.39,164.64,0.00,116.63,0.00,367.31,2
5.06,47.43,0.00,150.29,0.00,126.57,45.94,171.32,2.91,701.80,2
0.00,8.14,13.11,35.35,0.00,70.33,0.00,86.55,0.00,166.70,2
0.00,16.60,2.69,34.06,8.96,36.55,1.64,34.26,0.00,157.06,2
0.00,3.62,0.00,133.74,113.17,130.15,12.18,306.00,43.76,409.60,2
6.45,0.00,9.34,10.56,11.60,8.26,4.17,33.87,2.40,94.20,2
1.71,18.78,37.56,43.19,0.00,43.94,0.00,97.90,28.28,199.24,2
0.00,0.92,13.61,132.28,41.76,127.41,95.83,212.11,0.00,251.67,2
0.00,10.63,15.49,171.61,129.45,234.87,14.74,367.63,0.00,399.69,2
2.85,3.77,5.24,16.41,13.33,25.26,0.00,35.82,5.16,51.25,2
0.00,19.04,83.45,50.74,0.00,158.99,25.82,32.06,35.85,468.69,2
0.00,31.21,0.00,29.14,0.00,62.33,0.00,106.12,0.00,194.57,2
46.09,5.95,0.00,142.81,82.16,178.08,111.79,252.76,0.00,409.69,2
8.14,0.00,0.00,9.77,0.00,20.76,13.09,29.81,0.00,87.31,2
3.62,0.00,19.04,42.12,2.71,50.73,0.00,96.78,10.06,109.25,2
9.15,0.00,20.62,48.15,0.12,26.73,6.19,107.92,16.57,111.90,2
30.88,94.83,114.55,8.01,5.97,29.63,22.10,307.70,0.00,537.22,2
24.51,0.96,13.68,21.66,13.98,13.88,8.08,80.54,0.00,76.31,2
3.84,0.54,6.16,27.74,9.51,28.68,0.00,47.31,6.72,77.13,2
10.93,0.27,10.37,7.56,0.00,4.11,0.00,28.43,4.97,107.85,2
14.35,0.00,18.36,16.38,16.97,38.47,18.08,71.37,15.77,127.77,2
32.08,83.15,0.00,208.24,18.54,155.66,0.00,337.77,69.10,535.24,2
0.00,0.00,10.72,103.41,0.00,122.99,0.00,379.46,93.24,481.27,2
1.40,0.00,7.41,28.73,0.00,18.32,11.44,33.25,0.00,66.54,2
7.47,0.00,7.64,24.32,16.41,31.68,7.83,28.13,3.91,131.89,2
58.71,0.00,26.71,40.92,19.89,51.52,21.38,102.81,19.64,298.80,2
26.91,33.53,0.00,33.95,0.00,141.75,0.00,323.85,54.90,525.90,2
19.23,0.00,0.00,21.99,26.33,49.63,93.84,431.42,0.00,607.19,2
5.89,0.76,11.55,26.46,0.00,47.56,0.00,5.99,0.00,79.69,2
0.00,14.89,6.07,59.43,22.70,161.26,0.83,431.55,0.00,509.82,2
64.97,20.51,50.40,74.78,34.70,151.77,5.38,159.46,0.00,321.88,2
0.00,49.15,137.82,119.57,85.88,137.53,0.00,292.52,30.56,620.61,2
18.89,0.00,58.24,65.20,0.00,133.35,0.00,215.92,0.00,544.48,2
38.70,0.00,75.45,290.66,115.68,209.54,16.73,176.60,10.10,471.97,2
14.53,0.18,4.82,15.88,1.87,37.77,5.12,61.18,0.00,132.09,2
5.74,12.59,0.00,21.53,0.00,89.47,0.00,77.20,4.22,180.20,2
16.01,8.53,12.71,48.86,2.86,53.37,2.60,37.25,12.35,175.68,2
7.73,0.00,41.90,100.15,0.00,119.01,0.00,240.79,32.10,473.70,2
30.83,10.56,68.27,67.13,16.46,45.38,80.09,185.36,0.00,582.52,2
22.52,0.00,41.57,110.74,39.08,104.17,0.00,252.21,13.36,362.06,2
4.45,0.00,27.72,182.39,47.87,98.18,0.00,207.75,48.31,417.91,2
0.00,7.21,0.00,65.76,0.00,37.91,1.62,95.39,0.00,167.91,2
0.00,0.00,0.00,48.80,0.00,43.46,0.00,26.24,4.73,131.12,2
0.00,0.00,0.00,61.99,6.10,96.25,0.00,150.62,0.00,380.46,2
12.56,0.00,2.33,84.35,19.78,93.90,56.58,104.95,0.00,356.46,2
8.06,0.00,10.64,90.50,21.35,150.37,0.00,140.22,3.63,279.27,2
45.74,0.00,56.03,62.08,98.16,183.54,0.00,264.12,0.00,415.20,2
11.92,26.34,0.00,86.86,0.00,45.96,0.00,156.07,60.47,392.05,2
99.31,21.08,0.00,65.06,40.79,70.25,0.00,216.32,42.71,465.84,2
68.30,0.00,54.48,90.43,54.21,198.27,19.79,113.16,0.00,476.84,2
20.38,41.61,0.00,129.74,0.00,133.35,0.00,144.69,38.37,488.53,2
0.00,0.00,7.69,77.52,79.04,156.29,0.00,142.42,19.32,383.98,2
0.00,0.00,39.10,80.24,22.87,78.84,19.92,110.42,0.00,106.58,2
28.01,0.00,0.00,229.51,5.93,234.44,62.89,94.63,8.47,547.15,2
0.00,80.15,0.00,90.47,0.00,154.27,0.00,347.74,0.00,740.14,2
3.51,0.00,75.53,204.36,0.33,123.41,0.00,115.38,55.89,605.01,2
6.17,0.00,0.00,74.57,19.55,153.01,0.00,47.39,0.00,424.79,2
30.59,25.07,39.91,36.18,0.00,86.20,0.00,353.29,50.90,492.22,2
21.38,30.06,0.00,64.20,39.72,79.79,18.52,247.52,38.09,464.39,2
43.02,0.00,24.93,45.62,31.25,26.50,10.57,142.15,0.00,211.88,2
4.18,0.30,18.09,50.94,4.90,73.42,9.25,203.14,0.00,306.76,2
6.17,5.12,7.57,18.02,6.48,18.61,19.57,44.32,3.36,79.05,2
43.71,0.00,61.42,11.62,0.00,18.18,0.00,394.46,22.84,601.71,2
0.92,0.00,17.69,23.04,0.00,51.55,10.48,52.85,15.89,175.57,2
0.00,80.77,36.40,65.72,0.00,80.22,34.82,239.49,0.00,502.55,2
0.00,15.45,0.00,64.96,77.93,123.16,0.00,456.14,0.00,580.96,2
11.92,9.90,31.47,46.99,0.00,110.88,25.29,72.87,27.33,155.39,2
12.00,52.31,0.00,60.89,5.74,59.65,0.00,169.82,0.00,364.31,2
26.39,0.04,12.38,39.65,0.00,45.96,23.50,163.10,0.00,703.72,2
28.59,27.38,0.00,48.15,14.39,62.87,1.44,87.44,0.00,373.19,2
26.04,0.00,8.33,53.64,67.38,131.32,32.28,234.45,31.31,360.88,2
0.00,82.35,0.00,111.00,11.03,189.15,0.00,107.80,20.53,460.48,2
83.36,23.38,0.00,136.49,21.90,0.00,0.00,120.37,0.00,659.18,2
17.90,34.25,16.63,52.23,18.39,50.25,92.53,217.21,0.00,410.14,2
54.29,0.00,15.73,110.53,83.15,106.33,33.59,249.97,0.00,737.65,2
0.00,0.00,0.00,74.32,9.87,60.93,0.00,194.93,0.00,216.73,2
9.56,43.85,0.00,90.65,0.00,51.35,23.51,92.33,0.00,434.59,2
52.51,2.09,0.00,73.36,44.72,169.75,0.00,337.40,40.18,502.89,2
18.31,18.94,92.16,171.96,104.36,172.55,103.19,302.57,71.74,587.68,2
0.00,0.00,11.52,131.57,27.04,41.87,43.11,207.10,3.06,395.96,2
0.00,29.54,0.00,58.49,6.26,72.67,11.70,69.42,1.36,241.56,2
0.50,46.77,15.13,16.84,0.00,102.63,8.41,197.67,47.29,342.23,2
26.34,10.59,32.46,77.05,39.61,116.67,0.00,43.08,25.67,234.86,2
0.36,0.00,63.44,140.18,11.47,166.39,19.47,125.07,25.19,442.24,2
3.11,6.43,10.35,5.93,27.75,6.54,0.00,63.65,8.95,95.77,2
0.00,66.11,0.00,234.87,18.49,107.32,69.59,25.82,28.54,437.47,2
0.00,0.00,32.48,61.42,18.61,70.29,0.00,186.22,23.98,202.41,2
0.00,32.16,0.00,12.71,0.00,9.72,0.56,90.82,0.00,131.50,2
12.47,0.00,116.04,189.39,81.62,163.49,12.53,58.89,47.43,608.62,2
0.00,2.21,23.37,62.22,10.36,103.93,0.00,53.52,6.60,312.13,2
69.28,39.38,0.00,105.01,64.72,144.82,0.00,161.84,0.00,702.87,2
0.00,39.56,20.49,98.11,0.00,116.65,0.00,171.66,0.00,736.19,2
78.46,14.56,0.00,127.94,0.00,82.24,0.00,91.93,0.00,368.78,2
0.00,0.00,18.70,72.36,89.51,54.72,41.32,227.09,54.56,550.53,2
0.00,24.63,7.70,28.92,26.40,44.53,0.00,76.57,0.07,166.92,2
0.70,26.65,29.99,96.22,44.97,127.24,12.00,120.11,0.00,203.90,2
0.00,0.00,80.15,135.19,26.72,188.81,42.20,197.24,0.00,380.12,2
41.38,50.40,10.50,83.38,0.00,160.88,48.40,138.55,40.56,349.06,2
0.00,0.00,0.00,41.51,14.51,20.31,11.31,77.24,16.13,146.82,2
24.45,0.00,82.86,89.39,33.93,100.26,30.69,457.60,34.22,509.31,2
9.19,21.39,87.37,115.70,65.83,107.48,71.04,123.61,0.00,342.81,2
24.72,13.27,28.42,132.48,25.47,121.33,39.47,102.72,0.00,219.76,2
8.05,43.84,96.55,119.33,0.00,249.47,0.00,190.05,0.00,419.92,2
81.98,0.00,0.00,184.93,51.03,156.70,118.63,308.39,0.00,418.46,2
0.00,0.42,17.35,12.13,0.00,12.12,8.38,49.22,0.00,90.89,2
13.35,14.13,58.01,82.11,0.00,43.76,0.00,30.22,45.04,357.57,2
0.00,0.00,0.00,22.60,44.50,43.16,0.00,167.52,0.00,417.04,2
15.69,57.15,89.40,58.30,38.09,122.29,47.46,160.34,0.00,528.90,2
7.34,51.18,2.69,23.92,131.30,30.65,0.00,348.23,55.50,760.60,2
0.00,77.09,41.15,0.00,12.40,83.68,0.00,169.73,0.00,462.94,2
7.28,0.00,0.00,40.73,51.59,81.33,1.22,244.16,32.54,314.68,2
37.85,0.00,123.53,98.22,145.39,49.88,16.25,287.04,0.00,633.83,2
46.51,83.18,0.00,107.76,0.00,175.41,0.00,137.74,95.29,649.56,2
0.00,2.58,0.00,21.12,8.31,14.19,1.15,20.26,1.41,98.60,2
14.50,0.00,55.53,18.88,0.00,74.61,0.00,119.47,1.15,353.04,2
49.07,67.80,65.03,146.49,0.00,104.12,77.80,349.44,55.43,556.41,2
0.00,0.00,0.00,17.21,0.00,17.47,2.96,26.77,0.00,59.35,2
11.78,13.28,11.93,64.42,15.24,42.46,0.00,201.29,0.00,217.45,2
58.18,119.07,37.14,125.18,125.39,121.94,0.00,329.25,0.00,497.07,2
7.63,33.43,18.03,10.35,2.67,96.53,44.45,181.34,33.37,329.11,2
23.96,31.38,30.69,117.26,16.60,108.02,0.00,155.91,0.00,363.37,2
7.78,1.18,29.07,73.33,0.00,66.79,0.00,128.32,0.00,150.47,2
59.43,67.91,153.23,92.29,41.11,56.64,0.00,325.50,106.00,603.53,2
0.00,2.12,54.88,111.65,4.14,116.61,0.00,188.25,19.66,226.44,2
11.76,0.00,55.34,47.52,0.00,135.86,0.11,96.59,0.00,362.57,2
85.17,2.29,3.17,147.90,83.22,214.20,8.42,263.19,54.50,588.41,2
0.00,0.00,0.00,9.20,7.30,32.72,5.16,60.03,4.29,110.34,2
56.54,102.37,30.10,142.94,0.00,259.02,57.50,224.95,27.77,577.12,2
0.00,5.39,6.65,0.00,35.70,37.59,22.72,104.70,15.67,332.58,2
0.00,101.20,32.30,138.13,5.44,39.46,0.00,84.32,0.00,405.58,2
7.05,11.42,4.26,44.58,0.00,1.40,0.12,42.47,10.50,113.99,2
68.67,0.00,77.54,132.58,13.06,255.91,0.00,341.65,0.00,643.41,2
0.00,0.00,42.22,163.31,0.00,187.23,0.00,359.24,0.00,482.26,2
5.62,26.91,34.80,76.95,46.87,56.57,7.61,49.93,5.40,228.01,2
0.00,0.33,0.00,8.64,24.19,45.01,0.00,133.26,2.41,441.99,2
37.46,2.70,36.87,116.48,0.00,77.92,46.43,159.50,9.57,491.78,2
8.75,0.00,0.00,151.11,86.50,195.79,53.02,237.97,28.81,454.86,2
0.00,1.34,6.15,26.05,22.43,68.27,6.58,96.22,1.00,229.97,2
4.29,0.00,0.00,68.31,29.40,77.13,0.00,87.75,26.85,203.33,2
9.50,0.00,26.39,31.62,101.98,222.28,94.47,348.82,12.28,397.82,2
7.25,111.02,45.98,16.63,44.77,148.41,59.69,223.28,21.33,778.02,2
37.96,53.98,40.96,104.58,55.22,93.48,0.00,154.88,77.60,882.47,2
0.00,0.00,1.69,6.76,0.00,28.82,13.63,64.84,0.00,108.53,2
0.00,0.00,59.10,122.87,31.91,99.77,0.00,185.55,0.00,480.10,2
0.00,73.61,80.87,243.78,31.83,246.97,15.30,171.02,11.36,680.84,2
0.00,0.00,11.61,83.15,0.12,117.42,13.96,155.99,8.23,266.72,2
13.12,30.13,35.97,42.46,31.00,54.22,0.00,117.75,11.60,286.98,2
73.84,23.72,0.00,164.42,45.49,143.62,0.00,270.39,64.96,465.56,2
10.28,21.67,0.00,93.91,0.00,96.08,0.90,100.94,28.40,205.00,2
45.04,0.00,57.03,122.91,21.45,153.45,0.00,249.69,22.59,417.14,2
12.40,30.32,0.00,23.72,27.01,61.98,0.00,178.94,0.00,266.30,2
17.69,0.00,0.19,68.52,5.56,73.01,0.00,137.12,16.59,256.32,2
38.40,22.93,0.00,171.74,3.29,237.76,0.00,393.10,0.00,451.86,2
27.12,0.00,0.77,68.18,52.83,54.25,4.77,104.33,0.00,382.87,2
9.20,0.00,76.36,141.87,7.61,169.61,0.00,313.33,0.00,535.99,2
17.05,2.03,18.71,45.32,27.75,26.99,0.00,59.16,12.74,97.62,2
47.56,23.72,48.81,73.55,0.00,100.93,0.00,73.80,0.00,643.30,2
0.00,0.00,0.00,21.76,0.00,29.74,0.00,20.82,0.00,106.44,2
0.00,20.08,5.61,26.90,14.28,13.39,1.79,76.97,0.81,126.44,2
0.00,7.56,40.45,111.06,0.00,154.60,0.00,137.63,0.00,479.46,2
0.00,11.11,0.00,134.11,29.86,164.50,94.40,139.32,43.03,425.75,2
0.00,24.70,58.18,128.73,0.00,169.90,0.00,266.29,0.00,601.92,2
26.50,6.04,26.36,82.65,31.74,35.83,45.37,71.53,0.00,304.26,2
4.16,0.00,5.61,86.31,35.38,69.09,0.00,121.98,0.00,150.28,2
0.00,34.09,18.74,49.57,156.98,118.37,29.68,218.93,25.07,418.96,2
5.49,0.00,0.00,59.13,16.43,65.31,34.20,78.67,32.66,384.74,2
128.72,0.00,0.00,136.98,36.06,133.87,0.00,403.86,28.48,623.53,2
18.75,20.65,24.07,24.78,0.00,71.79,0.00,149.79,0.00,259.73,2
42.97,3.28,51.08,118.48,19.43,45.52,0.00,116.72,8.08,171.47,2
0.00,22.38,54.10,32.27,0.68,71.57,8.80,101.73,0.00,266.16,2
7.70,0.00,40.74,141.46,0.00,102.14,46.03,57.91,69.94,782.05,2
76.34,0.00,21.19,223.32,1.21,258.34,65.03,158.33,55.70,429.66,2
18.68,52.39,15.10,55.28,2.44,10.11,17.25,116.02,0.00,207.12,2
11.64,0.00,20.08,50.51,0.00,60.81,3.18,61.87,17.54,226.82,2
2.30,0.00,0.00,139.70,23.65,154.97,30.21,52.70,12.40,294.56,2
7.79,1.07,23.56,37.64,0.00,0.00,4.08,75.03,0.00,156.84,2
25.39,30.86,0.00,191.31,124.49,157.76,0.00,187.57,0.00,740.72,2
0.00,81.84,123.87,214.26,4.19,107.06,41.45,208.59,0.00,439.47,2
0.00,14.93,18.23,89.76,52.54,147.66,0.00,61.59,34.82,302.88,2
0.00,0.00,1.23,15.15,24.36,25.41,21.99,95.71,18.37,100.35,2
0.00,0.00,58.19,157.30,15.47,207.40,21.86,208.43,41.52,503.64,2
12.29,23.15,0.00,62.19,0.00,64.29,0.00,93.49,45.22,301.35,2
0.82,0.00,0.97,33.64,4.77,38.88,6.51,41.16,0.00,68.19,2
0.00,46.25,0.00,113.96,21.14,133.46,49.07,176.35,54.57,587.16,2
44.34,0.00,79.49,154.21,43.98,221.11,0.00,319.88,20.25,414.00,2
4.34,1.93,0.97,20.03,0.68,28.31,0.00,30.97,11.92,71.09,2
18.65,0.00,36.62,141.66,66.42,130.91,0.00,130.34,7.92,469.69,2
0.00,16.02,0.00,51.75,0.00,32.74,0.00,102.54,22.81,289.16,2
12.96,8.38,22.71,76.10,30.30,96.81,0.00,75.90,0.00,275.79,2
58.50,0.00,0.00,137.04,97.82,138.04,0.00,160.36,0.00,731.39,2
20.79,20.84,10.37,31.56,0.00,50.09,20.52,103.34,0.00,177.22,2
0.00,0.00,18.28,143.29,0.00,121.90,0.00,230.50,0.00,268.57,2
0.00,0.00,30.91,121.68,0.00,69.22,20.97,119.88,12.41,293.02,2
0.00,0.00,99.82,254.15,62.18,212.01,37.99,139.46,14.63,649.97,2
19.70,0.00,0.00,138.22,30.85,207.68,28.32,330.05,0.00,396.79,2
14.89,0.00,9.69,75.58,20.35,13.65,0.00,76.20,0.00,199.53,2
40.25,0.00,0.24,159.62,39.47,80.42,17.27,82.25,0.12,360.77,2
0.00,7.95,1.14,49.06,12.76,13.13,0.00,36.86,0.00,156.91,2
0.00,17.66,8.20,21.05,58.31,114.31,0.00,188.31,7.03,496.06,2
9.18,0.00,28.81,226.81,127.79,226.96,0.00,159.91,51.12,609.21,2
0.00,0.00,21.32,147.50,45.31,116.70,42.48,240.74,0.00,428.15,2
1.62,0.00,0.00,15.93,0.00,0.00,12.13,36.45,0.00,64.33,2
0.00,3.59,0.00,33.09,10.53,32.10,6.65,52.49,0.00,63.74,2
6.15,0.00,53.90,72.22,43.45,27.18,0.00,101.10,0.00,264.71,2
38.74,27.44,0.00,158.66,39.27,89.45,27.47,68.79,66.52,464.18,2
19.41,0.00,0.00,25.43,8.78,60.73,12.19,29.82,6.57,137.75,2
11.50,0.00,20.43,2.01,7.70,24.11,7.19,19.74,0.00,89.30,2
0.00,58.75,0.00,60.80,59.06,139.44,88.88,145.60,54.06,438.70,2
0.00,0.00,0.00,146.16,13.62,56.25,0.00,94.04,19.18,288.13,2
0.00,55.63,63.53,130.03,89.81,73.98,0.00,152.83,0.00,499.81,2
0.00,98.89,16.56,105.83,68.03,85.02,68.55,194.82,26.69,338.94,2
21.33,1.27,0.26,24.98,6.53,20.33,0.00,52.47,0.00,180.51,2
17.84,0.00,9.99,19.66,0.00,12.49,16.73,40.84,15.69,118.48,2
3.58,0.00,17.19,59.03,1.93,103.93,0.00,87.79,0.00,254.25,2
3.37,0.00,8.39,27.50,12.14,52.38,14.56,45.78,1.59,206.94,2
18.20,0.00,22.85,103.99,80.18,176.98,36.18,229.53,0.00,502.87,2
63.87,52.56,27.64,82.52,53.44,136.58,17.82,119.12,17.35,335.79,2
0.00,0.00,0.00,9.52,29.84,60.58,17.90,54.97,18.29,313.80,2
0.00,9.43,1.35,0.00,3.47,0.00,0.00,112.68,15.08,124.97,2
29.72,33.30,0.00,58.62,0.00,45.99,0.00,41.29,34.71,310.05,2
39.01,0.00,26.24,65.88,69.63,65.52,40.36,92.49,11.01,230.11,2
3.23,20.24,35.74,14.69,0.00,52.99,0.00,195.89,0.00,307.02,2
25.46,0.00,11.86,24.98,0.00,90.45,22.60,158.03,55.02,536.58,2
0.00,0.00,0.00,176.46,0.32,112.30,32.85,76.05,0.00,408.29,2
21.85,8.83,2.62,131.65,53.95,131.27,59.71,327.23,77.44,402.34,2
0.00,69.91,43.40,62.26,85.75,102.65,69.57,315.18,0.00,668.67,2
3.31,0.00,4.90,24.91,11.64,5.50,0.00,95.02,0.00,101.92,2
0.00,41.64,37.08,3.28,65.28,89.15,61.18,302.35,0.00,708.83,2
0.92,10.44,16.46,50.30,12.36,48.92,2.65,80.28,26.96,135.93,2
4.22,0.00,54.61,51.77,40.08,100.41,59.11,120.60,0.00,384.84,2
75.19,0.00,0.00,245.46,6.11,137.08,0.00,278.96,0.00,329.93,2
4.35,0.00,5.68,141.81,0.46,69.27,6.44,114.00,29.72,308.79,2
8.66,73.22,10.36,94.15,15.01,192.35,31.47,143.62,26.83,554.15,2
80.65,44.72,24.22,87.58,22.71,191.65,0.00,150.92,0.00,511.35,2
0.00,0.00,3.94,26.19,8.97,8.42,0.00,31.56,0.00,76.49,2
10.68,105.20,51.82,152.75,32.14,281.16,78.85,177.23,5.83,585.52,2
18.77,6.64,4.63,38.33,0.00,32.85,0.00,132.24,13.74,220.34,2
0.00,0.00,88.46,12.42,101.60,97.37,0.00,115.27,86.54,549.02,2
103.25,0.00,11.33,152.00,43.31,331.01,0.00,132.43,32.09,496.72,2
7.51,22.52,4.55,26.35,2.93,25.67,18.03,19.63,0.00,104.77,2
10.33,0.00,45.40,56.91,11.69,38.73,17.08,79.25,0.00,352.87,2
0.00,0.00,20.84,36.48,1.02,9.09,0.00,29.82,0.00,130.59,2
44.46,99.96,100.01,106.29,51.63,228.16,0.00,326.16,66.48,433.56,2
55.19,0.83,0.00,131.84,0.00,135.71,68.05,103.95,0.00,277.70,2
22.37,30.32,14.81,7.47,0.00,67.73,5.51,170.30,13.85,339.29,2
0.00,16.69,14.43,20.16,19.57,45.36,23.05,67.12,10.84,210.89,2
0.00,3.43,9.79,24.85,10.43,7.09,0.00,28.86,0.00,68.48,2
22.88,0.00,0.00,90.93,4.40,181.53,0.00,394.89,0.00,477.87,2
19.35,0.00,0.00,49.04,36.91,100.45,9.45,185.26,6.02,443.00,2
0.00,0.49,9.01,27.57,0.00,26.26,15.02,49.74,0.00,124.31,2
0.00,43.76,80.16,45.95,46.07,0.00,0.00,219.66,20.55,311.05,2
0.00,0.00,33.23,46.76,9.37,52.70,44.78,86.52,9.64,272.07,2
42.83,0.00,0.00,110.87,20.23,77.37,29.10,194.81,0.00,485.33,2
7.64,71.56,121.72,196.69,51.18,195.91,105.73,227.28,74.17,563.49,2
4.69,0.00,16.01,22.83,0.00,26.03,0.00,17.98,11.10,67.73,2
45.62,0.00,6.12,40.49,3.25,40.25,4.06,61.73,16.97,231.31,2
38.37,7.26,0.00,61.05,0.00,63.84,53.32,83.50,25.26,344.70,2
5.32,0.00,8.82,114.83,44.16,112.13,15.60,83.72,0.00,434.43,2
0.00,0.00,98.55,199.26,0.00,320.69,79.50,149.29,0.00,697.69,2
68.77,0.00,32.29,38.63,0.00,153.34,72.57,443.80,118.49,708.27,2
0.00,69.16,76.13,173.92,75.24,191.62,32.60,258.76,0.00,632.54,2
0.00,0.00,0.00,229.70,0.00,58.55,77.23,447.49,0.00,692.10,2
0.00,4.68,33.68,53.82,3.76,63.40,0.00,39.16,1.99,237.47,2
0.00,1.92,4.28,187.22,44.36,216.43,35.45,206.05,8.41,488.70,2
0.00,11.76,25.13,14.67,7.14,17.29,12.43,50.22,3.27,200.18,2
11.76,4.46,5.94,18.83,0.00,15.85,0.00,25.48,4.38,73.28,2
0.00,0.00,62.38,159.37,45.99,91.25,37.10,211.30,0.00,375.91,2
37.27,50.81,0.00,112.32,12.71,115.63,0.00,197.21,49.54,442.21,2
0.00,21.72,9.19,72.58,36.82,103.82,13.09,73.56,0.00,155.33,2
16.24,17.36,1.16,26.32,0.00,70.96,0.00,202.62,0.85,416.73,2
0.00,5.27,7.95,24.10,15.61,50.88,2.96,54.53,9.56,88.99,2
12.35,0.00,15.95,86.81,0.00,70.40,7.10,117.93,36.07,198.89,2
104.00,45.30,50.59,128.51,12.41,134.33,0.00,163.39,3.02,673.36,2
0.00,0.00,63.89,82.40,62.73,92.93,0.00,282.22,24.47,647.94,2
0.00,56.87,41.63,53.24,19.14,193.50,0.00,219.26,32.11,322.68,2
21.57,0.23,12.43,73.50,0.00,66.11,33.87,24.81,14.12,191.49,2
0.00,3.40,25.63,117.74,25.55,94.20,21.79,141.86,0.00,236.42,2
4.75,4.95,0.19,26.72,0.00,42.95,2.17,26.75,1.50,60.87,2
0.89,0.00,0.00,32.16,6.28,28.96,0.00,41.18,3.96,69.03,2
21.74,24.19,21.51,39.29,11.19,99.68,34.88,99.14,0.00,267.68,2
19.60,6.88,25.19,21.15,8.97,32.98,13.82,44.49,0.00,117.51,2
0.00,0.00,6.07,73.35,14.73,28.68,0.00,44.05,5.26,194.48,2
0.00,3.81,2.30,11.33,0.34,0.00,0.00,43.02,0.00,78.37,2
0.00,0.00,17.24,18.92,22.57,41.09,34.23,99.59,0.00,179.95,2
0.00,75.49,45.22,226.64,16.11,171.10,0.00,336.64,26.75,435.59,2
46.41,1.85,9.21,94.94,0.00,152.89,20.76,209.78,0.00,283.37,2
9.93,70.78,169.16,94.19,23.40,167.04,0.00,254.67,19.44,638.65,2
0.00,0.26,0.00,152.27,11.79,211.93,0.00,265.34,38.81,290.64,2
0.00,0.00,43.07,47.20,21.00,75.55,0.00,70.30,0.00,426.40,2
0.00,12.26,27.22,101.21,41.59,60.96,20.69,80.80,24.81,337.72,2
88.54,40.82,43.23,166.97,71.57,137.14,0.00,422.38,6.96,488.64,2
2.37,0.00,0.00,10.48,1.38,88.96,13.01,104.62,0.00,479.02,2
65.64,97.90,46.21,274.55,0.00,83.62,0.00,262.84,21.89,507.68,2
15.41,24.90,1.42,36.41,0.00,184.39,0.00,206.83,14.30,317.66,2
4.80,38.72,29.48,107.09,0.00,110.35,28.13,277.36,89.47,452.57,2
18.34,52.08,78.51,132.61,93.93,141.32,47.21,345.11,0.00,577.24,2
18.52,0.00,59.51,90.34,0.00,95.26,0.00,141.43,30.11,359.24,2
0.00,44.89,0.28,99.43,0.00,134.69,11.23,140.47,0.00,283.55,2
14.66,0.00,0.00,119.29,17.57,110.90,0.00,83.09,5.31,345.90,2
3.53,4.19,2.41,20.33,0.00,12.77,0.00,20.55,5.87,76.62,2
66.04,0.00,76.40,249.63,106.22,242.02,14.94,145.37,67.51,628.05,2
33.63,17.44,71.93,154.03,160.14,338.00,34.80,216.27,49.90,457.33,2
0.00,84.15,114.31,207.29,118.32,150.03,27.62,332.01,15.45,617.18,2
29.77,65.16,106.61,3.33,0.00,57.43,44.86,447.41,50.37,487.77,2
11.09,0.00,93.40,0.00,58.58,74.51,26.68,299.26,0.00,415.78,2
25.47,0.00,0.00,45.93,4.01,34.26,0.00,72.71,32.34,202.04,2
32.39,0.00,4.46,89.47,30.47,150.65,0.00,52.65,12.18,525.35,2
0.00,0.00,0.00,177.14,0.00,207.74,1.73,287.76,78.48,317.50,2
26.95,76.43,55.75,105.10,59.78,133.93,54.64,230.07,32.82,446.95,2
0.00,0.00,1.28,62.76,0.00,49.58,0.00,43.79,35.25,204.49,2
0.00,13.10,0.00,3.70,15.38,39.82,0.00,71.34,2.64,304.17,2
0.00,44.04,75.28,139.35,89.81,46.55,6.00,203.11,4.17,531.51,2
5.76,28.66,1.27,78.16,0.00,78.26,0.00,37.90,0.00,275.94,2
0.00,27.68,9.72,107.25,28.86,115.39,3.83,145.29,40.01,290.53,2
0.00,0.00,26.08,29.91,3.60,62.99,21.80,132.64,19.18,167.01,2
0.00,0.00,109.49,108.47,46.89,130.23,0.00,396.81,0.00,737.57,2
0.00,22.15,12.52,35.06,0.00,0.00,0.00,76.49,0.00,150.80,2
0.85,0.00,0.00,27.21,29.21,82.95,11.67,217.39,0.00,414.01,2
0.00,69.99,28.70,66.30,11.17,103.48,26.43,82.68,0.00,299.74,2
0.00,9.42,24.10,51.08,0.00,95.56,0.00,60.02,18.04,192.22,2
49.40,0.00,58.37,154.76,61.76,122.47,0.00,130.73,5.54,593.57,2
18.14,0.00,71.33,101.02,29.96,141.45,0.00,370.89,10.75,412.28,2
0.00,16.85,92.41,49.44,122.68,85.12,76.15,247.01,0.00,632.70,2
17.65,11.04,31.39,28.89,0.00,56.39,0.00,45.06,12.94,190.51,2
3.51,10.15,0.00,86.10,50.57,128.97,73.26,137.63,56.09,540.56,2
0.00,4.19,24.42,0.90,0.00,30.91,10.30,66.67,5.80,109.62,2
0.00,60.99,15.99,111.12,77.11,210.93,111.30,228.39,104.54,529.90,2
82.50,38.15,0.01,113.82,92.13,165.04,17.30,212.00,44.08,737.86,2
7.31,0.00,23.56,81.52,4.57,32.52,0.00,204.38,0.00,317.58,2
0.00,0.00,126.59,100.58,14.13,111.68,0.00,208.49,118.94,635.35,2
0.00,39.39,70.44,95.79,17.04,87.37,33.36,113.36,39.48,331.01,2
11.96,0.00,4.54,21.88,17.32,83.69,0.00,163.02,25.13,322.51,2
42.37,0.00,44.42,57.87,93.59,122.60,91.50,178.56,38.51,691.95,2
51.05,0.00,25.86,61.88,51.76,107.31,0.00,150.64,45.50,245.06,2
54.55,15.33,4.55,123.88,0.00,204.92,0.00,98.69,30.60,515.03,2
7.74,0.00,0.00,18.09,14.70,2.40,0.00,60.82,6.13,91.96,2
0.00,0.00,61.03,178.81,92.24,137.66,9.26,345.57,24.75,438.89,2
7.00,12.30,41.41,81.88,14.84,36.31,9.69,80.93,0.00,165.07,2
0.00,0.00,13.23,37.30,0.00,109.57,43.60,179.36,0.00,440.59,2
0.00,0.00,0.00,44.11,1.52,70.74,0.00,33.92,14.37,189.06,2
0.00,150.99,101.79,115.63,78.42,223.12,0.00,298.76,37.21,608.20,2
21.09,62.10,0.00,110.96,26.48,53.43,20.71,76.25,21.78,289.74,2
4.64,0.00,4.58,0.00,11.81,25.80,0.00,43.11,7.18,73.94,2
61.13,0.00,0.00,117.93,0.00,72.75,11.24,73.51,0.00,203.34,2
33.14,16.62,39.66,40.73,0.00,70.23,10.70,76.68,0.58,315.52,2
43.67,0.00,13.07,64.74,20.95,139.54,14.19,251.16,0.00,356.13,2
0.00,0.00,0.00,25.89,29.39,57.56,0.00,105.78,15.71,390.04,2
35.59,16.12,55.58,93.08,40.37,118.18,34.29,110.82,1.48,360.69,2
26.82,0.00,3.96,64.62,23.31,141.80,27.06,75.25,0.00,260.64,2
0.00,0.00,2.64,107.97,47.08,88.41,0.00,184.38,28.03,316.24,2
0.00,17.97,4.69,43.74,22.21,24.81,0.00,118.99,0.00,354.71,2
0.59,6.05,17.26,13.36,15.81,33.18,14.82,45.74,14.04,77.36,2
0.00,6.93,0.00,75.24,0.21,109.05,93.69,118.93,0.00,371.50,2
12.69,25.93,28.88,20.85,14.70,49.00,56.84,53.47,23.46,390.17,2
65.01,0.00,0.00,45.39,10.61,75.14,30.77,303.43,35.42,380.48,2
47.05,54.65,151.15,179.34,70.56,98.71,55.20,291.27,5.95,352.50,2
0.00,12.51,43.43,76.91,0.00,189.75,34.62,376.07,34.19,513.99,2
0.00,22.83,48.75,85.76,48.09,132.19,20.71,323.87,42.31,473.90,2
35.71,61.36,3.93,0.00,0.00,73.47,0.00,330.64,0.00,482.23,2
2.34,4.30,0.00,20.49,14.72,42.53,0.80,54.21,0.00,100.27,2
28.09,1.04,0.00,67.11,41.67,178.74,12.53,175.70,95.83,598.34,2
0.00,16.92,48.72,102.40,40.05,325.29,16.80,361.85,0.00,450.66,2
0.00,3.04,23.12,36.84,6.25,22.22,0.00,41.10,13.38,115.68,2
0.88,0.00,0.00,34.14,6.13,50.19,10.76,55.04,0.05,102.88,2
0.00,0.00,0.00,31.19,0.00,64.97,8.69,36.27,4.58,194.09,2
37.17,29.81,23.06,11.79,0.00,29.20,27.92,72.40,0.00,261.50,2
14.19,32.12,0.00,93.95,10.49,117.82,0.00,111.81,3.66,322.95,2
9.15,0.00,0.00,39.41,0.00,67.84,0.00,65.01,0.00,172.95,2
2.22,0.00,0.00,147.40,12.76,55.03,54.77,243.41,0.00,408.56,2
10.29,16.48,0.00,60.25,0.00,59.03,20.95,45.46,19.44,253.01,2
3.82,22.04,25.62,45.27,4.44,40.02,0.00,82.59,0.00,145.65,2
0.00,0.00,141.12,166.91,4.23,155.73,31.85,170.33,113.65,635.70,2
0.00,0.00,8.27,17.68,4.80,82.87,0.00,133.84,20.50,268.66,2
44.13,24.61,105.32,133.78,2.01,163.62,20.82,170.60,0.00,569.37,2
18.31,0.00,7.13,91.85,10.04,67.68,29.84,99.25,0.00,595.77,2
0.00,0.00,113.42,178.50,78.15,132.10,0.00,192.68,0.00,476.14,2
0.00,11.77,0.00,135.34,80.87,105.66,36.20,142.51,1.23,574.89,2
19.50,0.00,39.11,92.58,49.58,121.01,0.00,252.76,21.32,231.63,2
16.58,0.00,16.86,61.69,31.06,75.63,58.80,286.56,35.72,539.15,2
0.00,67.91,0.00,165.74,39.52,178.50,80.08,327.21,32.76,458.83,2
16.13,0.00,26.74,130.22,0.00,213.49,9.96,223.94,73.78,457.62,2
0.00,0.00,0.00,130.65,0.00,232.29,0.00,449.94,40.48,584.54,2
23.98,29.18,21.49,48.94,0.41,84.14,19.26,71.38,20.78,297.71,2
0.00,28.03,120.56,51.63,104.43,93.30,49.78,200.58,0.00,649.51,2
40.59,33.00,52.26,144.42,0.00,177.68,0.00,126.97,0.00,517.12,2
0.00,2.04,0.00,12.92,0.00,118.61,35.73,241.49,3.23,403.24,2
46.73,62.66,0.00,76.73,0.00,128.92,0.00,126.72,0.00,332.15,2
131.92,0.00,58.12,188.31,0.00,151.78,26.59,323.89,0.00,588.68,2
13.42,54.80,48.42,125.43,27.77,89.09,0.00,181.48,0.91,250.83,2
24.91,7.49,22.53,15.34,6.70,37.49,18.63,25.66,18.05,158.76,2
8.80,2.63,2.09,30.00,0.00,63.64,16.95,204.49,45.12,227.01,2
12.03,62.18,37.21,127.00,10.57,151.42,12.61,151.82,53.79,297.22,2
24.79,0.00,5.80,141.82,0.00,104.21,0.00,280.88,0.00,397.69,2
0.87,57.11,0.00,171.16,0.00,112.57,53.06,251.86,34.32,409.33,2
0.00,23.64,19.80,155.48,34.94,103.95,3.64,30.07,17.11,427.96,2
0.00,0.00,30.47,5.16,7.50,47.51,32.50,45.46,31.80,302.70,2
13.23,0.00,13.08,23.31,0.00,57.94,0.00,25.90,2.82,234.73,2
20.63,0.00,23.99,17.33,0.00,60.68,0.00,50.13,0.00,139.19,2
15.80,0.00,80.78,41.01,71.14,70.96,0.00,143.59,106.19,648.31,2
78.49,93.05,32.95,99.91,0.00,177.02,0.00,88.06,0.00,675.51,2
12.43,5.99,18.17,59.33,0.00,21.61,7.76,52.93,24.68,205.11,2
13.31,0.00,0.00,65.99,20.47,95.96,0.00,371.91,16.81,744.86,2
0.00,0.60,18.78,30.77,20.41,44.25,41.14,74.29,0.00,342.63,2
13.37,8.80,2.85,44.96,15.87,60.47,23.62,71.70,23.25,233.94,2
36.90,16.24,55.00,195.44,59.64,118.54,6.79,240.45,42.76,334.54,2
2.30,24.59,0.00,48.52,0.00,65.75,17.91,61.79,3.84,153.26,2
0.00,0.00,0.00,35.29,14.32,53.74,5.88,60.18,13.68,150.77,2
0.00,0.44,51.99,30.78,41.26,192.52,0.00,224.66,81.92,547.66,2
3.06,0.54,0.00,19.03,3.82,19.11,7.43,21.80,5.77,77.34,2
0.00,0.00,0.00,17.72,12.41,22.32,0.00,10.48,0.00,131.92,2
0.06,9.27,79.91,48.34,0.00,38.16,0.00,361.30,64.19,490.57,2
0.00,7.83,3.18,128.52,27.32,115.57,0.00,95.72,0.00,498.09,2
130.48,0.00,16.69,147.29,24.41,245.51,134.17,374.04,0.00,704.16,2
10.00,80.16,0.00,46.67,37.47,34.63,27.44,96.92,0.00,360.88,2
15.08,3.71,0.00,74.32,1.73,62.08,5.63,103.94,0.00,294.05,2
23.08,0.00,51.57,69.69,0.00,79.19,16.84,116.89,27.27,276.74,2
0.00,34.08,46.20,110.32,62.66,32.09,21.46,134.14,54.37,373.73,2
13.63,9.05,18.83,74.02,24.30,42.79,5.28,98.10,0.00,145.53,2
0.00,1.18,11.93,48.72,41.26,57.22,0.00,82.51,30.41,177.11,2
0.00,0.00,0.00,23.68,16.99,19.35,11.27,62.55,20.86,118.66,2
0.00,0.00,0.00,235.53,26.05,134.76,60.70,307.60,0.00,415.84,2
0.00,91.52,96.38,98.09,28.16,102.80,41.85,393.29,0.00,368.18,2
0.00,0.00,0.00,194.04,31.87,186.49,0.00,192.21,33.96,415.87,2
7.34,12.16,0.00,0.00,7.42,61.77,21.82,166.13,0.00,259.54,2
42.83,37.10,14.07,104.47,10.75,74.30,11.90,65.61,34.78,318.16,2
16.21,12.82,0.00,5.08,9.59,4.61,0.00,87.44,14.40,122.77,2
0.00,16.36,11.90,50.87,0.00,84.86,10.67,112.00,0.00,272.51,2
17.44,6.55,0.00,39.18,2.27,54.29,12.46,63.94,2.05,158.52,2
11.27,16.60,59.85,82.10,31.03,106.83,26.73,133.02,0.00,414.19,2
37.59,0.00,43.98,41.28,0.00,135.35,29.10,160.20,31.62,407.33,2
0.00,20.69,24.32,34.01,16.88,21.53,0.00,21.20,0.00,104.39,2
2.72,6.78,11.32,88.56,31.98,128.69,0.00,139.69,10.53,243.87,2
3.25,15.51,10.10,25.19,7.89,53.32,0.00,147.93,3.59,206.58,2
0.00,0.00,24.67,44.70,73.36,72.12,0.00,133.36,0.00,247.96,2
5.04,23.51,0.00,28.93,25.72,59.60,20.39,89.29,3.67,313.63,2
53.54,0.00,0.00,18.67,0.00,29.50,0.00,102.56,36.34,234.46,2
17.57,0.00,41.33,119.54,53.75,113.58,0.00,103.77,31.23,543.60,2
0.49,43.87,8.66,75.85,23.03,74.94,0.00,80.52,9.91,139.18,2
9.70,26.83,32.49,113.63,6.24,206.11,19.90,221.53,0.00,280.81,2
0.00,20.10,1.34,44.23,19.05,76.47,0.00,141.97,4.40,235.81,2
0.00,31.15,0.00,99.84,52.74,101.51,11.24,137.45,38.83,385.54,2
0.00,80.46,8.89,189.09,47.77,309.74,0.00,135.88,0.00,563.60,2
3.69,44.86,0.00,129.60,60.08,167.35,10.49,238.22,0.00,373.58,2
0.00,4.20,0.00,16.49,0.36,33.93,1.63,11.18,5.83,111.49,2
28.23,17.42,38.84,48.06,0.00,136.38,0.00,131.05,0.00,296.31,2
0.00,0.00,12.71,60.08,33.73,79.01,4.21,219.68,43.89,336.75,2
54.37,54.73,29.50,50.53,95.42,31.80,0.00,105.75,8.00,329.76,2
0.00,0.00,30.40,115.97,29.99,111.12,0.00,157.53,0.00,405.35,2
0.00,0.00,115.33,58.28,34.44,90.37,82.98,160.59,0.00,600.82,2
7.90,5.97,17.56,27.81,0.00,18.81,0.00,45.64,1.86,56.95,2
28.85,0.00,57.65,0.00,71.28,104.39,0.00,225.11,0.00,504.89,2
0.00,0.00,18.12,67.04,14.11,40.59,32.34,177.54,20.73,267.26,2
12.04,0.00,49.17,55.86,22.25,25.51,0.00,159.22,52.04,262.38,2
4.28,9.43,0.00,5.42,2.71,14.56,0.00,34.83,0.00,65.11,2
0.00,0.00,0.00,47.74,17.43,52.83,0.00,97.07,21.14,258.54,2
24.31,0.00,14.71,103.14,42.04,66.54,22.41,116.42,0.00,349.49,2
2.33,32.11,0.63,74.08,4.55,117.66,0.00,215.42,0.00,335.51,2
64.41,10.32,0.00,33.80,37.26,124.08,17.99,83.83,53.77,406.02,2
0.00,0.00,48.36,135.60,0.00,156.07,0.00,232.97,22.66,588.82,2
78.74,0.00,38.15,88.19,72.31,153.76,0.00,208.29,10.18,810.91,2
29.51,14.78,5.85,113.88,0.00,154.48,0.00,271.85,34.98,477.20,2
16.52,14.85,0.00,50.65,0.00,83.96,0.00,150.24,20.16,251.24,2
13.33,0.00,0.00,46.05,12.52,19.15,0.00,50.44,0.00,80.39,2
17.40,0.00,30.78,4.87,12.24,40.94,29.92,66.97,0.00,218.02,2
11.03,0.00,0.00,57.31,1.94,40.02,2.92,82.67,0.00,120.47,2
20.76,24.91,0.00,156.05,15.10,107.63,0.00,115.99,0.00,324.84,2
0.00,4.69,6.73,14.52,0.00,23.73,0.09,43.81,0.00,111.88,2
32.85,0.00,14.27,205.64,0.00,165.59,0.00,291.39,46.14,472.24,2
31.19,87.89,0.00,34.11,78.41,117.77,29.67,55.72,19.94,682.92,2
8.72,96.63,28.76,124.03,25.76,66.18,0.00,210.95,0.00,320.01,2
4.62,116.13,27.23,21.73,74.95,111.59,142.88,463.51,0.00,571.68,2
0.00,18.02,9.57,173.79,63.82,157.58,2.68,111.59,0.77,427.74,2
8.99,0.00,24.36,53.94,29.15,101.72,0.00,63.86,0.55,260.56,2
15.73,9.18,1.13,81.39,15.19,115.39,0.00,187.35,0.00,282.78,2
73.28,17.25,90.93,168.71,30.03,183.09,54.00,190.41,34.77,324.85,2
0.00,0.39,0.00,23.10,18.65,73.79,24.08,143.99,0.00,308.90,2
0.00,1.75,3.98,34.60,11.25,18.45,2.38,37.91,0.00,86.20,2
0.00,31.03,19.16,80.56,55.03,172.42,0.00,217.52,7.27,521.52,2
0.00,5.39,67.82,139.65,14.31,67.24,0.00,240.93,0.00,307.53,2
0.00,26.47,22.00,47.19,12.68,74.30,0.00,109.76,0.00,134.31,2
0.00,8.67,97.12,186.12,112.51,115.24,12.90,322.19,0.00,767.28,2
85.59,41.93,14.37,103.23,3.89,95.19,125.80,384.56,76.59,398.75,2
0.00,0.00,0.00,43.88,7.05,4.44,0.00,79.00,22.13,141.05,2
5.58,0.00,0.00,11.05,0.00,32.66,21.32,165.53,0.00,230.93,2
0.00,16.79,10.17,43.03,0.00,14.88,0.00,66.98,6.99,162.21,2
45.37,0.00,27.43,52.58,13.01,132.16,0.00,144.38,4.90,381.51,2
21.71,0.98,10.47,0.75,7.83,9.66,6.19,63.15,8.77,134.81,2
0.00,0.00,0.00,118.77,13.72,130.77,0.00,131.39,0.00,274.27,2
0.00,1.81,18.92,57.69,11.78,22.94,0.00,95.65,0.00,295.44,2
27.71,0.00,0.00,62.11,70.17,89.61,53.78,133.34,84.09,588.16,2
73.93,85.35,48.92,324.61,118.17,274.56,0.00,263.50,0.00,535.94,2
8.15,54.20,0.00,133.89,59.36,287.77,0.00,245.34,14.47,371.53,2
0.00,12.37,6.47,15.00,13.16,18.64,0.25,32.70,0.00,47.47,2
15.22,40.25,5.87,161.68,43.41,95.22,0.00,116.04,4.33,277.87,2
0.00,0.00,49.99,139.34,0.00,168.02,92.41,131.32,0.00,578.89,2
0.00,61.43,0.00,58.31,70.98,138.66,0.00,381.52,0.00,473.18,2
33.22,31.28,87.94,101.04,31.98,246.67,0.00,226.81,4.18,619.70,2
41.31,0.00,29.06,167.72,6.53,92.55,0.00,131.66,87.14,395.30,2
113.08,74.85,0.00,286.63,55.84,174.32,28.62,133.91,37.45,616.43,2
7.95,1.33,28.97,34.08,28.58,2.33,17.76,53.27,0.00,200.89,2
1.71,7.18,0.00,16.17,0.00,15.39,10.31,44.16,5.64,186.92,2
50.94,108.98,14.37,91.46,55.22,31.38,9.14,95.86,0.00,389.33,2
51.70,0.00,134.76,28.92,80.69,65.79,17.79,211.08,0.00,645.11,2
0.00,16.29,4.21,89.58,0.00,94.15,0.00,66.42,5.32,135.31,2
38.14,8.34,40.58,79.55,12.99,120.32,27.78,132.76,17.49,239.47,2
18.65,0.00,0.00,142.86,45.49,141.69,0.00,392.07,0.00,486.84,2
0.00,0.00,0.00,245.19,0.00,73.00,69.82,463.24,0.00,513.82,2
0.71,0.31,4.84,11.76,4.40,6.64,2.24,43.25,0.00,55.00,2
31.86,16.99,16.18,5.46,19.90,43.40,0.00,112.15,0.00,223.36,2
16.45,0.00,2.61,11.16,0.00,31.80,0.00,55.24,0.00,63.66,2
0.00,35.13,0.00,102.45,3.13,100.54,9.05,179.85,28.23,574.55,2
72.90,25.79,35.10,26.82,8.64,99.10,0.00,155.66,6.18,241.75,2
0.00,2.52,19.03,183.27,150.26,170.76,146.39,206.58,0.00,612.60,2
0.00,48.82,64.52,37.76,0.00,132.90,0.00,135.34,44.95,759.61,2
0.00,12.50,42.23,33.40,0.67,60.39,0.00,75.34,10.61,142.88,2
82.40,0.00,50.93,160.78,152.16,107.51,14.58,224.87,9.25,502.71,2
52.22,0.00,16.44,54.34,16.42,62.49,0.00,225.98,7.26,311.25,2
0.00,18.30,24.28,30.62,28.75,53.06,2.99,24.29,1.88,176.11,2
37.41,40.36,0.00,32.15,21.19,0.00,19.97,117.69,0.00,217.81,2
0.00,60.29,0.00,10.03,19.47,54.01,68.99,228.08,0.00,584.25,2
0.00,0.00,14.46,38.54,30.37,75.79,23.18,101.21,0.00,153.73,2
20.82,14.20,0.00,118.74,0.00,81.61,8.91,103.74,0.00,340.91,2
0.00,13.70,7.49,29.59,6.66,19.80,8.76,53.44,11.77,133.55,2
5.86,15.28,10.79,20.56,0.00,18.79,6.87,38.58,3.22,122.02,2
2.12,2.29,9.83,19.05,14.27,27.88,0.00,43.59,1.09,78.85,2
13.43,6.65,0.00,66.45,18.30,27.93,0.00,85.26,2.48,197.06,2
0.00,0.00,55.03,127.27,42.11,40.47,0.00,254.07,0.00,287.94,2
18.12,36.30,107.68,191.44,39.72,306.90,41.95,377.87,0.00,533.35,2
0.00,0.00,17.35,65.51,19.30,74.64,11.88,72.19,28.01,173.69,2
0.00,32.23,12.08,98.96,3.28,104.20,33.69,247.42,15.55,471.31,2
13.85,21.16,17.85,5.75,11.99,66.27,0.00,48.68,0.00,319.49,2
0.11,0.00,75.98,177.89,0.00,208.03,0.00,308.09,0.00,538.27,2
1.05,0.00,129.56,73.26,8.54,214.14,0.00,187.01,41.60,625.12,2
26.62,0.00,6.57,194.61,0.00,207.73,26.99,337.91,0.00,642.93,2
0.00,30.91,0.00,59.90,12.82,100.00,0.00,362.24,43.36,635.48,2
0.00,5.73,15.34,36.80,5.77,57.79,0.00,48.03,6.68,134.44,2
0.00,8.31,0.00,74.98,27.68,28.85,0.00,179.86,0.00,363.93,2
63.93,78.91,52.60,228.11,97.86,139.78,18.59,273.48,2.87,383.31,2
7.01,0.00,0.00,16.35,0.67,10.19,3.06,88.99,8.36,100.04,2
0.00,0.00,46.76,45.88,31.38,64.83,51.50,76.40,20.35,291.29,2
12.65,0.00,0.00,13.69,23.24,20.00,8.52,96.56,0.00,191.71,2
34.23,0.00,0.00,98.94,77.56,118.02,37.16,228.91,48.12,206.35,2
23.04,20.56,48.90,34.88,60.18,142.34,11.11,100.14,23.62,313.69,2
17.37,22.42,2.27,19.29,0.56,17.25,0.00,51.81,7.43,116.77,2
7.34,0.00,12.15,36.30,0.00,37.23,0.00,46.48,12.39,89.88,2
23.63,0.00,14.43,94.52,138.95,118.57,0.00,284.93,6.01,375.80,2
25.56,76.82,0.00,145.53,138.03,151.01,52.54,291.83,6.27,382.53,2
0.00,0.00,5.87,107.09,0.00,123.86,0.00,132.24,0.00,542.31,2
0.00,8.70,4.28,176.62,42.69,164.13,0.00,191.44,0.00,442.80,2
0.00,27.85,35.50,42.43,0.00,46.87,6.27,149.63,39.13,189.68,2
7.74,9.65,5.24,10.96,0.00,35.06,8.55,38.67,4.09,137.00,2
29.25,18.13,0.00,113.91,23.10,142.42,42.69,136.18,69.75,356.46,2
2.69,9.93,36.81,53.02,23.71,61.55,0.00,72.18,0.00,186.33,2
10.90,0.00,20.24,45.43,0.00,67.12,4.57,119.98,0.00,271.77,2
20.15,0.00,55.55,128.00,93.63,244.88,84.09,258.48,27.56,518.52,2
0.00,18.45,1.54,36.06,26.55,81.28,2.21,95.30,5.32,395.53,2
4.06,1.65,0.89,9.67,9.49,13.57,4.39,41.21,0.00,106.35,2
2.66,0.00,7.56,49.78,0.00,0.00,21.28,143.22,1.09,160.08,2
4.25,10.50,24.01,43.60,45.95,57.15,0.00,129.91,3.49,286.38,2
62.06,0.00,39.71,22.87,32.90,70.57,0.00,180.30,0.00,400.34,2
0.00,21.90,14.37,96.79,47.14,125.44,0.00,265.21,0.00,507.51,2
14.82,0.00,0.00,149.33,12.26,137.19,0.00,275.65,13.84,383.71,2
0.00,7.89,7.92,48.83,17.98,55.29,0.00,111.12,10.52,150.34,2
0.00,0.00,0.00,50.72,62.03,38.49,0.00,136.38,4.44,276.60,2
0.00,1.93,27.05,171.64,0.00,146.47,44.02,136.03,30.60,542.42,2
0.00,70.06,0.00,25.05,65.07,132.77,84.61,103.04,12.03,564.35,2
10.19,6.44,1.90,23.63,15.53,50.51,9.19,33.26,0.00,114.76,2
39.14,36.28,36.27,15.08,19.52,69.89,23.57,158.36,19.89,459.77,2
0.00,34.27,51.75,226.36,0.00,249.49,18.32,123.42,0.00,843.21,2
15.77,2.58,0.00,226.47,25.70,187.26,0.00,232.43,90.55,441.47,2
9.08,0.00,0.00,38.86,53.77,58.22,0.00,157.65,0.00,552.89,2
0.00,0.00,46.41,107.05,118.68,84.60,4.96,392.97,115.05,608.78,2
4.68,23.69,1.87,27.23,0.00,57.94,9.42,104.28,29.02,335.33,2
31.79,0.00,93.92,131.32,84.19,70.16,71.49,386.62,0.00,457.30,2
0.00,39.29,41.26,217.91,0.00,40.34,0.00,281.80,0.00,405.64,2
46.20,2.63,16.21,17.52,3.83,66.64,11.18,105.67,12.98,177.29,2
0.00,0.00,0.00,62.57,21.30,59.60,1.90,166.34,9.20,276.63,2
28.91,4.98,27.00,67.69,33.21,57.82,24.81,121.18,9.31,168.28,2
0.00,0.00,0.00,0.00,9.40,12.52,0.56,39.67,0.00,45.07,2
15.37,95.31,30.34,163.50,0.00,282.25,0.00,196.70,0.00,648.22,2
20.61,5.23,15.26,16.04,20.71,1.83,0.00,68.93,23.51,226.57,2
17.01,23.12,4.05,66.15,0.00,89.68,0.00,99.25,8.24,217.89,2
0.00,0.00,10.02,28.07,10.69,87.66,11.99,27.79,16.51,129.54,2
0.00,0.00,19.47,91.11,0.74,273.21,35.59,217.04,29.32,789.97,2
1.67,8.80,0.00,13.93,0.00,14.05,0.00,32.69,3.22,135.36,2
27.97,120.90,0.00,25.23,108.66,125.35,0.00,189.67,0.00,724.52,2
29.10,0.00,84.35,142.43,69.59,175.78,40.91,163.94,0.00,508.88,2
0.00,0.00,15.97,29.96,7.55,50.00,0.00,148.28,32.50,185.00,2
0.00,0.00,0.00,125.80,31.77,22.96,0.00,287.99,44.08,440.11,2
0.00,9.26,31.39,67.85,51.42,78.42,8.78,136.28,0.00,259.72,2
117.27,25.84,10.89,21.64,86.54,78.63,54.31,77.53,0.00,643.01,2
0.00,2.48,57.17,114.64,18.27,79.88,35.36,112.73,0.00,245.93,2
0.00,29.42,23.12,85.00,27.43,131.08,0.00,69.72,8.76,276.46,2
17.47,0.00,0.00,20.73,13.20,37.39,0.00,30.23,6.72,94.44,2
38.44,0.00,84.63,220.07,74.92,141.62,0.02,371.18,0.00,487.79,2
21.30,56.01,0.00,17.89,0.00,140.72,0.00,213.43,99.03,656.75,2
0.00,18.74,33.80,20.45,0.00,57.35,32.35,117.73,43.34,383.49,2
0.00,7.71,5.55,30.73,9.48,39.85,4.19,69.44,1.26,159.84,2
19.75,0.00,93.80,179.22,98.90,270.52,52.12,356.90,0.00,576.28,2
0.00,26.46,49.20,121.81,0.00,186.31,0.00,144.38,18.44,555.61,2
0.00,9.39,36.62,133.86,23.16,130.34,0.00,167.58,0.00,212.73,2
0.00,63.39,0.00,183.29,0.00,181.70,5.17,377.13,10.62,562.27,2
20.50,45.99,0.00,110.98,36.84,166.15,0.00,173.02,8.77,489.88,2
20.92,26.61,0.00,70.94,19.03,55.69,0.00,124.12,11.93,220.27,2
0.00,17.95,45.82,160.82,23.43,203.63,1.16,245.45,78.92,534.54,2
0.00,0.00,0.00,65.79,67.17,103.19,35.95,322.04,27.40,424.27,2
0.00,0.00,64.29,0.00,0.00,42.13,47.83,373.35,50.07,425.03,2
0.00,47.69,0.00,52.05,66.20,223.29,5.14,373.15,0.00,588.25,2
48.30,9.67,8.19,79.24,14.22,95.03,14.86,232.08,46.09,383.89,2
76.91,0.00,34.64,217.01,83.68,153.88,43.38,297.07,0.00,401.39,2
0.00,52.53,64.64,96.53,14.79,150.47,50.74,208.80,0.00,498.04,2
13.32,0.00,154.46,50.23,22.03,232.99,54.30,310.24,0.00,541.89,2
42.01,78.41,0.00,66.27,19.25,133.63,0.00,151.74,57.90,327.12,2
4.48,0.00,65.41,170.95,0.00,199.99,0.00,210.07,21.48,387.76,2
25.79,7.89,0.00,28.31,13.79,62.42,25.42,212.42,0.00,263.90,2
13.78,23.02,19.33,42.33,15.47,47.95,0.11,50.14,0.59,88.65,2
60.55,61.90,0.00,140.25,0.00,73.92,3.40,180.03,48.97,719.27,2
16.20,32.34,40.62,50.00,2.29,62.68,14.10,127.80,10.03,190.48,2
0.00,3.84,0.00,30.47,2.79,16.38,0.00,56.64,0.00,201.26,2
0.00,3.70,0.00,83.56,0.00,174.88,0.00,185.46,0.00,454.15,2
14.37,10.66,14.43,18.15,24.12,20.61,20.33,42.22,9.66,172.68,2
59.56,0.00,47.48,25.14,0.00,123.62,0.00,222.67,41.95,285.74,2
25.62,0.00,43.73,37.52,0.00,103.84,70.00,185.29,0.00,370.93,2
0.00,0.00,29.91,245.12,13.95,196.10,0.00,219.02,0.00,394.00,2
25.40,20.98,87.06,166.26,103.94,55.95,57.78,295.83,0.00,476.61,2
57.73,5.73,42.99,28.98,23.35,259.42,10.80,180.14,131.47,583.56,2
42.52,11.06,77.77,221.46,0.00,91.31,9.82,167.73,0.00,554.43,2
22.62,53.44,39.57,97.72,31.52,42.88,0.00,141.27,0.00,446.53,2
84.63,22.96,97.76,200.98,47.54,272.91,2.39,235.62,119.71,532.45,2
0.00,10.71,0.00,35.00,0.39,91.61,0.00,161.53,0.57,194.26,2
5.50,30.83,142.29,144.72,56.82,197.14,0.00,160.12,37.68,457.28,2
0.61,0.00,7.00,28.27,0.00,45.01,17.40,23.21,8.82,132.14,2
0.08,0.00,9.17,15.92,0.00,28.73,0.00,26.00,0.00,67.90,2
0.00,0.00,0.00,220.12,30.98,101.53,0.00,355.31,34.97,506.14,2
35.81,13.55,0.00,47.29,37.07,97.19,54.49,54.83,51.62,266.50,2
0.00,0.00,0.00,107.56,85.83,179.60,0.65,76.19,0.00,452.18,2
1.66,31.82,0.00,58.99,18.40,19.33,2.82,105.73,20.70,285.32,2
31.90,41.25,10.99,96.10,4.26,94.91,18.81,166.05,28.10,226.27,2
29.70,22.57,35.24,83.17,59.33,103.95,11.52,224.39,0.00,301.49,2
17.73,8.14,0.00,42.79,14.23,100.65,0.00,78.01,0.00,232.81,2
15.80,0.00,22.42,121.07,23.54,106.22,0.00,358.61,34.96,417.64,2
35.99,5.25,9.32,171.80,14.24,203.17,0.00,209.71,25.38,636.06,2
39.50,0.00,69.59,125.90,41.55,75.60,40.61,114.54,17.08,352.36,2
1.45,0.00,18.61,27.70,3.68,50.94,15.06,89.80,0.00,182.54,2
0.00,0.00,0.00,164.33,0.00,207.88,0.00,261.06,37.02,453.81,2
0.00,6.10,36.48,19.82,0.00,62.41,29.62,20.26,0.00,174.36,2
12.39,0.00,0.67,29.31,0.00,69.46,5.50,74.13,13.98,122.95,2
16.41,0.00,0.00,43.70,0.00,77.88,0.00,232.03,0.00,302.64,2
0.00,112.78,22.85,145.25,7.37,133.76,0.00,222.87,74.54,456.39,2
7.55,11.78,33.32,93.45,0.00,53.40,0.00,75.56,0.00,147.14,2
3.04,5.63,4.47,52.26,26.77,2.97,0.00,222.73,56.97,513.03,2
28.77,42.88,0.00,153.27,11.82,111.90,0.00,250.86,5.81,512.12,2
10.53,52.73,0.00,64.56,6.97,123.35,29.68,119.95,0.00,206.62,2
0.00,0.00,0.00,127.23,0.00,152.31,17.72,316.55,16.00,479.18,2
64.90,8.36,31.51,53.25,69.29,229.25,30.74,272.81,0.00,336.53,2
0.00,0.00,0.00,45.65,0.00,92.44,1.11,64.07,43.83,261.36,2
8.96,14.82,7.30,24.38,20.69,20.17,14.19,63.08,0.00,84.70,2
12.66,8.67,10.33,75.82,16.43,89.34,5.99,70.35,0.00,279.66,2
0.00,17.36,36.31,54.84,9.85,100.35,0.00,119.76,33.41,353.88,2
54.03,32.58,65.77,139.03,0.00,67.81,40.47,230.69,40.00,490.85,2
0.80,21.97,20.57,88.05,69.31,72.70,0.00,109.29,18.98,188.66,2
0.00,0.00,44.64,82.70,14.57,114.94,0.00,101.99,0.00,274.83,2
0.00,43.92,8.10,41.06,0.00,68.16,21.13,118.46,25.54,697.23,2
11.42,9.41,21.88,35.62,0.00,18.83,0.00,22.93,3.74,144.65,2
77.19,85.39,35.11,172.30,0.00,285.77,0.00,206.22,63.31,502.65,2
25.99,0.00,27.32,85.57,0.00,75.30,4.87,94.96,4.08,144.35,2
0.00,11.22,25.30,43.82,22.38,29.59,14.45,50.12,0.00,148.56,2
16.20,0.00,34.61,42.34,10.10,50.58,48.38,123.60,34.72,233.26,2
0.00,16.23,0.00,42.10,47.00,39.73,0.00,56.30,8.07,240.90,2
48.97,37.15,0.00,63.20,0.00,189.98,26.34,227.56,69.42,461.11,2
0.00,16.43,51.46,54.49,0.00,28.57,14.08,155.13,0.00,340.58,2
22.81,0.00,44.02,92.47,76.68,98.24,4.80,174.82,5.01,243.26,2
0.00,8.56,38.50,104.25,0.00,102.76,28.99,178.46,0.00,363.10,2
43.31,0.00,9.10,78.11,87.26,151.18,34.00,144.09,78.64,673.55,2
0.00,88.85,8.96,91.23,10.83,191.51,91.56,341.87,0.00,435.90,2
6.57,0.00,0.00,35.19,1.53,21.55,3.29,22.55,14.90,83.53,2
0.00,1.14,0.00,21.30,19.80,57.22,0.00,90.59,0.00,152.55,2
34.72,9.79,31.71,150.22,0.00,180.85,22.29,154.83,19.12,507.28,2
54.21,18.40,2.78,82.41,0.00,87.96,0.00,348.09,0.00,498.69,2
1.91,4.12,10.25,14.83,0.00,8.46,0.00,19.79,0.00,99.98,2
3.14,27.14,0.00,38.08,0.00,63.69,4.75,59.02,7.90,228.49,2
20.02,7.52,57.80,34.49,12.63,46.20,0.00,76.12,0.00,336.19,2
0.00,37.01,51.98,0.00,31.31,83.85,17.04,214.91,10.81,276.01,2
0.00,0.00,10.17,6.57,4.00,20.75,3.74,17.83,1.57,187.88,2
13.58,61.37,19.73,67.22,16.19,66.78,23.93,112.69,0.21,394.10,2
0.00,0.29,0.00,86.63,15.24,128.02,0.00,102.80,0.00,370.28,2
16.24,7.56,8.59,31.94,8.42,24.61,10.96,21.61,8.53,99.19,2
11.24,20.05,67.74,201.74,0.00,126.02,0.00,331.89,21.09,447.49,2
0.00,27.63,0.00,81.09,32.05,114.63,0.00,220.67,0.00,285.71,2
0.00,32.25,13.54,38.83,5.03,44.17,0.00,117.24,0.00,279.02,2
0.00,57.53,13.84,100.70,0.00,43.74,22.33,142.49,0.00,474.45,2
0.00,0.00,0.00,152.13,40.19,109.30,23.96,159.71,0.00,311.46,2
0.84,0.00,0.00,56.95,0.00,132.55,0.00,281.98,72.82,278.90,2
16.22,33.04,18.05,237.76,48.85,178.59,27.20,194.85,46.21,456.89,2
15.17,6.46,15.78,51.30,0.00,4.84,8.73,79.70,17.00,103.46,2
0.00,0.00,12.73,115.25,54.59,168.09,50.96,214.38,99.06,474.55,2
0.00,50.03,18.57,131.29,24.03,193.62,90.36,135.80,0.00,417.46,2
0.00,34.16,0.00,30.17,21.86,49.88,20.21,77.89,9.17,161.02,2
99.35,0.00,59.60,7.11,0.00,185.41,0.00,138.05,0.00,679.93,2
0.00,0.00,0.00,133.39,0.00,117.18,0.00,189.06,109.82,791.93,2
0.00,0.00,39.59,116.22,0.00,126.14,0.00,83.41,0.00,514.05,2
0.00,0.00,84.64,87.88,0.00,70.17,0.00,251.34,19.94,290.04,2
64.52,0.00,40.50,91.22,19.83,67.29,14.57,141.29,0.00,670.32,2
0.00,0.00,0.00,87.90,19.58,27.63,0.00,147.91,22.98,515.15,2
0.00,57.22,0.00,150.93,3.52,113.47,43.64,114.21,30.30,442.54,2
63.40,51.05,87.98,34.30,76.72,142.61,95.55,106.97,17.27,725.78,2
43.49,88.57,132.16,40.60,0.00,138.68,99.37,341.26,49.26,457.51,2
45.47,11.63,15.75,81.85,39.80,107.76,39.04,222.12,0.00,493.48,2
0.00,58.64,0.00,57.45,51.58,150.63,45.05,261.38,20.03,519.52,2
63.96,8.14,32.07,101.99,5.85,69.46,0.00,114.56,0.00,369.87,2
39.61,17.34,6.12,106.30,5.94,109.72,0.00,128.86,24.60,302.71,2
0.00,0.00,0.00,28.39,70.85,70.24,57.45,295.98,0.00,327.86,2
0.85,51.67,7.07,195.18,50.67,178.16,46.77,200.13,0.00,334.80,2
0.00,12.38,11.53,9.99,1.34,5.75,0.00,15.33,5.30,90.37,2
0.00,90.25,16.49,11.27,36.72,126.63,17.38,225.33,8.73,427.83,2
0.00,23.90,19.95,63.66,71.51,17.42,31.53,157.69,0.00,290.25,2
68.44,53.85,59.57,211.43,0.00,359.00,0.00,180.32,0.00,541.84,2
0.00,24.65,33.55,26.61,16.25,115.25,18.16,185.72,0.00,232.46,2
26.93,34.32,103.92,127.89,0.00,106.26,0.00,163.72,16.52,392.97,2
0.00,0.00,0.00,31.67,4.49,22.53,0.05,49.27,0.00,69.15,2
10.25,25.03,38.86,87.40,0.00,94.94,0.00,122.74,0.00,264.24,2
20.37,0.00,24.31,33.27,54.45,20.18,0.00,87.09,0.00,190.14,2
6.15,2.41,7.89,0.88,9.54,14.54,0.00,31.74,3.17,83.74,2
10.57,16.11,21.85,21.06,9.72,40.17,6.70,73.20,0.00,116.15,2
8.57,15.50,0.63,31.60,0.00,57.11,0.00,130.97,0.00,157.16,2
26.96,46.14,9.79,175.56,0.00,141.90,25.03,307.49,6.63,687.84,2
0.00,36.88,0.00,58.72,28.53,136.48,12.32,125.62,0.00,467.11,2
2.84,19.93,3.51,20.57,11.52,41.49,10.80,70.67,0.00,146.07,2
0.00,62.55,51.94,143.22,20.74,199.06,0.00,220.23,47.66,477.32,2
56.84,40.64,8.04,1.48,0.00,72.34,24.61,209.77,0.00,239.72,2
27.59,19.02,0.00,92.28,0.00,21.37,30.39,228.01,7.99,322.06,2
0.00,0.00,1.43,53.22,35.56,243.89,45.83,179.66,21.95,648.83,2
0.00,3.56,0.00,0.00,0.00,150.29,0.00,318.01,0.00,656.03,2
0.00,69.61,150.13,309.14,107.92,0.00,97.07,402.13,27.17,641.86,2
21.86,0.00,33.74,55.28,27.97,64.69,3.97,138.15,0.00,338.37,2
8.18,0.00,0.00,22.73,0.00,20.40,6.85,32.16,0.00,79.08,2
0.00,0.00,0.00,79.81,0.00,74.46,42.89,205.81,16.79,300.66,2
0.00,0.00,0.00,83.07,33.23,216.19,13.57,115.55,0.00,405.64,2
18.76,52.78,10.29,132.83,29.35,71.37,18.72,150.12,64.51,425.79,2
4.12,0.46,0.00,27.92,5.98,13.36,0.00,42.78,8.28,92.91,2
0.00,4.99,4.80,10.67,6.61,29.64,0.44,56.89,0.00,76.87,2
0.00,20.02,0.00,115.25,29.34,132.68,27.22,189.11,0.00,451.10,2
0.00,31.39,25.03,111.54,19.15,201.06,40.10,135.79,0.00,428.32,2
0.00,0.00,5.31,25.31,16.61,78.42,3.38,66.81,8.29,336.18,2
0.00,14.35,52.63,138.09,62.82,122.66,32.74,176.84,15.03,320.45,2
43.98,0.66,70.91,110.56,101.90,100.47,72.40,76.48,0.00,400.21,2
0.00,0.00,55.94,172.61,60.92,128.63,54.58,150.24,6.56,547.86,2
12.34,2.57,43.97,25.82,3.24,34.69,7.72,66.70,0.00,107.97,2
7.80,31.70,0.00,181.25,95.45,164.05,4.27,45.92,38.31,526.53,2
0.00,20.15,0.00,137.19,2.82,116.19,0.00,94.51,21.66,388.93,2
1.77,0.00,3.60,44.35,3.10,128.16,32.94,181.47,0.00,358.82,2
75.25,0.00,0.00,157.38,0.00,166.82,6.02,480.50,0.00,660.04,2
12.51,24.34,36.31,62.79,8.08,44.80,0.00,121.25,37.49,135.75,2
0.00,0.00,0.00,91.21,89.81,102.19,31.80,284.50,22.55,312.78,2
0.00,17.84,12.87,21.01,6.09,64.65,8.26,28.10,17.54,206.23,2
0.00,50.83,11.36,46.25,0.00,160.37,10.62,251.93,0.00,554.12,2
98.77,0.00,12.25,118.77,1.73,295.97,0.00,366.14,2.62,394.51,2
113.22,0.00,0.00,45.05,43.87,117.70,49.47,241.58,36.51,512.75,2
0.00,0.53,5.80,86.12,34.73,132.71,7.55,25.76,14.07,259.11,2
26.83,23.89,1.82,155.82,6.86,144.96,51.40,184.37,52.13,290.57,2
0.00,61.56,42.11,87.62,0.00,97.91,7.53,161.82,0.65,341.15,2
0.00,5.72,4.07,7.13,5.61,6.39,12.24,48.84,0.00,71.99,2
33.96,0.00,0.00,39.30,57.26,50.94,17.85,143.31,34.74,295.90,2
0.00,18.39,0.00,31.75,0.00,47.09,19.41,114.26,6.90,418.66,2
27.74,15.52,4.82,16.03,13.28,38.31,7.05,111.85,0.00,149.74,2
19.96,30.50,89.33,81.06,0.00,129.90,35.72,198.79,0.00,244.83,2
0.00,48.48,0.00,102.86,33.23,167.16,0.00,232.36,0.00,579.56,2
0.00,0.00,4.37,18.47,4.64,28.02,0.00,41.11,2.88,62.54,2
0.00,0.00,172.63,66.77,139.85,141.31,0.00,188.28,25.75,532.22,2
0.00,0.00,64.97,177.10,30.80,115.42,0.00,166.25,14.18,326.51,2
0.00,17.80,0.00,164.99,18.25,68.93,6.37,205.11,4.17,161.36,2
45.40,63.60,18.12,79.80,34.02,102.69,0.00,73.37,0.00,246.88,2
41.06,13.18,0.00,85.65,21.73,83.53,27.72,392.25,50.51,612.99,2
0.00,0.00,15.25,124.03,38.19,147.53,25.78,215.07,12.11,494.12,2
114.60,0.00,12.70,117.99,64.93,245.94,9.65,149.34,0.00,670.16,2
0.00,24.17,65.48,121.25,0.00,126.20,28.87,105.98,54.15,502.18,2
24.48,0.00,58.72,35.79,18.75,139.21,0.00,68.78,0.00,278.06,2
57.12,0.00,111.35,144.60,0.00,81.32,0.00,299.21,0.00,528.26,2
0.00,0.00,13.12,37.70,0.00,62.05,0.02,61.22,0.00,122.95,2
0.00,0.00,57.20,142.93,0.00,67.08,8.77,93.32,0.00,510.58,2
0.00,59.32,72.09,90.45,4.65,80.35,0.00,390.21,83.87,577.05,2
47.64,0.00,24.94,155.66,108.84,159.55,71.19,285.99,73.11,432.36,2
0.00,30.76,6.90,104.57,41.45,213.23,0.00,215.49,0.00,413.87,2
0.00,29.06,5.02,40.67,7.68,56.52,10.91,35.62,11.23,279.29,2
89.18,73.22,0.00,119.85,0.00,338.92,56.69,103.01,19.25,632.27,2
0.00,0.00,35.42,30.05,4.37,35.11,13.76,83.99,26.52,160.99,2
6.04,0.00,4.82,32.77,0.00,44.03,23.02,60.14,0.00,85.10,2
29.44,14.38,38.88,37.42,19.11,47.89,19.38,88.46,18.35,169.11,2
0.00,0.00,0.00,44.44,24.29,132.02,0.00,220.50,61.86,361.20,2
5.35,0.00,0.00,100.42,30.58,86.94,0.00,130.30,10.00,255.76,2
43.25,77.26,0.00,165.15,1.40,326.54,21.33,167.90,39.02,602.35,2
1.13,18.47,13.66,19.11,16.77,11.06,0.00,86.24,11.52,140.79,2
0.00,3.72,22.13,20.76,0.00,18.43,11.74,57.16,37.39,217.24,2
35.67,39.55,4.76,161.35,0.63,122.61,12.14,186.84,0.00,466.87,2
61.08,0.00,0.00,81.76,0.00,97.92,34.73,251.16,51.17,477.84,2
55.90,1.16,0.00,189.94,63.04,232.08,48.22,287.82,54.25,614.04,2
0.00,0.00,0.00,80.54,0.00,166.76,9.63,139.69,0.00,243.93,2
37.05,0.00,66.80,48.86,29.29,196.17,0.00,462.90,32.90,545.43,2
41.27,35.26,0.00,61.48,62.26,68.33,0.00,134.01,68.60,330.05,2
9.89,0.00,21.41,13.22,9.91,24.04,15.55,31.71,8.86,111.07,2
18.64,0.00,41.00,166.25,31.40,215.08,0.00,161.72,21.50,401.21,2
139.79,30.03,83.53,193.93,23.82,34.34,0.00,355.71,0.00,577.02,2
0.00,71.90,0.00,114.81,71.56,104.25,0.00,89.00,46.30,406.12,2
4.62,6.77,13.06,17.84,3.38,70.49,9.14,92.55,0.00,187.67,2
1.34,9.95,11.63,0.78,6.12,23.17,0.00,41.70,23.08,133.32,2
0.00,6.43,61.81,17.70,3.86,139.49,6.05,125.50,45.78,280.08,2
13.96,23.57,0.00,3.20,31.45,52.17,10.24,96.95,20.93,174.54,2
16.94,0.00,29.42,128.55,0.00,257.28,79.53,233.91,30.18,561.90,2
0.00,24.21,2.64,146.20,0.00,86.21,0.00,57.32,0.00,296.18,2
10.42,18.80,15.04,134.55,70.32,132.91,0.97,176.85,0.00,371.66,2
11.64,25.76,14.53,14.88,12.01,6.80,25.78,84.12,16.36,144.41,2
15.57,0.00,9.50,15.40,1.00,35.92,0.00,116.14,0.00,204.03,2
27.01,34.95,10.54,69.70,0.58,0.41,0.00,98.04,0.00,521.31,2
0.00,59.91,19.62,62.27,46.48,164.13,32.62,82.38,0.00,394.31,2
5.80,7.17,9.96,31.51,5.50,43.19,37.12,133.62,23.80,273.26,2
0.00,25.60,69.80,112.16,78.62,115.68,0.00,157.02,0.00,623.49,2
0.00,36.08,126.36,215.87,0.00,236.81,34.89,259.80,11.67,548.49,2
7.22,0.00,8.11,20.72,0.00,32.23,0.00,9.92,2.65,70.54,2
0.00,103.59,127.79,173.57,84.76,231.49,49.56,138.21,49.68,606.64,2
1.91,6.16,4.03,27.53,2.97,25.37,0.00,32.43,0.00,83.17,2
0.00,39.03,0.00,95.66,48.71,64.37,44.58,308.59,5.72,545.29,2
0.00,18.35,38.85,108.20,40.32,69.32,0.00,164.05,0.00,275.68,2
6.30,5.06,4.64,10.03,5.06,7.60,0.00,75.81,5.10,92.22,2
23.61,25.05,57.25,46.37,44.70,94.71,33.84,40.27,23.16,228.73,2
48.91,0.00,68.89,65.37,80.64,151.56,0.00,127.74,3.96,547.58,2
9.73,15.47,0.00,26.59,0.00,45.54,4.91,145.72,24.33,176.25,2
37.17,0.00,18.94,85.99,37.82,76.22,0.28,161.21,0.00,369.99,2
53.24,5.23,46.06,123.73,83.53,175.33,6.84,193.58,0.00,372.23,2
8.47,0.00,26.66,52.95,17.10,100.64,0.12,81.86,0.00,192.13,2
46.08,0.00,105.74,74.36,46.35,70.46,13.04,404.65,68.53,670.57,2
37.31,1.77,0.00,44.61,0.00,117.46,0.00,139.13,0.00,509.02,2
0.00,0.00,13.76,30.74,25.13,47.00,5.83,93.31,9.61,190.28,2
48.97,57.99,0.00,75.62,27.33,155.20,0.00,193.61,96.62,428.57,2
19.82,60.72,0.00,93.70,71.40,204.65,0.00,306.29,28.45,850.93,2
31.24,58.07,13.99,152.37,67.41,235.09,0.00,386.66,37.17,583.13,2
0.00,9.82,10.69,48.02,17.94,97.58,14.67,148.24,0.00,187.45,2
0.00,20.77,0.00,70.07,52.45,88.28,32.85,269.24,0.00,452.88,2
92.98,0.00,19.67,94.52,29.95,165.05,50.85,123.34,5.42,546.57,2
0.00,17.29,48.18,37.40,34.93,80.15,21.52,121.97,0.00,325.80,2
6.69,7.58,14.38,58.00,3.57,95.41,0.00,106.45,20.61,262.58,2
98.00,4.32,49.42,324.23,101.35,257.79,10.27,35.43,79.72,692.61,2
0.00,0.00,48.19,130.98,22.94,5.90,12.89,253.14,14.86,373.46,2
0.00,11.91,3.48,32.23,0.00,25.00,10.11,28.19,7.12,81.25,2
20.84,21.19,16.10,22.15,0.60,56.50,13.65,48.55,0.00,184.33,2
5.12,14.04,3.08,14.68,3.77,18.20,3.44,56.54,17.94,85.55,2
0.00,51.86,0.00,32.93,22.01,57.37,1.00,270.64,0.00,645.73,2
0.00,0.94,2.57,11.17,0.00,34.37,3.55,21.76,0.00,74.78,2
0.00,30.67,9.64,9.37,49.16,151.32,0.00,161.71,2.93,285.80,2
10.09,31.85,24.61,81.62,4.26,111.05,33.78,58.81,0.00,288.84,2
17.00,9.55,0.00,31.70,0.00,19.15,0.00,27.81,20.90,170.79,2
50.98,83.62,0.00,123.14,0.00,121.57,84.55,131.62,22.08,531.37,2
4.21,2.85,13.17,9.91,0.00,27.82,0.00,68.32,0.00,128.40,2
0.00,24.59,19.23,52.59,0.00,19.04,0.00,189.21,0.00,173.76,2
34.33,0.00,0.00,227.44,0.00,283.04,0.00,306.25,0.00,635.09,2
28.41,26.13,0.00,42.53,22.59,34.37,5.97,27.01,1.07,289.72,2
0.00,6.66,33.84,64.90,24.59,8.99,0.00,133.01,0.00,199.32,2
58.07,83.90,21.34,185.76,65.96,72.96,0.00,117.59,0.00,420.61,2
40.62,13.85,0.00,65.63,8.67,71.39,0.00,19.48,0.00,474.30,2
1.52,0.00,0.00,21.48,4.72,30.90,6.06,36.97,0.50,61.50,2
58.10,35.13,17.15,0.00,90.66,51.52,0.00,240.17,0.00,423.40,2
14.58,0.00,0.63,41.68,10.29,22.35,0.00,38.65,0.00,239.87,2
0.00,0.00,0.00,150.89,43.75,154.84,86.81,275.20,35.67,581.34,2
15.27,37.48,8.78,45.41,20.12,42.43,26.05,1.63,110.46,17.36,3
103.00,62.13,1.63,64.75,52.95,60.55,33.64,3.87,196.27,54.32,3
111.84,38.56,44.52,118.47,42.86,82.72,12.75,112.87,265.97,174.62,3
10.37,75.18,0.00,21.79,63.62,29.34,99.40,12.22,197.69,77.82,3
51.21,68.40,46.59,83.57,0.00,152.77,51.49,38.11,244.22,53.23,3
45.58,78.77,30.48,113.09,52.71,41.16,8.10,3.56,183.04,75.75,3
39.37,9.65,74.17,95.43,121.30,51.99,69.27,64.85,155.53,99.69,3
91.77,64.12,55.79,43.66,90.42,68.56,256.59,56.06,179.66,244.77,3
6.54,66.68,61.47,53.95,55.51,81.03,19.16,0.00,121.22,29.30,3
45.57,101.79,74.11,128.28,33.12,135.52,157.49,0.00,310.13,107.91,3
40.05,24.21,17.72,20.24,22.13,16.96,25.85,6.18,57.54,42.05,3
45.44,111.16,93.00,11.45,74.66,112.46,78.58,63.25,222.45,185.76,3
51.01,66.62,115.83,29.61,18.56,96.06,69.71,0.00,137.79,114.54,3
147.33,149.69,46.91,88.31,125.50,134.43,95.52,134.74,259.49,142.44,3
19.36,19.13,14.17,45.64,82.21,21.24,0.00,21.31,175.09,101.99,3
135.74,161.62,50.28,64.55,113.29,251.76,172.75,96.39,239.48,138.26,3
10.64,8.18,7.45,12.06,9.41,0.92,14.79,10.77,40.96,23.60,3
29.93,24.07,26.26,39.93,24.14,25.08,45.62,26.77,95.69,0.00,3
161.34,95.26,15.30,50.46,69.39,217.90,104.50,113.11,476.99,172.13,3
79.31,107.30,178.56,115.01,52.51,44.72,147.88,79.48,199.82,117.41,3
38.57,32.60,8.28,12.40,5.81,14.21,22.47,3.27,61.79,21.85,3
21.17,25.16,15.65,9.31,9.31,19.99,17.06,11.05,70.12,32.57,3
160.33,179.27,73.67,65.49,74.86,142.26,119.69,64.34,329.40,172.25,3
107.61,118.20,67.07,97.80,73.42,126.98,78.21,0.00,372.68,86.81,3
105.41,118.62,111.83,144.64,120.71,81.26,140.99,54.66,389.74,227.23,3
143.98,31.65,15.36,95.61,101.67,94.62,15.72,0.00,229.76,60.83,3
55.84,104.02,16.38,4.51,66.21,194.08,171.42,131.79,310.59,211.30,3
32.17,20.09,117.13,32.36,53.97,113.09,44.10,41.38,247.62,103.75,3
50.57,0.00,44.73,77.80,45.07,40.78,78.69,27.89,175.84,40.41,3
40.47,18.14,5.13,0.00,6.15,24.04,15.48,0.00,60.85,2.28,3
49.78,52.82,34.31,21.52,0.00,27.30,20.57,5.58,79.64,14.71,3
201.83,149.19,108.37,116.43,65.98,0.00,92.48,74.07,307.94,66.78,3
59.46,97.02,4.91,0.00,0.00,113.64,128.14,31.10,310.57,42.10,3
43.63,55.28,40.54,33.69,47.17,74.69,66.50,48.38,119.75,14.71,3
10.91,10.15,0.00,15.26,17.73,18.55,11.34,15.66,37.31,12.47,3
16.20,38.43,23.54,22.30,10.73,0.00,9.26,8.76,85.80,32.65,3
90.71,80.82,0.00,118.93,103.80,20.35,151.64,35.10,220.18,126.30,3
107.90,75.89,56.82,16.64,70.32,43.24,96.77,0.00,144.66,135.88,3
119.92,153.11,57.30,70.80,94.48,85.64,101.32,27.61,214.52,69.83,3
73.44,48.87,77.96,60.53,33.31,35.67,45.68,18.37,181.63,123.65,3
84.04,43.60,52.23,52.59,73.29,64.58,36.23,0.00,178.78,52.60,3
11.63,2.07,17.07,7.09,16.62,53.67,22.13,47.21,95.71,44.71,3
90.73,23.61,95.09,91.67,70.97,82.54,11.49,78.42,177.90,76.20,3
195.37,137.28,101.58,121.90,76.88,0.00,103.87,106.98,312.55,172.54,3
27.37,18.65,36.41,6.36,6.27,10.48,18.63,10.42,74.47,40.73,3
140.44,78.42,41.53,110.03,130.77,178.93,2.79,192.69,335.57,98.28,3
41.74,42.33,29.15,90.81,42.08,57.34,96.44,21.24,144.87,74.85,3
41.92,102.68,48.51,53.15,73.34,69.86,69.43,11.44,94.63,92.60,3
48.02,37.99,55.46,33.10,31.33,10.41,75.49,46.91,186.57,21.10,3
13.32,20.60,35.54,19.26,26.40,32.34,26.65,0.00,94.05,30.86,3
51.15,79.16,51.34,26.73,55.21,9.39,76.04,12.38,125.89,98.13,3
42.68,45.12,26.61,19.37,31.52,59.37,41.24,4.79,109.32,37.66,3
14.66,85.55,38.83,17.27,48.71,62.05,105.35,14.70,311.50,139.57,3
60.47,47.75,50.10,0.00,48.73,23.16,44.16,0.00,94.72,37.19,3
134.52,117.43,114.01,49.59,7.49,91.57,158.21,122.63,254.65,102.06,3
124.45,54.73,112.30,17.82,35.08,110.18,111.69,16.43,295.56,173.21,3
12.76,29.03,8.08,11.11,6.83,44.92,43.77,28.30,82.42,20.62,3
64.56,53.73,77.29,38.85,56.53,91.72,100.68,11.43,204.06,105.56,3
139.48,48.67,34.80,68.73,0.00,160.98,91.67,59.57,382.43,144.54,3
2.55,0.00,17.23,11.59,8.40,36.00,32.01,32.02,79.91,5.99,3
93.58,109.45,64.96,56.77,175.68,153.21,155.32,30.95,213.98,114.46,3
54.12,63.60,16.97,40.85,43.28,30.09,40.39,0.00,131.62,20.56,3
80.77,112.14,0.00,107.69,129.96,48.54,119.58,0.00,162.91,39.13,3
29.83,36.49,55.35,23.35,19.04,66.52,32.60,54.11,102.90,74.19,3
42.66,1.70,51.42,43.50,27.64,13.59,71.02,20.18,158.08,111.02,3
69.72,26.31,21.83,34.76,38.47,5.32,35.52,18.09,97.19,44.05,3
122.75,43.77,0.00,76.94,13.67,123.47,112.19,37.46,186.02,100.78,3
49.24,9.55,4.54,54.36,25.15,38.11,46.92,77.78,199.19,38.36,3
0.00,93.53,48.36,16.27,45.58,83.14,107.88,32.06,250.10,77.82,3
126.42,67.79,123.71,147.61,142.75,48.40,158.14,82.88,294.66,198.40,3
7.25,26.59,35.27,17.30,25.33,28.07,6.57,0.00,50.14,22.83,3
28.93,22.95,15.85,105.57,6.86,17.51,51.92,35.40,181.23,56.56,3
9.68,15.32,4.64,17.20,20.53,20.74,26.41,24.96,52.74,22.30,3
56.24,30.67,74.38,21.06,8.64,81.47,85.77,0.00,116.42,85.01,3
10.02,108.18,60.13,98.52,40.68,66.06,145.66,56.07,313.54,65.97,3
97.77,6.59,26.99,18.86,106.54,113.78,0.20,33.33,239.64,63.05,3
44.75,29.82,25.65,49.96,20.76,46.62,36.55,31.37,87.92,36.26,3
107.83,62.91,55.01,50.00,38.39,67.25,99.55,66.38,270.32,91.09,3
12.01,9.14,7.56,2.78,0.00,35.22,20.41,1.47,51.91,15.14,3
96.64,123.05,78.89,91.04,153.63,99.08,126.19,127.88,231.01,242.11,3
60.27,35.54,61.20,102.91,44.65,24.19,91.98,36.44,229.64,143.51,3
74.76,67.50,35.31,100.22,204.51,50.80,99.76,84.63,324.63,205.71,3
81.92,28.40,45.85,26.45,5.60,58.22,33.74,44.23,125.28,101.39,3
87.59,97.51,26.91,75.91,34.78,36.55,63.86,24.09,138.77,51.80,3
36.08,22.68,0.00,26.88,6.45,7.79,22.67,18.57,108.92,62.29,3
32.10,52.67,48.71,23.03,5.88,32.44,46.21,0.00,97.45,25.02,3
39.14,83.94,44.61,31.20,13.57,77.32,77.18,0.00,96.99,74.19,3
48.59,47.95,55.49,27.42,35.78,59.47,93.09,0.00,109.17,43.44,3
94.95,150.39,138.30,62.32,68.87,67.12,131.00,66.17,254.02,171.23,3
171.92,142.63,69.14,98.30,49.42,52.45,76.11,0.00,292.65,204.89,3
54.40,122.46,105.90,86.36,116.52,20.71,178.67,57.45,198.23,0.00,3
22.49,19.81,20.92,26.45,8.48,22.42,5.82,14.25,63.72,30.91,3
126.39,43.73,15.74,32.24,55.43,50.60,55.64,6.07,140.31,62.42,3
14.85,55.75,29.67,27.25,23.29,19.39,27.97,27.18,102.77,15.22,3
31.94,27.48,11.76,14.34,42.92,34.58,23.39,22.26,77.12,49.32,3
0.00,25.97,5.91,21.09,16.91,37.23,27.53,27.56,90.79,37.22,3
121.27,58.66,73.63,136.90,100.79,52.68,160.17,44.85,227.93,124.52,3
22.82,23.95,10.62,0.80,35.22,28.89,34.62,0.00,66.07,15.34,3
17.64,50.68,75.13,56.27,21.21,67.20,12.92,84.78,184.50,112.10,3
37.78,58.65,176.74,17.05,108.56,100.83,140.93,30.96,128.55,98.97,3
57.18,80.94,57.61,34.27,0.00,55.61,34.48,0.00,230.03,156.82,3
73.52,0.00,58.70,73.86,58.52,26.93,124.84,69.51,274.79,112.31,3
58.54,43.81,50.18,47.85,50.93,51.60,33.66,27.20,118.59,40.35,3
36.87,69.65,50.59,141.11,36.74,131.28,74.99,80.30,360.04,166.98,3
51.71,63.81,88.27,30.80,109.48,60.65,42.69,43.10,102.49,68.79,3
71.37,74.96,26.77,78.87,38.96,119.88,69.12,47.44,170.82,33.81,3
174.13,120.71,59.51,34.86,65.99,106.76,48.93,138.76,271.84,129.14,3
68.63,41.04,109.69,76.92,91.88,157.19,153.00,62.80,332.95,47.49,3
92.88,49.99,94.03,40.03,55.67,13.46,44.03,0.00,194.82,42.41,3
30.71,55.91,20.25,5.96,46.31,8.45,21.67,50.70,73.11,34.56,3
24.78,23.02,0.27,37.33,8.77,32.68,48.65,0.00,93.61,36.32,3
65.91,59.46,23.35,17.89,65.04,42.58,53.00,15.92,132.43,66.16,3
78.61,163.75,61.94,59.86,80.21,127.66,125.35,77.84,281.69,0.00,3
15.11,17.92,8.64,8.57,3.74,19.62,6.15,7.80,46.05,14.13,3
20.57,28.32,6.06,13.46,9.67,42.92,23.73,2.36,86.41,67.50,3
191.57,124.03,23.43,127.01,96.10,104.50,199.50,116.61,237.23,222.84,3
136.38,34.41,36.59,14.40,47.55,55.96,72.19,72.30,194.70,127.96,3
0.00,24.43,53.34,41.60,36.09,33.42,57.28,0.00,117.57,61.80,3
22.52,43.81,25.61,15.84,28.31,3.58,41.41,11.00,81.98,32.37,3
76.96,106.34,3.09,79.93,18.41,50.08,113.38,33.74,180.91,79.29,3
65.12,119.43,47.03,10.99,12.31,83.40,88.38,86.24,194.88,132.06,3
32.14,32.40,25.82,13.57,14.56,9.20,25.62,17.69,65.56,28.76,3
93.96,82.93,35.39,180.12,85.75,126.11,106.16,0.00,264.53,161.78,3
201.79,145.34,195.08,65.71,51.23,70.76,0.00,0.00,470.30,141.07,3
122.08,133.15,54.18,86.35,46.19,75.77,85.01,112.96,382.11,138.46,3
73.62,55.91,110.34,21.57,102.40,59.13,70.97,0.00,243.27,40.07,3
167.19,49.97,67.12,120.68,61.98,128.42,110.52,87.99,422.66,248.11,3
97.97,57.51,73.10,81.62,46.93,59.90,19.75,9.99,211.24,60.36,3
131.62,0.00,96.77,2.44,0.00,103.68,108.88,17.86,331.65,200.36,3
52.95,37.01,66.34,64.41,20.12,50.38,99.31,0.00,162.99,29.01,3
57.57,59.32,31.58,35.01,115.12,93.66,94.49,43.12,79.58,4.55,3
77.55,73.03,20.27,56.48,4.17,56.25,70.08,32.80,143.40,37.47,3
152.78,146.76,102.74,19.95,120.03,128.93,161.96,75.11,249.39,150.72,3
20.17,15.85,4.73,6.49,0.00,25.72,25.88,13.21,36.35,33.04,3
143.57,31.39,75.48,57.66,71.82,85.97,196.55,10.77,273.59,209.71,3
29.91,62.07,21.56,17.66,89.55,35.12,88.51,44.42,117.35,108.60,3
33.56,35.74,29.89,56.86,9.83,62.01,61.59,37.28,148.91,47.82,3
92.68,52.93,75.63,53.61,21.07,11.06,84.85,0.00,193.75,57.51,3
51.19,43.39,16.51,77.96,34.01,42.89,85.66,52.31,81.80,54.61,3
148.29,134.29,83.44,96.85,65.96,101.85,279.27,65.29,350.31,64.00,3
130.88,101.47,112.79,69.05,93.78,120.07,148.71,23.80,133.83,81.57,3
166.55,146.02,107.14,105.19,42.20,92.90,6.73,55.63,284.29,42.53,3
76.12,70.88,22.33,74.09,105.18,83.61,89.67,51.26,348.56,77.22,3
108.96,72.21,80.79,151.11,75.66,83.68,94.27,10.35,314.27,78.45,3
5.81,43.09,29.94,18.06,117.00,84.29,119.44,52.61,198.60,79.92,3
53.20,77.68,79.13,46.62,30.38,23.64,110.40,40.93,133.59,104.27,3
18.19,14.12,33.65,17.93,17.56,30.58,29.02,0.00,72.19,51.41,3
143.94,57.60,142.27,63.52,130.55,143.11,84.36,70.31,78.55,145.19,3
11.01,25.17,10.41,9.06,15.53,23.93,10.09,7.29,32.64,14.47,3
131.68,61.51,59.39,92.19,118.28,31.28,49.06,61.60,249.71,50.34,3
70.79,58.36,7.32,44.16,28.75,69.40,123.46,42.85,244.83,171.92,3
100.30,192.89,121.67,79.80,128.75,237.44,187.75,69.22,205.34,231.06,3
42.63,18.57,44.66,45.22,0.00,45.03,55.68,32.04,73.04,69.94,3
115.59,62.75,91.60,91.43,101.56,219.28,58.11,31.71,467.41,108.55,3
197.25,107.05,53.67,23.38,23.08,164.51,81.32,107.68,363.30,48.20,3
87.95,51.56,22.42,54.07,46.85,37.40,48.40,42.24,151.04,37.36,3
158.95,180.98,50.45,103.58,58.74,41.08,63.52,13.34,168.16,153.89,3
65.46,104.66,55.35,63.13,50.85,80.67,25.98,31.35,124.72,178.84,3
54.36,30.93,15.01,35.07,0.00,37.49,22.72,5.99,104.82,79.93,3
242.18,164.06,132.00,63.44,17.37,165.09,50.46,73.45,350.62,93.94,3
24.15,1.86,29.45,6.08,43.86,34.54,24.75,40.80,125.29,63.01,3
156.54,137.13,96.60,93.52,64.91,99.36,53.39,63.34,231.71,127.61,3
75.23,71.00,95.09,111.26,71.28,85.70,14.49,65.60,206.63,63.68,3
35.39,53.13,69.72,100.56,47.21,43.63,104.22,0.00,148.92,51.64,3
43.64,33.20,19.71,19.05,47.56,94.40,31.15,42.48,131.70,71.83,3
47.32,58.07,22.47,58.66,60.39,70.59,39.29,0.00,217.69,80.57,3
51.87,44.20,39.56,15.61,9.33,68.14,75.95,22.92,76.73,26.07,3
157.54,96.79,44.70,205.60,145.18,176.20,146.90,115.07,277.12,212.81,3
37.48,39.59,20.22,88.24,50.59,12.96,48.26,41.83,119.87,66.83,3
12.67,57.24,11.40,52.05,18.80,24.14,39.54,0.00,107.05,41.34,3
121.60,126.44,129.23,24.41,82.56,102.30,137.16,25.93,228.82,65.32,3
16.70,11.79,10.00,18.05,0.00,20.46,19.19,23.15,56.62,17.44,3
38.16,11.87,84.79,84.29,120.19,23.27,66.14,0.00,231.90,95.47,3
160.53,0.00,0.00,85.28,0.00,87.13,177.61,117.77,460.69,106.18,3
91.34,32.75,14.67,111.75,24.28,63.35,39.83,85.31,207.74,90.88,3
14.16,26.14,0.00,43.97,48.73,74.04,60.49,0.00,104.50,45.40,3
43.75,37.93,46.71,55.75,1.52,25.80,52.80,1.60,66.31,25.41,3
43.97,52.52,4.67,0.00,0.00,27.37,34.13,26.57,108.86,87.08,3
189.35,15.63,110.38,92.86,149.32,114.50,162.30,46.48,211.99,207.28,3
71.01,42.47,42.43,76.19,58.77,27.30,60.60,44.50,217.83,46.46,3
12.63,0.00,29.37,45.18,27.39,63.06,54.98,25.19,134.22,96.52,3
4.36,7.66,17.37,6.35,9.00,22.07,12.68,8.99,27.97,14.78,3
79.01,170.51,153.49,117.96,68.54,129.82,101.23,14.21,228.61,46.11,3
32.09,30.63,29.20,23.23,21.00,12.81,16.91,12.20,56.74,18.01,3
6.69,18.75,15.59,19.11,0.00,32.38,27.03,31.31,48.33,29.18,3
10.13,28.41,1.53,22.43,13.70,13.10,4.42,5.75,45.52,14.15,3
46.97,46.35,59.81,56.55,60.84,43.10,31.51,41.47,135.83,26.68,3
106.89,53.55,4.53,83.77,37.77,27.27,141.83,0.90,209.64,75.74,3
66.05,29.99,34.44,76.90,6.19,86.94,90.96,27.18,182.79,48.58,3
25.93,9.54,62.34,33.62,37.23,67.55,78.57,34.20,139.21,96.43,3
43.65,0.00,38.33,79.97,51.51,73.14,48.37,19.21,142.86,43.73,3
16.63,14.34,15.15,8.83,26.29,32.97,21.34,20.52,45.59,38.65,3
45.11,25.79,13.74,61.00,31.24,26.57,10.28,11.29,99.24,47.83,3
20.30,78.19,11.05,22.69,0.00,16.60,17.36,18.16,66.66,38.53,3
31.04,25.44,14.35,48.86,14.98,9.26,51.47,8.98,90.57,24.86,3
141.03,113.65,65.59,25.83,0.00,44.56,66.26,50.64,237.71,100.73,3
207.28,98.71,97.38,133.15,178.46,93.21,0.00,20.83,348.78,191.58,3
33.38,28.04,16.90,8.21,11.88,24.08,7.34,9.74,49.65,0.00,3
22.72,71.02,85.61,127.05,112.11,151.22,104.41,64.49,277.95,102.77,3
137.09,83.98,11.76,43.76,33.22,148.11,80.28,22.48,165.76,47.94,3
50.79,54.12,42.40,71.08,30.18,53.62,13.79,19.96,79.00,51.37,3
111.82,66.76,0.00,49.64,135.89,46.12,53.53,0.00,212.66,65.89,3
6.32,15.24,15.92,6.87,0.00,24.37,16.20,5.90,41.92,24.46,3
45.73,7.60,98.01,53.87,57.14,121.59,57.57,0.00,233.11,102.53,3
89.60,91.04,34.08,42.29,71.74,101.72,127.78,26.57,177.86,114.06,3
196.84,59.65,116.38,80.08,68.76,129.38,68.64,103.62,312.20,5.04,3
25.12,40.46,32.62,8.51,20.59,19.04,4.38,17.76,46.08,48.42,3
88.96,63.15,10.19,59.23,64.40,44.47,17.01,53.20,107.67,28.23,3
38.98,14.74,16.98,26.63,52.56,20.26,46.50,21.34,56.98,31.62,3
10.14,29.44,12.57,29.11,33.73,64.20,26.93,30.53,107.35,10.74,3
111.52,82.72,83.38,91.29,57.93,59.15,63.51,52.12,342.45,23.00,3
79.36,63.07,13.51,30.97,39.45,108.92,98.46,39.81,94.84,74.69,3
174.79,131.67,39.87,13.11,147.92,152.86,127.10,70.76,233.41,168.76,3
0.00,37.48,42.73,36.94,9.13,15.83,3.37,29.08,72.98,5.43,3
35.53,28.87,17.34,32.52,3.70,48.34,11.89,17.50,63.62,44.45,3
63.53,27.75,0.00,47.24,64.75,51.60,29.34,0.00,144.22,60.22,3
23.89,15.56,9.14,32.10,10.33,27.34,38.55,34.07,79.67,30.90,3
11.92,23.16,34.12,43.44,0.00,39.88,26.84,10.38,96.41,46.68,3
36.47,19.34,64.31,44.42,54.71,52.82,67.69,58.34,125.55,122.34,3
104.44,67.88,122.63,99.25,101.81,91.42,133.62,0.00,276.24,29.53,3
99.12,86.73,10.92,79.76,82.29,52.55,82.83,93.54,112.27,182.74,3
59.30,45.25,22.64,8.67,25.46,63.75,90.17,0.00,127.08,40.42,3
42.08,35.39,26.70,47.71,20.18,50.05,91.11,7.40,60.93,0.00,3
71.56,13.84,11.71,62.02,31.42,101.14,26.81,25.42,130.05,100.58,3
97.92,116.50,236.55,54.82,164.04,227.91,155.36,19.01,318.32,39.57,3
135.75,108.40,43.15,168.62,64.26,108.55,222.76,48.19,289.68,234.51,3
109.25,104.74,105.37,62.69,133.72,67.64,109.14,17.92,276.39,68.31,3
61.51,50.04,38.56,32.99,0.00,28.18,45.35,12.93,239.53,55.43,3
220.11,81.99,114.94,12.32,70.87,123.11,99.73,42.76,337.05,212.15,3
69.78,49.18,40.34,7.54,38.03,19.65,43.38,0.00,127.42,63.62,3
26.36,30.56,3.84,7.63,0.00,34.28,44.32,0.00,56.67,33.96,3
131.67,80.32,73.32,51.67,109.59,25.64,115.70,24.04,217.84,88.29,3
4.09,19.08,23.41,24.32,24.42,37.83,36.28,0.00,48.96,7.53,3
36.00,27.14,25.06,29.86,32.83,44.23,28.77,32.47,129.96,13.69,3
133.33,125.07,111.21,71.43,72.71,62.88,150.53,56.93,246.59,12.46,3
63.69,90.76,69.60,9.26,87.09,105.57,32.49,99.55,147.34,39.44,3
52.65,42.38,39.77,28.78,29.60,5.35,55.67,9.49,84.94,32.39,3
26.34,10.62,27.76,49.43,37.63,35.66,18.69,46.54,72.32,50.35,3
49.51,57.09,28.36,51.40,47.61,42.04,58.60,12.61,128.21,58.94,3
51.26,108.59,34.13,59.78,39.87,127.68,120.02,68.40,361.82,206.99,3
100.84,61.87,0.00,24.20,0.00,155.41,51.35,56.51,295.30,153.20,3
11.56,0.00,20.52,18.55,30.42,53.48,28.40,46.42,90.55,46.27,3
60.85,112.20,40.56,113.63,127.86,86.97,59.42,20.14,324.62,29.18,3
107.19,9.92,0.00,80.18,74.70,171.54,205.82,0.00,396.87,154.33,3
8.21,15.65,53.41,0.00,85.42,70.98,98.29,13.20,247.68,39.46,3
128.24,91.24,187.23,0.00,56.94,54.08,112.65,0.00,298.99,179.62,3
153.19,1.67,8.21,46.18,0.00,120.10,85.04,0.00,205.60,112.00,3
18.80,8.04,0.00,12.00,7.80,17.02,12.04,0.99,30.83,15.72,3
12.74,44.44,12.33,23.91,19.45,10.45,30.03,20.39,79.84,42.06,3
91.31,61.14,35.91,17.11,46.83,20.65,156.94,0.00,130.29,78.42,3
18.15,85.31,109.40,41.98,115.06,94.79,59.99,54.50,149.32,38.48,3
51.88,174.54,0.00,80.40,52.27,154.82,72.38,56.29,169.47,76.41,3
72.05,83.73,109.35,111.31,35.16,56.98,82.95,4.20,239.54,97.57,3
77.54,33.33,0.00,64.09,40.08,48.09,15.35,0.00,139.29,49.78,3
68.24,62.56,27.60,42.59,73.72,119.77,95.13,65.42,258.42,115.54,3
57.96,0.00,42.85,41.93,14.03,63.58,48.77,8.07,173.84,18.91,3
76.69,137.58,14.77,30.24,21.19,45.10,71.27,61.05,162.06,80.40,3
13.46,16.06,21.29,1.40,10.14,8.34,31.04,9.18,43.48,19.28,3
27.75,43.56,46.56,23.16,38.44,45.80,63.74,5.21,52.96,24.84,3
102.26,96.10,0.00,69.15,17.41,36.45,63.23,16.29,193.16,53.12,3
98.89,40.09,63.64,100.99,182.00,85.49,127.85,45.44,220.88,60.67,3
223.23,194.62,154.12,86.45,0.00,75.02,128.38,25.17,171.27,108.46,3
66.54,97.23,75.53,64.88,48.81,116.65,98.59,50.42,224.67,135.86,3
56.73,5.08,23.80,26.03,59.64,38.97,97.39,27.01,100.96,44.48,3
71.99,67.52,0.00,12.21,55.71,16.77,99.51,0.84,265.32,15.95,3
11.80,30.62,13.38,11.02,14.70,25.91,23.75,8.54,50.46,20.79,3
154.06,160.11,37.20,66.35,39.03,111.11,120.83,6.11,373.48,175.72,3
21.42,11.12,0.00,21.64,3.96,8.77,29.16,9.02,79.52,28.46,3
27.13,41.31,84.67,81.56,39.87,74.91,46.81,55.60,95.51,71.70,3
151.17,146.89,151.47,58.53,151.46,87.67,116.84,61.24,334.78,175.62,3
23.94,148.04,76.97,0.00,80.04,150.93,141.90,51.88,156.89,94.29,3
58.87,87.39,27.81,23.87,13.20,50.08,29.03,0.00,174.05,39.32,3
81.25,60.39,66.78,68.04,230.61,130.13,155.22,0.00,165.72,122.04,3
53.30,26.47,36.73,44.93,46.24,49.74,2.46,64.60,80.21,45.49,3
164.72,145.49,71.84,97.60,80.55,72.62,126.23,57.14,243.01,7.95,3
61.53,29.59,0.00,15.17,67.77,86.34,62.87,27.47,187.89,118.68,3
236.23,86.48,91.39,1.02,78.95,176.22,20.53,21.28,406.13,135.28,3
155.36,70.91,87.56,77.89,186.14,106.18,263.41,170.38,250.68,188.01,3
9.86,16.37,12.02,14.52,8.39,17.65,15.15,5.93,32.38,5.44,3
15.47,9.27,15.83,0.00,17.39,18.80,1.22,3.29,39.24,35.40,3
21.97,57.96,39.44,18.36,38.40,47.31,38.33,20.24,97.54,24.97,3
42.85,47.49,100.58,112.57,87.89,124.81,39.55,68.40,279.71,128.41,3
91.80,108.79,62.99,78.38,54.64,109.41,102.30,88.53,218.40,129.84,3
178.01,132.30,35.36,9.65,128.38,89.70,144.00,143.52,266.44,152.42,3
17.45,19.68,35.00,34.55,44.35,27.37,60.44,8.32,132.15,65.65,3
38.37,89.21,0.00,34.65,0.00,45.28,45.48,6.21,92.05,46.35,3
64.34,110.98,29.18,53.15,39.87,83.83,69.95,0.00,196.44,143.83,3
72.95,62.89,82.47,70.51,89.39,108.95,81.10,113.03,146.47,194.76,3
115.52,188.52,144.29,102.71,85.99,0.00,107.31,106.65,221.84,91.65,3
75.82,59.07,11.29,78.41,0.00,21.05,95.35,34.47,186.90,116.96,3
189.06,154.56,96.20,157.04,0.00,115.35,26.59,5.64,290.70,102.25,3
82.23,77.31,35.58,49.35,61.51,73.77,15.19,18.62,158.54,46.54,3
20.66,30.66,69.31,55.36,58.06,139.01,82.92,36.33,109.03,76.73,3
103.48,68.11,43.85,50.46,26.30,36.75,76.99,0.00,217.75,76.72,3
41.91,36.40,17.68,33.31,21.63,53.60,30.66,0.00,68.75,34.11,3
12.17,25.17,8.45,5.66,9.36,14.36,20.68,9.17,54.31,1.49,3
58.62,122.75,97.86,2.11,18.75,220.60,107.73,11.82,343.79,126.20,3
27.75,46.41,63.38,143.93,80.58,133.49,203.62,22.67,254.83,50.47,3
110.16,73.76,15.95,51.19,55.34,11.88,37.05,43.45,190.45,96.93,3
36.59,74.33,59.76,85.09,34.52,58.79,35.69,23.91,302.69,35.75,3
107.83,108.07,20.97,30.24,17.20,44.64,75.81,31.68,143.58,105.22,3
158.65,111.23,74.02,122.58,116.98,174.73,204.11,0.00,385.48,123.57,3
162.03,180.20,9.71,127.46,54.88,52.31,46.03,51.79,327.18,171.34,3
47.34,87.77,20.73,10.06,29.91,65.67,48.50,0.00,169.62,28.86,3
8.74,20.90,7.67,14.03,16.50,9.55,1.27,0.00,40.20,18.41,3
13.85,8.85,20.57,21.24,6.32,27.53,14.86,0.00,50.05,5.81,3
83.14,60.90,4.90,15.22,97.19,55.93,73.79,42.12,113.71,108.29,3
108.45,71.32,38.71,49.21,70.24,126.25,62.49,38.36,231.50,117.43,3
93.95,117.06,2.25,29.57,57.12,63.26,163.43,8.51,287.21,79.89,3
159.61,109.89,59.10,184.25,79.67,59.24,89.75,48.43,195.90,145.48,3
60.82,64.87,13.52,113.50,150.71,96.04,132.75,76.17,354.77,136.12,3
89.86,55.89,12.81,23.39,29.40,94.77,31.73,2.68,89.52,92.22,3
99.39,145.88,110.05,95.88,99.37,148.99,108.42,29.79,323.90,197.92,3
20.84,9.73,17.24,5.63,20.38,23.27,38.33,21.52,103.25,2.52,3
47.28,59.44,46.96,74.48,41.64,127.73,54.53,1.50,172.77,105.67,3
115.48,52.60,79.73,45.33,46.60,94.45,99.29,0.00,191.66,137.80,3
41.10,25.28,0.00,28.66,102.08,95.20,52.19,19.49,160.85,84.18,3
102.46,125.76,71.64,118.84,142.31,150.85,102.02,76.09,242.86,62.82,3
29.54,15.51,25.49,9.88,29.08,0.09,14.38,0.43,50.63,20.93,3
38.06,11.63,27.50,10.87,23.90,62.63,61.86,18.75,99.68,35.43,3
59.95,51.69,68.53,6.11,34.43,74.69,18.27,45.65,233.78,89.78,3
19.66,21.35,4.41,8.77,4.67,13.69,1.70,10.61,41.65,15.82,3
32.91,34.05,27.73,37.75,7.07,64.64,0.00,0.00,92.82,63.92,3
180.43,115.37,24.01,34.41,23.04,85.53,8.77,127.87,277.85,133.80,3
106.62,68.02,70.05,12.93,97.82,75.98,130.28,70.62,181.45,128.77,3
14.21,25.10,15.94,0.00,0.00,21.11,10.68,14.84,58.27,12.46,3
104.92,92.96,29.12,39.31,56.83,121.49,47.28,51.38,269.34,107.59,3
60.04,155.00,46.19,29.30,106.31,59.78,169.86,100.34,122.30,66.84,3
45.05,113.03,147.91,83.00,81.24,22.85,81.08,40.07,198.90,128.25,3
6.83,10.93,1.48,15.69,18.54,11.05,12.69,9.14,37.08,23.12,3
93.70,144.75,119.69,43.72,11.24,146.99,77.89,36.71,210.08,108.48,3
51.44,20.74,26.00,5.98,17.59,4.95,47.45,31.30,97.15,63.68,3
28.03,42.92,30.39,32.13,26.58,21.99,63.76,0.72,98.40,13.54,3
22.25,65.52,41.82,32.61,19.33,29.63,35.84,32.05,88.72,36.11,3
107.26,10.99,179.62,44.66,23.23,117.81,68.33,0.00,288.19,28.46,3
88.68,17.64,81.68,17.58,57.92,119.64,15.85,0.00,213.96,50.33,3
19.47,30.87,43.15,80.99,29.28,102.26,97.49,0.00,320.54,107.92,3
105.49,92.13,110.28,54.28,30.47,96.04,163.73,0.00,210.56,135.88,3
121.53,129.36,40.03,76.19,143.31,112.85,197.46,60.01,288.72,137.05,3
67.09,110.32,96.67,71.12,54.66,60.74,0.00,29.96,144.51,78.34,3
22.72,28.23,7.12,18.31,13.95,9.83,21.34,10.13,36.74,12.24,3
29.34,27.21,15.17,8.20,0.00,25.89,16.64,37.02,85.84,42.49,3
83.08,63.27,68.99,75.24,24.38,20.44,45.54,76.49,171.55,71.36,3
103.98,75.70,104.90,23.34,95.18,40.48,119.65,73.13,203.92,85.12,3
69.82,8.35,23.25,14.07,10.45,20.67,25.15,54.10,120.63,15.26,3
25.17,56.32,88.23,77.82,15.08,0.26,76.16,0.00,135.54,69.83,3
26.20,14.68,3.47,46.80,35.75,46.09,20.06,17.16,80.77,52.23,3
139.50,132.35,114.54,103.67,24.36,98.87,185.44,116.51,262.61,156.85,3
119.01,114.93,81.77,132.58,102.89,138.79,75.63,33.75,220.24,96.71,3
18.76,14.51,7.75,5.36,12.96,13.47,21.52,7.39,41.86,24.64,3
70.82,55.33,77.74,100.78,0.00,240.85,115.07,76.29,348.79,47.22,3
29.48,22.27,22.22,35.51,37.56,75.71,51.62,0.00,123.37,23.40,3
31.21,11.98,48.83,3.01,1.85,70.51,78.77,0.00,70.84,19.39,3
125.65,75.57,58.17,76.07,6.46,59.49,127.16,26.40,212.79,72.62,3
12.18,9.55,26.86,13.65,13.65,39.77,20.14,13.22,38.74,28.23,3
103.30,59.08,35.93,45.06,9.47,45.24,58.58,15.71,226.64,149.81,3
30.31,44.68,6.63,28.11,15.17,32.29,53.71,52.27,87.86,46.87,3
47.83,47.28,13.05,22.68,46.61,43.55,41.80,14.20,134.30,60.96,3
16.07,17.94,0.00,17.57,12.47,16.56,18.63,17.74,60.18,27.33,3
21.95,44.35,20.02,67.35,26.07,9.69,56.45,66.25,192.29,75.11,3
48.81,16.45,68.56,44.58,78.98,29.16,55.45,22.49,111.86,60.98,3
155.52,158.34,206.66,24.93,82.84,51.94,106.33,0.00,320.28,192.88,3
114.94,169.59,109.70,0.00,80.92,87.86,0.00,0.00,240.22,248.33,3
13.67,20.98,33.71,20.99,18.99,34.09,15.39,18.70,30.82,10.69,3
14.51,22.19,6.60,16.03,15.25,21.08,1.34,11.30,35.42,21.40,3
79.31,126.01,61.89,125.84,9.55,1.33,117.03,17.00,246.67,53.91,3
80.01,34.91,132.43,85.44,134.47,94.70,195.48,78.40,300.93,176.07,3
24.44,44.21,28.33,0.14,55.89,41.51,10.93,1.41,98.67,23.96,3
15.49,0.00,14.45,22.23,10.00,14.05,9.95,5.25,26.17,15.01,3
33.83,26.07,8.83,40.33,0.00,34.80,21.66,12.10,90.82,35.09,3
50.42,45.52,16.15,38.73,89.06,75.95,65.34,48.22,249.01,47.65,3
103.20,111.31,33.38,62.29,28.17,20.98,38.28,0.00,178.18,86.13,3
15.90,4.79,13.19,21.49,11.29,32.45,15.88,15.30,79.04,12.84,3
60.76,54.75,25.41,44.57,2.55,26.50,24.42,38.54,99.82,44.61,3
12.72,0.00,4.24,6.16,0.00,15.50,25.87,15.55,58.94,10.84,3
46.66,6.56,39.34,0.00,20.52,89.60,105.51,2.87,171.47,49.35,3
163.28,113.25,98.31,68.50,138.98,25.29,62.11,32.58,189.24,153.07,3
123.71,61.56,50.39,34.23,32.41,46.61,51.16,101.32,122.25,45.85,3
21.11,28.67,11.27,19.31,0.00,6.49,39.52,16.20,37.03,35.40,3
128.20,76.60,91.94,76.31,111.94,124.94,194.66,27.98,356.69,152.83,3
50.97,73.38,83.46,59.64,30.10,43.01,20.54,19.07,109.29,20.83,3
28.33,18.97,0.00,22.76,0.00,10.71,15.05,3.82,74.50,40.96,3
35.70,40.70,43.48,43.72,35.99,24.54,59.10,5.87,154.16,11.22,3
126.94,131.35,95.08,56.32,98.25,54.02,139.35,107.75,430.18,210.60,3
186.83,100.79,84.58,127.32,70.92,96.97,83.50,0.00,313.34,68.45,3
120.03,66.36,30.69,67.52,14.16,22.71,42.15,31.59,243.83,17.58,3
54.40,118.44,121.74,60.99,54.45,117.87,112.50,0.00,438.38,115.25,3
46.96,42.61,23.50,49.48,43.97,54.56,83.22,27.45,100.33,58.34,3
143.32,86.93,44.55,124.11,94.42,97.44,104.05,7.63,245.50,67.99,3
67.45,53.00,62.96,70.93,57.37,54.13,91.29,33.13,179.90,67.63,3
58.65,15.96,4.79,76.45,0.00,42.55,90.65,29.98,132.98,108.31,3
122.79,108.18,13.82,55.96,94.15,135.25,178.91,21.97,254.50,53.87,3
90.95,32.10,66.61,114.15,100.42,103.47,144.66,79.48,249.96,77.23,3
166.55,159.08,104.76,151.32,0.00,36.21,80.94,49.21,120.47,52.47,3
24.56,30.48,35.92,22.11,12.31,34.75,42.35,9.70,99.88,32.78,3
18.31,26.39,23.66,25.97,26.63,56.13,19.90,0.00,62.48,30.67,3
58.77,13.60,0.00,33.99,100.60,102.59,95.64,63.44,292.08,125.91,3
50.45,28.14,50.72,88.11,65.56,64.81,8.64,52.22,131.18,92.66,3
26.51,60.51,38.15,27.97,24.29,26.30,50.68,20.71,69.70,59.36,3
15.97,47.07,41.15,60.30,58.41,28.66,100.34,17.08,107.14,40.02,3
167.17,140.20,0.00,95.05,109.11,25.08,140.12,96.33,315.00,181.92,3
7.83,52.82,51.49,28.24,49.36,77.03,21.17,33.42,115.00,33.13,3
71.91,75.24,63.19,101.62,0.45,49.96,55.19,30.37,141.79,47.36,3
33.37,8.65,6.84,31.22,19.59,10.11,8.65,5.85,48.74,37.30,3
23.63,42.09,21.60,30.61,14.01,0.00,25.30,0.00,65.48,21.66,3
50.57,33.33,4.85,34.13,34.83,34.65,45.85,40.13,99.71,55.88,3
75.45,0.00,73.55,81.10,10.78,88.01,105.35,45.44,252.07,49.16,3
22.77,124.33,88.75,186.59,102.82,99.99,111.61,42.56,325.24,202.30,3
63.10,69.00,54.95,8.23,32.73,119.38,75.70,64.19,92.16,38.28,3
102.47,86.21,32.82,84.33,78.66,43.48,26.74,23.45,204.31,135.86,3
56.75,45.33,36.08,16.20,51.96,41.41,37.05,47.58,235.41,37.09,3
28.48,39.53,21.54,6.06,25.40,9.66,25.48,23.52,43.33,23.10,3
56.36,58.42,83.20,45.40,31.29,35.23,18.34,29.03,133.29,38.39,3
19.79,37.02,5.99,17.38,10.36,56.00,34.72,15.50,108.47,76.89,3
88.56,40.28,105.32,111.33,87.36,45.85,0.00,10.23,230.16,98.05,3
73.00,60.72,199.13,114.75,153.95,0.00,75.88,127.75,252.73,123.32,3
92.12,133.67,32.03,100.29,0.00,107.89,27.26,125.24,274.16,168.83,3
25.34,61.26,44.23,43.63,65.84,74.97,56.64,20.10,94.19,47.32,3
45.06,43.53,115.96,63.51,68.51,148.09,128.83,65.84,276.70,94.44,3
43.57,38.23,27.88,106.18,67.56,39.86,48.68,47.44,122.50,12.84,3
167.36,140.96,39.75,180.02,28.13,80.47,3.03,112.57,174.70,122.36,3
21.70,15.56,8.97,13.12,16.88,29.68,3.22,15.07,79.95,19.46,3
42.81,156.46,160.10,178.40,51.65,129.79,146.36,82.45,188.25,119.60,3
102.32,98.43,65.23,63.69,98.92,40.52,137.13,0.00,161.70,45.84,3
152.85,0.00,37.48,61.41,36.03,31.27,133.07,81.23,252.93,177.49,3
138.34,69.37,111.34,48.78,62.17,71.38,90.16,71.66,224.80,99.19,3
64.63,118.85,6.22,98.87,36.25,66.07,23.24,22.74,203.28,69.47,3
28.51,53.44,47.65,13.18,95.57,82.44,65.75,14.32,178.95,75.05,3
78.85,89.70,59.79,7.93,79.08,41.67,45.93,52.89,179.28,142.14,3
74.84,35.18,78.67,127.27,47.75,66.13,41.75,51.10,208.09,139.89,3
15.65,30.17,18.63,22.64,6.14,4.33,8.25,17.79,53.68,11.31,3
32.17,64.62,9.53,54.21,37.81,41.16,39.48,9.22,101.94,54.13,3
12.46,204.78,99.50,71.63,212.46,122.56,125.82,8.76,136.30,163.69,3
34.33,38.13,26.47,28.96,20.43,27.61,50.42,31.17,135.14,62.27,3
31.27,5.93,29.70,93.28,138.24,28.86,132.57,53.48,211.27,115.50,3
60.80,75.95,132.33,36.59,141.98,0.00,161.09,260.32,507.00,259.61,3
8.57,16.47,11.90,7.95,22.82,8.42,14.05,0.00,44.57,11.78,3
62.65,53.43,0.00,111.82,20.21,74.89,19.57,52.65,251.25,108.16,3
46.70,58.79,14.72,40.64,0.00,54.24,96.83,3.22,135.92,66.44,3
139.19,99.10,58.40,79.50,71.17,105.16,17.41,65.39,247.01,157.00,3
32.77,21.14,3.06,27.35,14.56,14.09,52.05,24.66,77.27,60.09,3
63.13,76.02,69.09,35.30,84.40,206.65,187.16,21.24,187.65,60.20,3
23.61,27.49,0.00,29.18,24.35,21.98,49.56,0.00,88.19,33.11,3
116.21,80.71,68.55,31.35,14.84,34.53,13.10,63.84,197.28,141.51,3
126.02,101.64,54.49,93.90,163.47,51.79,22.11,9.39,247.58,35.03,3
122.10,159.20,72.32,87.11,128.98,74.39,20.21,63.16,312.19,145.31,3
18.21,29.19,29.56,11.69,9.75,4.60,24.61,1.57,36.50,22.66,3
106.17,156.37,167.60,60.71,24.40,134.37,125.11,67.71,308.38,195.04,3
90.58,90.76,56.00,124.38,0.00,95.60,49.17,2.07,269.37,86.30,3
35.12,24.43,1.40,31.39,15.70,33.14,29.49,16.50,84.45,45.43,3
38.41,36.69,58.10,7.87,0.00,23.28,51.08,49.66,60.68,25.25,3
107.60,31.79,43.47,53.23,33.84,27.93,46.15,23.96,132.69,35.41,3
104.50,20.64,20.05,42.53,32.49,77.27,48.15,50.52,163.80,125.20,3
62.34,99.85,29.05,29.03,54.56,92.03,103.69,30.20,158.84,50.02,3
48.23,106.73,60.77,62.79,7.99,84.21,65.80,28.86,140.82,82.51,3
56.62,92.43,61.24,46.63,38.33,50.99,92.92,36.75,135.60,35.57,3
165.78,100.10,68.63,43.69,42.07,152.53,124.52,0.00,231.46,100.46,3
102.41,115.49,96.83,21.94,85.47,47.53,112.76,66.06,144.97,82.50,3
65.91,76.45,21.81,36.15,55.42,2.14,69.23,0.00,125.21,43.98,3
138.80,149.05,136.31,126.44,125.98,133.85,34.53,0.00,317.58,224.41,3
44.81,34.49,37.45,8.56,31.47,20.26,40.55,25.44,73.36,55.93,3
83.09,51.60,8.26,72.34,26.45,93.48,96.17,2.59,166.50,60.86,3
17.61,25.05,30.55,13.75,14.32,24.09,40.07,14.71,64.67,33.35,3
189.38,114.07,141.89,64.60,85.20,149.42,100.37,115.14,265.06,279.12,3
26.93,28.62,22.43,7.95,10.90,17.09,14.32,16.65,33.62,32.73,3
27.42,26.27,35.99,15.03,35.02,43.22,31.80,32.84,145.94,73.39,3
92.98,91.90,161.19,0.00,57.67,39.46,100.61,12.50,291.74,114.66,3
29.10,32.48,40.42,24.18,36.67,52.17,44.92,22.27,100.82,9.92,3
17.47,4.57,8.15,22.55,20.85,19.61,12.57,1.27,39.95,14.94,3
53.66,0.00,45.98,75.28,66.21,112.04,24.33,8.02,180.09,69.02,3
107.80,104.67,2.72,21.76,5.88,92.10,98.43,115.78,261.66,98.38,3
44.06,129.18,112.18,100.57,81.48,133.62,161.94,19.39,422.04,176.15,3
16.82,20.23,81.63,64.80,0.00,100.80,79.34,79.10,183.10,61.44,3
115.40,68.24,15.16,51.51,99.33,58.70,63.34,3.81,138.81,60.04,3
87.83,173.82,58.79,78.38,108.79,75.73,171.07,21.71,329.74,103.64,3
66.06,92.18,37.80,70.30,129.56,113.45,148.48,131.92,368.78,151.88,3
142.37,116.13,65.89,123.73,49.35,122.12,91.48,124.65,195.82,138.86,3
14.68,70.19,70.36,31.04,46.92,77.56,75.63,29.24,159.34,40.00,3
24.89,75.49,38.13,99.62,80.02,92.19,35.22,39.94,118.58,125.51,3
28.74,0.00,57.24,11.92,60.42,65.41,55.86,10.61,98.43,50.71,3
44.04,8.56,20.64,6.47,34.52,27.27,61.57,23.47,130.70,2.77,3
27.36,17.89,0.00,20.54,20.61,30.69,12.22,0.00,46.13,27.85,3
86.33,132.26,221.15,150.64,192.10,100.93,160.26,37.92,201.19,60.30,3
57.65,53.45,35.71,77.04,87.08,41.50,88.25,60.58,177.65,81.99,3
67.12,49.86,114.74,109.79,84.40,117.96,112.88,47.52,229.65,207.49,3
33.96,96.15,73.90,0.00,42.26,88.83,74.19,52.81,216.35,84.28,3
127.48,130.77,0.00,86.59,161.04,155.79,81.53,87.50,220.37,107.93,3
94.39,38.49,105.32,121.24,97.12,147.90,104.71,117.80,269.42,151.01,3
89.90,107.78,108.75,146.56,135.79,48.05,92.02,132.02,198.38,274.03,3
0.00,95.78,28.13,0.00,87.94,87.76,44.78,120.44,153.45,105.27,3
32.26,60.27,54.27,71.42,72.51,59.06,36.71,0.00,124.44,55.31,3
30.87,35.68,0.00,79.92,76.90,30.66,74.78,27.83,259.49,170.48,3
9.83,81.95,81.95,49.38,57.61,95.43,26.64,35.62,224.11,117.53,3
56.11,80.40,61.24,69.14,42.11,95.67,107.38,48.07,137.54,116.97,3
0.18,0.00,69.06,33.74,85.10,131.61,95.87,93.51,452.15,125.95,3
42.89,56.89,102.23,121.20,65.48,79.43,74.50,0.00,218.13,103.83,3
103.63,48.59,52.61,63.30,1.14,153.70,67.20,0.00,276.77,112.10,3
50.21,119.82,53.22,0.00,40.44,70.02,104.59,45.11,173.35,124.93,3
206.58,121.84,127.40,50.80,133.56,281.45,106.99,22.01,273.95,202.96,3
86.26,142.46,40.61,65.53,99.33,139.62,171.36,0.00,385.64,130.99,3
31.47,13.23,67.07,54.42,58.86,33.41,47.09,49.60,151.97,86.10,3
14.46,59.80,25.53,46.62,41.29,75.23,42.78,12.64,177.21,81.39,3
105.56,41.76,64.87,116.70,31.67,60.83,52.43,30.06,239.57,46.29,3
49.35,149.92,76.00,38.92,116.28,71.06,205.80,120.14,255.55,33.91,3
59.24,81.12,100.83,101.30,47.87,45.78,66.13,17.19,174.57,92.92,3
30.03,33.99,66.04,55.21,87.04,106.88,57.30,0.00,139.83,65.25,3
105.55,134.72,57.86,92.72,16.69,84.62,121.50,38.05,271.56,183.37,3
178.19,0.00,116.13,8.78,80.51,73.37,105.47,126.52,450.08,53.62,3
16.10,64.98,52.52,39.26,65.59,105.41,107.57,52.67,221.21,75.55,3
4.63,5.80,11.86,19.15,30.23,19.66,35.21,4.74,48.36,22.95,3
6.23,25.62,23.37,16.52,14.44,35.97,43.50,42.19,44.94,32.67,3
85.34,82.47,9.77,0.00,34.91,131.41,91.01,66.03,202.15,89.44,3
66.34,106.23,89.81,39.49,39.82,48.88,45.84,0.00,333.70,195.29,3
5.86,30.20,26.58,32.47,26.12,21.06,37.19,16.65,33.96,41.32,3
10.81,20.70,11.04,11.50,15.80,13.80,25.91,3.90,42.10,16.61,3
20.30,37.23,3.25,20.31,29.16,21.52,27.63,8.96,53.54,27.29,3
85.67,67.02,0.00,47.81,49.70,40.73,92.65,19.24,99.98,48.00,3
32.47,92.77,21.82,84.42,74.61,23.48,0.00,25.77,106.36,147.93,3
134.78,168.79,105.12,85.87,50.38,98.92,54.87,14.73,236.14,111.38,3
2.39,22.58,0.00,5.02,8.33,18.33,30.68,15.16,43.77,25.02,3
107.40,116.56,0.00,89.31,63.21,39.82,45.57,43.54,178.33,55.10,3
179.32,139.83,0.00,106.36,27.73,148.25,26.26,130.98,341.38,37.57,3
6.17,84.69,89.32,28.13,0.00,90.99,47.68,77.99,202.45,52.77,3
60.60,25.17,44.24,17.14,46.96,102.52,8.57,0.00,140.63,78.96,3
70.69,106.47,85.55,104.88,10.29,174.62,0.00,18.26,187.54,184.31,3
28.53,29.97,15.62,13.59,27.31,16.85,50.00,28.65,92.51,53.40,3
55.35,85.10,100.64,103.48,40.89,138.81,127.95,13.53,231.33,145.16,3
12.20,11.00,0.00,10.87,0.00,14.96,5.05,7.12,56.54,4.26,3
16.90,13.18,21.51,28.48,7.10,11.54,21.08,15.65,54.83,31.23,3
4.18,10.54,4.82,3.12,3.90,5.69,14.31,2.20,27.42,15.30,3
12.90,17.28,5.73,26.20,21.33,39.42,18.91,19.67,71.21,20.43,3
211.32,175.41,97.45,69.03,42.11,47.51,180.27,34.81,276.25,151.64,3
47.56,41.43,47.37,38.09,42.49,23.33,52.89,21.04,160.28,68.49,3
72.91,93.56,0.00,185.38,70.73,122.71,184.67,13.12,215.80,202.58,3
60.67,25.12,70.25,35.84,17.66,51.11,146.37,45.79,69.30,48.89,3
171.04,159.99,6.38,30.48,76.92,141.55,45.99,0.00,367.70,38.62,3
30.63,61.02,42.48,0.00,14.89,53.82,64.36,43.91,88.41,69.92,3
24.04,65.04,83.56,188.34,42.21,122.41,174.23,0.00,410.76,199.93,3
71.54,116.48,44.78,84.76,30.01,115.50,105.57,33.55,315.12,24.20,3
70.82,41.05,15.50,94.31,38.86,116.02,101.89,0.00,126.93,116.92,3
40.89,51.91,36.69,36.48,16.33,109.58,53.80,110.74,347.94,253.75,3
52.73,48.30,54.43,68.51,11.49,13.38,43.77,53.98,102.78,36.51,3
0.00,9.90,0.00,35.61,11.96,61.10,40.70,61.81,156.60,48.69,3
41.77,45.37,15.45,27.69,31.24,92.34,50.96,21.28,144.24,19.88,3
41.11,0.00,0.00,71.25,55.27,45.28,38.17,72.28,146.09,64.32,3
25.85,27.27,38.25,32.93,31.50,4.62,32.11,17.38,84.99,47.14,3
13.97,19.17,9.94,23.77,9.25,25.68,17.77,16.67,74.88,66.97,3
209.24,165.24,105.35,88.29,177.24,153.55,68.42,0.00,259.07,93.40,3
10.29,64.58,146.79,72.73,22.84,64.26,163.69,103.41,229.50,80.33,3
105.89,88.33,46.16,73.44,94.86,99.79,96.00,9.06,91.24,99.43,3
63.25,20.06,31.29,8.80,19.32,7.36,53.83,47.88,114.52,64.91,3
86.87,43.75,109.61,123.59,0.00,82.80,147.63,29.36,277.90,148.53,3
0.00,52.93,13.97,0.00,53.48,14.39,50.13,36.67,57.89,37.74,3
161.88,107.45,65.09,70.13,65.21,139.20,75.53,0.00,243.85,10.75,3
51.69,86.70,9.52,53.69,12.48,52.32,36.41,4.88,164.87,27.73,3
180.39,175.31,77.58,121.44,105.01,44.60,182.47,63.51,294.92,141.41,3
75.52,0.00,37.17,48.42,137.76,149.48,78.24,0.00,237.86,77.88,3
134.27,138.96,45.99,34.86,77.20,93.83,104.66,36.72,236.38,58.35,3
83.57,56.25,0.00,32.46,57.71,74.01,76.56,107.96,209.82,81.59,3
47.30,55.34,6.24,20.56,15.35,43.25,36.12,0.00,71.97,36.02,3
153.05,160.01,69.79,57.56,0.00,42.23,48.89,91.35,275.96,133.03,3
118.31,38.38,79.16,62.31,106.53,124.46,125.13,60.35,270.43,186.86,3
63.56,58.14,10.50,7.96,105.90,116.97,123.36,80.93,317.05,127.82,3
117.23,91.52,137.88,82.18,78.49,184.59,167.44,21.37,178.39,141.16,3
83.02,83.94,127.27,43.54,43.10,83.21,33.54,64.56,217.28,99.80,3
79.95,40.12,29.14,18.42,18.28,76.36,76.74,37.32,165.44,84.41,3
57.24,0.00,90.97,166.56,110.38,92.10,120.00,140.43,124.91,135.14,3
168.60,182.92,128.64,96.96,94.89,104.88,176.52,128.29,336.79,219.26,3
16.02,9.46,18.89,9.81,3.73,28.93,16.10,0.00,43.21,23.54,3
61.23,12.31,24.38,49.79,21.46,61.50,75.35,25.70,124.78,71.02,3
23.15,27.93,34.19,14.85,29.82,15.81,35.27,4.83,95.98,1.89,3
50.22,43.77,78.00,45.07,36.51,57.53,106.40,31.75,156.81,100.13,3
75.92,97.40,0.00,31.63,79.33,44.27,21.14,23.60,139.43,0.00,3
39.92,43.96,37.34,57.75,30.66,28.41,77.73,35.56,90.74,21.99,3
23.87,4.05,0.00,10.23,16.77,19.53,23.45,14.98,32.36,11.99,3
77.29,130.67,80.30,70.93,77.08,71.09,105.79,42.86,286.71,145.00,3
256.10,129.28,111.17,120.12,65.88,191.19,189.60,0.00,240.63,255.10,3
68.12,71.40,0.00,73.44,5.90,94.35,59.26,10.48,165.57,102.39,3
0.00,39.36,66.85,17.22,24.54,82.49,36.94,8.23,212.28,90.55,3
37.91,1.71,5.74,23.20,35.16,72.99,30.39,73.40,181.97,137.39,3
42.38,62.45,25.36,10.78,31.88,32.22,22.96,50.05,67.82,21.73,3
33.61,96.57,0.00,87.82,11.68,22.56,69.97,47.52,191.16,153.35,3
0.00,29.65,71.80,46.84,28.38,47.71,76.14,0.00,124.09,70.47,3
74.71,67.72,0.00,70.43,27.90,63.63,36.16,19.14,74.10,85.58,3
17.49,31.01,21.52,26.21,39.48,22.71,33.01,24.22,83.73,33.23,3
24.14,41.94,24.81,29.50,13.45,14.98,42.31,23.24,60.30,29.60,3
5.90,25.57,27.29,16.66,9.52,15.30,16.28,0.00,32.66,10.97,3
8.49,38.49,17.18,3.60,14.30,34.63,20.41,11.76,68.82,19.27,3
43.38,17.98,23.32,20.51,50.41,60.62,29.75,0.00,89.83,54.00,3
8.07,16.04,28.19,18.51,23.28,12.71,17.77,9.95,59.40,40.53,3
41.18,0.00,22.04,32.71,30.13,48.54,70.47,31.57,88.73,46.04,3
22.75,14.77,13.55,29.56,12.72,29.23,14.65,0.11,64.39,21.68,3
52.47,27.89,31.30,15.98,60.66,33.05,38.45,27.51,178.92,97.22,3
170.20,97.02,95.82,42.90,87.38,8.25,98.65,0.00,184.86,127.25,3
73.66,49.99,69.61,80.71,42.36,121.91,154.80,101.89,273.08,7.03,3
77.63,64.82,82.13,101.89,17.25,63.73,69.38,0.00,262.73,227.90,3
118.14,153.03,38.03,63.14,126.27,56.95,144.42,132.53,382.15,126.51,3
58.69,4.43,54.65,30.04,60.54,65.83,57.09,57.37,176.59,63.54,3
8.47,8.06,11.08,16.70,15.27,10.86,22.11,0.00,42.67,20.18,3
58.03,88.00,11.59,30.71,65.28,5.12,74.86,106.93,182.52,116.98,3
164.92,227.93,134.35,153.74,34.22,126.71,115.12,31.43,312.12,127.18,3
30.97,41.87,56.02,36.65,64.60,27.05,0.00,34.63,113.99,38.33,3
107.86,56.37,122.16,53.22,36.36,30.14,34.81,71.52,138.00,101.01,3
46.48,73.61,12.73,38.00,6.63,50.19,43.98,21.24,192.51,37.17,3
6.18,64.90,81.93,38.41,0.00,148.51,7.95,119.57,374.03,189.25,3
154.96,171.73,37.31,68.28,115.02,83.11,91.87,19.28,129.76,188.10,3
21.91,44.65,32.05,13.28,52.22,47.72,11.55,25.78,98.06,48.38,3
89.36,81.00,0.00,127.07,32.41,83.50,58.87,94.72,252.01,141.83,3
136.39,100.51,112.63,179.89,17.31,135.26,164.49,0.00,319.53,150.64,3
65.95,45.48,32.02,85.29,55.79,23.24,72.22,0.00,170.92,65.99,3
55.91,34.84,54.87,43.52,15.73,47.35,28.62,22.94,85.37,47.49,3
177.49,71.43,73.80,46.17,92.17,122.73,94.18,148.47,264.61,231.98,3
25.94,12.57,32.27,0.00,25.49,45.11,67.30,16.44,83.68,20.57,3
37.36,26.82,39.54,46.11,24.51,20.51,42.39,16.57,139.96,32.86,3
83.76,58.89,8.05,27.00,60.48,60.97,103.26,31.72,191.02,20.32,3
119.58,159.48,0.00,21.26,75.48,210.25,142.53,99.55,254.97,179.33,3
40.34,24.35,33.94,55.50,18.34,41.81,36.11,26.79,105.57,26.61,3
144.57,137.02,69.68,50.32,11.46,59.79,44.27,38.71,270.61,55.97,3
62.88,114.15,164.16,139.79,68.54,74.88,127.49,37.45,429.62,217.97,3
37.90,23.16,24.07,1.11,19.97,15.53,36.67,21.10,59.08,61.22,3
38.74,24.34,39.10,54.77,59.37,45.41,111.97,29.26,137.84,53.69,3
6.60,104.04,150.52,124.87,28.13,100.76,129.50,91.99,325.50,85.60,3
67.54,57.63,54.63,13.02,28.03,23.79,94.16,0.90,200.95,100.28,3
40.29,71.24,0.00,43.17,14.75,71.64,67.34,16.66,193.13,110.94,3
47.21,95.15,93.29,146.85,62.39,35.40,152.01,31.76,328.00,106.97,3
40.00,18.97,0.00,7.07,25.34,20.04,19.34,17.68,72.44,0.00,3
42.40,26.76,48.76,41.53,42.51,38.09,42.32,50.60,95.48,63.42,3
14.09,47.37,19.62,28.35,49.61,30.15,33.71,0.00,76.79,52.48,3
41.67,40.27,42.58,10.78,18.53,70.54,67.94,29.46,138.76,43.10,3
117.03,119.18,41.04,0.00,45.70,75.60,83.12,80.63,146.70,54.39,3
15.30,67.07,78.77,75.30,59.20,36.44,94.86,8.56,195.98,66.32,3
140.20,96.02,167.85,120.36,61.41,110.59,174.63,24.46,216.48,94.39,3
0.00,41.02,138.87,89.69,70.31,168.61,58.92,56.50,232.73,184.22,3
20.65,27.81,15.07,0.00,10.39,101.65,45.23,36.99,131.01,73.52,3
39.32,9.28,12.49,57.11,7.98,22.81,43.96,16.03,77.68,40.83,3
51.49,46.20,55.61,6.74,84.10,65.03,122.51,74.08,312.45,67.44,3
55.11,69.32,79.78,84.60,29.24,35.88,73.38,36.01,213.38,124.47,3
49.24,37.55,38.26,20.51,46.10,137.71,43.65,0.48,145.31,22.87,3
27.08,35.63,6.03,24.25,23.24,34.69,27.25,0.00,79.85,24.37,3
36.09,96.04,182.34,52.20,60.24,34.25,37.50,0.00,302.30,76.09,3
118.10,90.42,69.29,46.30,25.72,40.41,47.82,10.66,159.45,101.31,3
115.45,131.69,81.36,126.39,19.52,61.52,85.36,129.13,371.26,65.35,3
45.32,98.98,46.87,87.38,87.44,55.45,24.95,56.57,185.55,106.02,3
4.14,7.55,2.49,12.51,3.51,9.94,3.03,6.46,35.60,27.53,3
15.03,36.70,11.49,22.58,24.96,19.57,3.46,8.37,113.81,4.32,3
61.54,48.98,24.03,59.56,69.44,65.90,13.08,41.96,108.55,91.16,3
61.36,23.93,45.96,11.92,24.59,53.91,48.89,21.38,109.79,21.19,3
37.93,22.74,49.66,64.56,92.50,97.18,97.90,0.00,231.37,133.53,3
121.35,178.41,53.47,46.46,166.93,95.27,99.53,45.95,342.51,137.46,3
54.32,38.34,57.74,16.03,46.08,153.50,107.56,117.14,174.32,88.46,3
55.14,104.12,113.98,11.93,65.15,108.23,0.00,37.29,321.05,186.43,3
4.70,17.20,29.73,8.83,12.08,25.31,24.93,4.40,30.28,23.82,3
78.08,59.61,0.00,69.94,33.98,59.66,85.63,5.92,109.27,55.66,3
50.19,70.09,53.99,61.66,10.45,93.38,85.67,43.00,139.29,88.66,3
24.30,30.42,0.00,16.38,3.12,13.21,12.33,27.48,87.48,40.74,3
53.73,104.30,16.29,59.97,70.31,164.95,124.60,136.27,362.31,154.14,3
127.69,23.06,55.38,93.69,143.55,42.27,92.78,66.96,161.14,199.72,3
19.59,66.14,42.03,89.74,65.77,62.82,57.01,52.07,115.58,110.62,3
12.84,52.12,36.72,19.48,10.17,36.45,35.28,29.27,43.91,43.35,3
97.67,55.67,37.84,26.05,5.59,81.95,30.74,84.40,106.30,142.30,3
155.88,141.06,0.00,55.39,90.00,6.92,134.36,15.54,308.17,89.25,3
39.26,64.35,27.55,37.41,0.00,44.71,72.73,59.75,202.54,111.23,3
30.38,17.12,0.00,44.49,19.81,31.46,36.53,7.47,78.44,26.40,3
193.36,157.09,0.00,58.28,60.10,67.55,153.14,82.08,388.88,31.73,3
27.40,23.41,0.00,34.15,2.18,24.86,24.24,0.00,55.39,24.17,3
3.91,60.88,75.00,54.83,86.33,114.81,99.42,51.88,215.27,51.61,3
36.52,38.76,12.79,26.72,16.56,14.38,29.13,16.42,51.40,41.54,3
194.14,229.72,14.25,171.33,159.79,61.04,192.72,143.06,215.87,191.70,3
196.45,111.13,97.13,93.96,99.97,56.60,72.35,149.86,425.92,77.93,3
29.08,31.73,29.65,12.74,20.36,15.12,29.51,13.31,89.08,24.36,3
54.67,63.05,48.72,66.19,32.18,66.41,63.84,65.49,191.97,45.99,3
0.00,45.34,48.38,53.41,56.76,58.35,59.06,43.91,148.08,89.02,3
86.10,82.39,76.05,68.39,45.65,140.24,18.72,48.25,263.97,117.28,3
80.24,133.14,39.12,211.51,77.43,123.32,167.56,56.93,279.37,60.14,3
139.74,55.60,11.82,74.72,89.99,72.66,70.68,64.79,229.72,141.21,3
48.14,77.86,102.72,47.42,128.35,116.93,126.60,55.74,199.88,196.39,3
13.82,3.58,0.00,5.79,7.39,72.59,44.36,0.89,101.85,50.47,3
89.84,75.46,48.12,52.81,11.53,70.28,107.15,0.00,83.79,94.16,3
23.33,26.26,20.27,35.50,19.96,30.27,0.00,38.46,90.26,6.80,3
66.50,71.38,43.87,103.69,55.12,3.92,52.83,0.00,49.06,57.37,3
44.00,70.70,81.14,40.25,31.00,47.55,109.64,42.51,182.39,100.08,3
10.76,25.17,27.09,0.00,9.85,20.27,27.66,3.39,18.21,28.62,3
82.01,43.47,86.71,90.19,43.95,111.37,181.43,20.90,272.37,99.16,3
95.64,120.32,69.02,95.65,44.25,91.20,90.41,28.26,238.08,116.39,3
31.63,42.68,34.95,8.85,19.35,40.38,29.74,0.00,64.82,3.13,3
22.99,16.66,11.12,5.49,13.45,22.64,21.05,1.00,29.18,8.93,3
105.83,138.03,71.99,100.59,40.94,130.47,65.26,96.58,331.59,128.90,3
2.82,18.85,17.74,24.38,35.30,58.69,57.14,8.58,100.27,0.72,3
146.73,87.67,26.99,0.00,71.63,116.84,129.86,72.64,288.31,114.91,3
56.81,49.28,39.40,90.74,50.51,99.83,96.40,58.77,231.10,160.80,3
77.14,62.08,46.75,50.32,61.60,150.36,64.78,60.19,292.92,144.47,3
180.10,200.64,94.40,91.82,132.02,161.99,75.03,98.98,470.09,146.44,3
56.29,63.84,47.32,87.10,39.03,22.02,129.65,29.55,167.23,46.16,3
23.00,10.52,30.69,60.68,34.60,97.02,53.24,0.00,128.09,36.13,3
63.21,28.37,65.42,0.00,65.58,65.33,93.89,0.00,143.72,80.08,3
182.44,67.91,46.03,44.23,41.81,21.14,130.97,90.43,333.98,42.03,3
8.70,13.77,6.12,0.00,5.11,15.82,14.74,0.00,35.38,9.65,3
140.91,124.34,58.47,19.07,9.87,80.85,86.10,45.81,189.23,66.03,3
84.15,33.33,56.99,125.10,89.31,53.26,104.85,46.85,330.03,67.12,3
12.12,23.41,73.50,32.48,39.72,76.98,62.27,23.24,122.65,63.93,3
188.56,76.89,24.18,20.62,97.90,98.54,119.39,58.91,153.54,140.38,3
45.41,77.92,110.62,66.64,34.60,94.29,199.54,84.76,168.36,90.57,3
31.31,23.72,1.32,4.08,26.35,5.72,19.85,16.33,60.28,26.55,3
45.68,75.94,44.00,80.50,0.00,67.99,86.89,0.00,217.05,129.10,3
12.79,1.40,31.65,3.35,12.13,24.33,26.03,6.15,61.44,32.45,3
47.52,59.30,14.37,0.00,35.09,22.53,96.66,40.09,160.61,95.30,3
11.85,131.87,94.12,18.60,98.10,97.23,25.65,69.67,319.25,73.60,3
37.59,128.72,74.14,0.00,124.83,139.82,187.56,94.05,242.67,242.54,3
22.81,16.91,0.00,26.93,29.01,29.21,26.04,16.78,82.82,58.46,3
2.07,16.49,8.35,0.00,19.19,16.15,20.14,6.11,58.69,20.08,3
210.78,112.81,65.49,213.82,160.76,101.12,133.20,0.00,324.05,148.10,3
16.86,56.97,18.90,10.95,35.24,51.41,54.07,4.74,108.51,66.90,3
11.86,87.44,13.01,41.30,308.31,190.00,162.24,0.00,227.22,130.40,3
81.63,9.62,28.87,110.23,91.13,77.31,49.12,32.91,228.64,127.11,3
4.39,19.59,8.86,5.93,7.11,7.12,3.61,10.00,40.11,20.05,3
35.94,11.63,23.73,7.42,19.06,31.18,18.03,26.16,51.62,10.14,3
41.93,50.40,45.92,27.31,45.85,122.36,128.87,60.21,272.78,36.80,3
26.43,3.86,16.14,12.87,25.38,17.48,30.75,7.74,60.52,27.28,3
137.98,64.49,157.77,81.30,102.42,65.32,113.91,133.84,209.30,193.43,3
14.05,2.18,12.69,14.71,6.82,4.85,23.50,0.00,60.98,27.43,3
154.03,134.18,30.84,164.58,27.71,127.33,165.90,11.19,352.47,116.09,3
18.91,26.50,17.54,14.93,0.00,3.11,15.68,35.55,77.97,65.31,3
61.97,33.76,11.96,75.75,40.51,58.65,24.80,27.99,123.09,25.98,3
94.84,99.59,90.97,73.10,48.56,50.83,35.36,50.19,138.82,71.39,3
37.49,48.42,26.05,40.24,0.00,59.12,36.02,0.00,127.53,22.98,3
103.73,159.74,111.71,42.38,17.50,101.29,37.58,13.67,163.36,25.81,3
44.64,27.72,9.09,24.91,36.33,25.74,34.21,0.00,94.55,68.15,3
40.44,53.66,21.28,46.34,71.24,58.93,19.63,0.00,193.08,96.43,3
39.56,102.51,87.63,125.31,1.31,125.96,140.40,73.96,333.59,159.93,3
28.48,47.75,54.68,16.51,42.95,43.60,14.87,0.00,58.55,39.72,3
43.89,35.85,47.58,4.59,55.50,9.96,60.20,52.76,64.59,70.00,3
121.01,33.22,39.00,93.20,44.21,22.76,37.76,0.37,81.27,72.90,3
39.71,142.07,100.34,181.80,0.00,286.79,165.02,105.19,367.70,226.43,3
18.36,28.98,13.43,29.52,74.75,78.76,75.71,48.02,104.13,32.76,3
23.19,43.61,12.32,17.49,26.17,22.99,12.59,2.66,91.24,22.58,3
26.68,35.47,7.78,0.00,17.10,8.06,39.59,3.70,50.41,35.18,3
0.00,18.58,16.38,11.21,12.51,17.94,11.89,10.04,33.16,16.41,3
82.58,122.24,53.93,105.36,1.73,29.44,81.14,54.73,150.37,69.70,3
28.86,26.90,28.58,25.24,26.82,11.08,25.92,0.00,61.62,20.10,3
29.46,93.13,47.97,159.00,9.16,159.56,179.77,56.59,459.95,101.30,3
57.11,40.72,45.63,45.93,0.00,102.75,25.27,31.65,196.88,93.45,3
0.00,99.85,85.97,190.22,33.19,10.68,113.70,159.68,255.46,102.99,3
56.79,60.99,15.52,55.23,25.58,50.28,63.58,87.28,124.33,96.37,3
13.28,69.52,32.33,94.22,47.57,87.71,48.81,0.46,189.38,37.04,3
189.80,144.63,179.31,205.25,179.35,174.23,41.06,108.13,364.93,57.82,3
37.50,96.07,114.77,129.99,134.19,58.96,211.76,64.35,265.12,240.10,3
12.76,11.63,3.67,6.83,2.26,11.40,19.69,5.89,31.20,6.07,3
41.02,17.47,34.92,21.73,12.41,64.47,31.70,10.75,78.44,11.77,3
139.05,98.64,72.46,142.72,31.08,146.67,119.22,25.49,330.18,58.87,3
36.07,33.29,28.15,26.65,29.12,42.31,15.54,10.47,39.97,43.48,3
0.00,0.00,7.77,43.88,60.64,58.59,78.65,14.55,136.32,126.72,3
60.79,20.14,62.64,26.27,38.22,13.22,26.88,0.00,163.19,47.47,3
156.49,61.11,75.32,41.15,0.00,77.03,203.26,93.65,308.50,91.42,3
38.02,30.91,6.73,41.30,26.59,32.43,28.85,27.18,82.04,29.47,3
11.75,31.08,26.55,4.53,65.23,62.70,48.29,36.18,137.34,15.95,3
111.15,128.22,24.39,112.38,78.59,42.76,169.42,15.30,301.25,140.50,3
117.41,137.43,69.17,131.79,68.86,119.87,98.76,63.72,159.20,64.96,3
118.46,130.72,67.02,84.38,107.38,182.31,139.78,95.50,239.52,126.84,3
55.02,61.94,59.16,32.33,58.38,113.61,204.00,102.33,311.73,165.96,3
73.70,45.44,61.15,49.82,47.04,16.58,81.36,25.27,107.99,50.45,3
68.53,51.67,73.61,25.13,67.89,84.98,66.30,53.01,179.72,70.54,3
57.85,85.64,32.84,23.52,15.32,53.98,56.58,30.89,93.48,45.80,3
156.15,63.87,95.96,73.45,78.46,86.31,89.27,45.56,128.03,95.30,3
149.55,176.73,18.48,163.29,113.36,35.54,61.00,30.31,204.39,135.93,3
32.05,15.42,53.44,134.58,110.04,95.63,24.79,6.38,333.07,79.69,3
114.30,97.64,44.67,74.24,10.91,91.39,158.24,83.89,215.60,52.80,3
24.70,43.18,18.82,5.08,11.05,20.06,23.17,28.58,47.02,32.69,3
77.00,43.91,105.84,143.65,145.82,122.99,91.10,0.00,185.92,66.39,3
34.59,101.97,29.32,21.17,57.41,13.92,75.77,0.04,205.16,54.34,3
68.83,98.22,33.70,41.58,31.71,86.03,71.75,0.00,183.57,0.89,3
27.81,60.23,0.00,29.04,34.48,37.04,34.39,9.79,87.79,23.09,3
0.28,53.86,63.40,26.69,55.88,10.41,58.19,36.71,114.67,66.44,3
7.43,26.49,25.45,42.64,21.88,22.26,3.60,0.00,73.72,30.56,3
152.44,138.24,50.19,173.18,99.15,32.86,46.76,10.70,326.31,49.32,3
30.59,53.49,0.00,2.08,80.80,45.62,49.02,24.06,64.83,91.39,3
6.79,10.00,23.56,14.36,19.73,15.72,19.58,8.90,30.55,10.28,3
34.59,59.97,42.78,36.78,16.89,29.19,56.13,5.80,118.05,52.68,3
12.21,32.15,10.77,3.45,28.69,21.77,20.76,22.36,69.30,46.70,3
67.35,42.52,55.98,24.10,43.41,7.79,26.89,53.59,147.49,67.22,3
3.67,23.77,22.97,9.72,14.10,18.75,32.36,14.22,81.97,26.40,3
51.83,61.30,42.56,85.13,51.55,46.52,64.24,0.00,161.88,86.52,3
37.76,44.44,23.15,2.02,15.21,0.30,64.13,35.48,114.94,46.85,3
88.39,48.70,34.00,33.58,95.96,41.49,110.69,69.29,108.69,129.75,3
78.42,138.13,159.77,41.93,0.00,53.32,229.16,18.81,398.43,66.62,3
44.10,26.08,56.54,62.64,21.88,19.04,47.27,45.10,132.55,69.15,3
84.25,58.25,70.28,90.11,58.70,23.44,103.54,22.18,194.30,148.15,3
91.40,54.68,121.21,70.71,72.77,123.03,122.90,127.55,174.83,95.42,3
87.97,176.59,54.23,118.84,119.62,61.44,61.97,48.13,227.57,93.90,3
36.33,13.05,18.73,18.65,25.08,34.94,36.42,46.18,52.35,25.07,3
1.23,11.14,8.20,11.30,11.35,7.57,13.80,10.59,35.80,27.44,3
35.85,38.58,0.00,40.40,26.24,18.16,31.07,0.00,73.58,24.92,3
32.59,20.46,20.66,0.00,0.00,52.39,38.09,0.39,138.91,14.47,3
6.30,23.86,24.07,16.69,12.74,11.16,11.18,23.34,43.94,14.80,3
24.91,44.69,59.15,56.33,47.34,69.10,7.76,40.49,108.88,129.47,3
51.72,38.29,41.37,12.47,66.09,61.50,46.76,0.00,90.28,76.51,3
78.63,47.65,68.96,181.36,103.85,81.63,215.72,95.47,250.29,112.12,3
108.80,59.68,58.87,94.63,120.33,109.69,92.22,46.80,188.37,95.25,3
56.68,78.24,17.17,0.00,19.91,35.22,70.17,48.73,170.68,21.19,3
51.12,39.85,7.00,48.98,20.87,3.94,13.35,3.92,140.03,50.49,3
26.97,14.12,20.58,28.28,38.02,36.54,13.73,0.00,51.17,60.33,3
150.07,83.02,12.77,139.55,10.01,131.08,115.38,0.00,288.69,244.43,3
185.72,92.32,63.51,107.78,25.07,134.77,63.40,96.83,162.08,133.34,3
105.10,83.47,68.70,80.46,85.00,118.97,86.00,34.33,147.27,107.34,3
8.78,34.34,10.19,12.83,12.37,5.63,15.45,35.96,43.52,34.82,3
124.13,49.60,109.87,207.81,40.59,134.85,161.64,25.89,356.80,44.94,3
32.08,0.00,22.31,31.53,35.30,15.44,95.28,52.95,148.69,89.62,3
52.18,61.17,105.86,79.84,95.49,77.77,45.92,103.60,180.32,70.05,3
89.02,32.98,24.29,26.55,18.07,247.78,148.85,4.64,409.37,287.50,3
149.17,56.15,0.00,109.79,162.64,127.87,174.72,131.29,258.48,81.47,3
112.10,87.55,141.79,0.00,112.22,45.01,75.65,0.00,244.54,39.64,3
57.97,77.48,36.80,91.94,131.94,108.00,65.63,64.67,361.78,145.68,3
106.31,135.58,133.32,0.00,112.46,56.68,120.22,50.60,156.33,35.61,3
94.55,83.80,46.87,110.20,40.96,93.00,141.13,108.42,294.09,279.65,3
75.45,109.10,0.00,43.10,102.57,87.07,153.08,0.00,268.17,65.09,3
18.25,31.79,18.08,29.24,19.76,16.00,27.54,15.00,78.28,35.99,3
60.56,53.15,0.00,16.84,17.53,14.48,24.76,0.00,96.92,36.61,3
15.90,23.59,17.11,20.70,0.00,4.87,22.60,7.95,85.47,17.99,3
81.85,32.67,56.23,50.98,60.92,0.00,13.17,44.21,146.98,143.08,3
91.37,17.71,39.70,59.47,65.63,43.49,64.45,39.81,192.00,77.71,3
97.21,96.49,13.51,63.41,1.71,110.99,84.66,20.08,237.20,111.97,3
16.12,58.15,30.20,66.97,68.81,94.91,64.56,43.87,182.19,27.03,3
98.49,54.26,61.22,57.58,35.71,77.70,101.82,16.68,252.33,110.56,3
22.17,23.18,3.09,14.17,5.30,5.67,30.02,5.25,99.63,55.08,3
27.68,14.47,18.54,13.72,10.11,24.00,24.02,29.58,66.53,66.66,3
54.68,21.94,20.98,44.06,9.27,29.82,62.14,3.69,88.93,41.40,3
0.00,75.51,44.61,16.02,57.14,46.34,68.57,1.40,183.16,105.32,3
69.53,57.58,159.06,75.13,62.07,6.34,71.80,38.65,291.12,1.19,3
20.21,24.78,26.44,15.61,9.15,17.08,17.28,10.48,64.78,25.26,3
60.69,174.38,94.81,38.30,101.54,168.85,136.50,99.19,196.89,97.60,3
44.81,31.35,93.38,45.66,25.87,43.75,63.99,91.36,151.82,125.10,3
171.90,128.88,56.89,11.81,42.49,141.13,150.35,89.27,369.76,208.23,3
24.79,21.54,18.20,27.33,23.29,22.78,30.34,12.33,40.84,19.73,3
50.67,17.96,31.23,20.92,33.38,7.39,21.18,0.00,71.52,31.53,3
28.40,48.32,34.37,0.00,67.40,84.79,45.99,72.42,139.65,63.35,3
124.68,56.40,33.85,247.58,27.32,97.00,208.77,146.92,409.71,177.63,3
36.93,45.08,6.95,16.74,24.76,42.94,6.91,24.79,46.93,32.16,3
45.06,97.96,15.77,50.90,41.56,52.97,110.48,0.00,204.09,25.34,3
10.82,7.98,14.19,28.82,3.93,32.14,18.49,16.12,76.16,7.50,3
0.00,42.60,0.56,31.23,11.71,36.20,81.15,41.40,144.03,28.23,3
62.46,50.27,56.29,37.85,77.30,61.92,64.40,39.78,153.61,25.16,3
100.83,47.58,90.68,53.47,39.31,83.93,36.62,33.09,241.31,72.53,3
34.23,27.57,96.65,131.86,0.00,33.83,13.66,95.04,389.62,164.38,3
61.49,78.51,33.53,45.36,57.05,67.23,72.16,29.74,165.31,111.12,3
84.26,196.67,87.32,79.30,83.02,174.20,140.69,35.56,228.14,188.31,3
77.74,30.55,54.77,113.20,25.27,92.07,52.18,0.00,215.72,109.79,3
16.28,23.38,15.41,10.82,6.23,12.72,20.95,6.72,44.95,23.36,3
109.30,84.54,1.17,0.00,36.67,67.84,62.49,106.50,271.89,81.84,3
117.50,136.54,54.23,136.64,13.32,52.92,18.97,25.58,337.94,126.59,3
54.28,45.98,50.07,64.21,41.34,61.38,80.60,0.43,139.09,38.03,3
41.95,70.99,16.58,12.95,0.00,81.84,40.70,33.43,193.62,85.53,3
28.32,21.18,34.77,36.63,19.45,16.00,12.13,27.28,95.44,39.93,3
14.11,21.80,10.86,22.29,27.02,17.14,36.16,32.85,54.60,39.27,3
1.24,108.24,32.25,31.33,140.42,19.25,71.16,32.69,162.99,171.72,3
119.54,91.87,39.77,27.80,124.38,77.74,46.14,0.00,182.90,98.04,3
23.29,38.89,16.25,18.05,32.13,41.02,12.88,12.78,60.79,19.79,3
90.37,120.78,41.45,110.19,57.79,69.83,85.42,58.82,185.28,114.16,3
58.71,24.70,94.22,65.82,107.24,114.71,111.24,92.41,248.36,173.25,3
68.04,147.38,32.32,81.10,49.36,132.23,151.56,75.98,231.39,199.38,3
87.59,61.00,164.12,113.68,65.13,149.84,129.58,20.34,315.32,143.62,3
47.47,114.33,110.48,157.46,98.24,101.56,141.65,0.00,311.42,164.39,3
94.78,43.96,38.49,74.43,8.64,73.23,69.19,31.75,244.90,79.33,3
21.01,16.49,57.41,60.38,30.72,60.19,79.50,9.80,72.63,87.61,3
31.61,27.44,4.85,45.79,31.92,38.07,31.51,7.77,167.34,64.13,3
66.43,72.04,45.37,22.29,0.75,46.61,84.45,91.51,172.22,84.00,3
62.63,50.68,0.00,7.76,14.17,37.32,19.58,37.80,125.70,34.65,3
46.71,84.99,63.24,46.10,96.40,108.52,39.03,44.10,97.75,54.24,3
74.93,55.23,0.00,7.44,83.67,58.32,47.07,43.99,114.59,67.22,3
36.31,49.81,23.82,6.75,20.41,52.00,50.13,37.92,104.55,66.57,3
107.43,80.57,86.15,138.06,56.39,135.91,89.36,3.88,275.86,91.47,3
59.46,198.70,151.58,91.71,143.73,0.00,164.46,86.81,276.95,87.40,3
51.23,76.22,129.18,87.85,83.11,38.81,173.80,44.32,225.72,146.32,3
92.69,17.09,23.92,0.00,37.36,104.31,133.39,72.14,217.36,96.27,3
95.12,54.95,0.00,55.35,42.11,109.17,99.60,30.24,252.65,95.69,3
119.07,163.35,12.72,131.67,25.76,123.34,124.21,100.07,275.85,49.99,3
17.76,9.65,8.73,12.22,0.00,20.83,17.84,1.22,26.72,12.83,3
17.14,14.08,25.89,12.90,14.66,10.23,20.12,5.89,34.02,2.95,3
18.95,0.94,69.74,50.32,21.63,44.04,76.83,19.44,153.24,68.47,3
121.98,111.68,85.10,96.41,114.11,107.94,96.18,0.00,247.07,77.26,3
45.12,88.94,67.60,26.75,69.32,80.27,42.98,4.96,230.71,158.68,3
236.10,191.36,3.36,34.02,39.29,141.94,114.26,54.83,269.25,132.07,3
17.77,29.93,9.84,13.58,17.74,36.53,26.52,15.94,57.16,33.85,3
18.89,26.59,30.22,16.36,0.76,35.84,4.08,29.11,89.68,11.15,3
102.56,123.59,44.37,58.69,30.46,38.48,73.55,92.93,202.49,212.97,3
57.24,87.75,59.14,61.50,70.48,33.80,38.55,31.81,150.17,51.31,3
71.93,11.58,14.49,1.61,121.16,48.15,69.01,78.61,128.80,46.17,3
36.91,33.07,5.23,5.35,15.72,36.25,17.54,40.68,71.04,40.94,3
67.60,68.95,57.31,35.06,9.28,117.64,65.16,54.13,190.40,69.34,3
13.71,46.82,6.47,42.06,45.53,12.03,48.36,10.47,117.32,39.50,3
38.00,24.90,18.40,43.99,41.07,7.33,2.78,23.81,84.94,14.38,3
76.89,51.95,57.80,8.84,37.18,66.85,97.27,35.27,164.98,70.10,3
111.82,125.26,37.39,43.63,106.53,100.97,122.03,18.54,233.46,52.81,3
27.39,34.94,43.63,31.41,8.47,23.54,31.57,4.49,72.50,54.71,3
22.42,21.58,61.09,9.62,23.35,73.03,28.23,5.38,144.02,60.44,3
134.75,41.06,76.48,50.86,50.28,82.78,99.63,179.10,174.74,106.71,3
59.68,36.56,69.68,34.96,81.84,58.11,82.34,60.38,157.36,0.00,3
0.00,24.64,46.39,0.00,28.02,21.23,69.78,42.98,114.85,52.01,3
5.57,25.99,34.02,24.26,30.21,15.13,15.73,8.80,54.14,20.34,3
123.92,192.11,130.78,78.22,43.80,0.00,181.88,57.65,280.70,170.87,3
137.06,70.75,95.62,100.00,74.58,98.08,61.95,12.88,221.71,113.81,3
103.26,86.59,102.87,139.28,98.33,32.52,145.88,38.02,185.09,77.34,3
15.79,52.78,18.55,64.50,147.50,165.93,34.57,83.40,255.30,119.01,3
41.65,40.88,48.69,23.34,74.81,124.15,54.91,67.11,225.93,94.17,3
165.99,123.60,93.09,98.59,266.66,88.18,159.33,57.36,301.87,181.98,3
134.63,115.11,155.01,36.88,32.36,58.60,23.85,42.06,305.84,119.19,3
22.50,23.68,23.09,13.71,18.66,37.51,25.80,11.59,95.14,41.09,3
45.19,45.99,24.71,26.53,35.05,37.19,38.49,42.52,84.03,42.51,3
36.44,74.71,39.94,49.22,86.85,23.34,68.15,9.58,151.60,89.97,3
34.44,57.08,0.00,66.54,78.98,107.68,45.44,11.38,191.98,95.56,3
146.55,155.76,7.68,107.52,94.11,106.22,130.68,114.14,214.92,107.65,3
69.79,32.62,38.82,0.00,1.75,65.57,29.17,8.39,125.52,17.94,3
46.85,27.68,22.35,15.51,27.73,13.93,0.49,7.77,59.34,21.48,3
54.77,49.17,39.17,70.81,71.95,29.24,74.72,109.39,159.06,67.27,3
212.03,105.78,41.44,44.51,43.09,133.08,82.89,41.30,251.91,141.02,3
36.00,29.85,27.68,23.35,10.00,9.07,16.24,4.37,73.65,16.49,3
26.60,53.28,117.39,32.94,66.06,74.14,101.16,53.55,153.03,119.54,3
27.19,31.62,20.75,14.95,26.75,13.39,15.80,15.54,42.76,0.00,3
46.84,49.26,36.07,16.98,115.01,150.83,84.52,84.43,210.94,243.22,3
15.80,101.21,55.51,76.02,45.46,79.37,32.49,30.97,186.57,92.84,3
84.58,38.29,0.00,0.00,99.18,155.67,115.73,46.36,366.15,90.06,3
79.51,52.45,20.98,96.17,80.80,66.56,71.07,24.82,229.54,106.35,3
38.57,48.97,31.69,24.26,27.35,15.73,25.28,0.00,91.99,30.28,3
85.84,79.08,90.16,59.89,0.00,146.88,121.41,1.36,155.70,187.54,3
89.81,96.62,0.30,33.89,16.35,163.35,130.17,0.00,227.14,96.55,3
17.31,86.54,20.55,79.77,74.58,73.81,127.78,17.90,136.17,92.18,3
54.28,36.70,27.94,44.82,38.72,66.44,46.66,0.60,144.37,72.27,3
131.78,138.57,92.33,76.62,52.95,222.53,37.10,136.63,306.39,117.65,3
68.87,31.38,6.56,65.49,29.52,88.01,103.45,84.99,302.02,47.62,3
44.48,50.30,48.68,47.04,3.30,38.10,97.81,9.24,112.24,29.35,3
9.03,2.93,0.84,23.51,8.84,5.96,7.25,3.58,69.24,17.14,3
20.45,48.73,13.77,51.23,0.00,30.84,15.43,14.86,56.17,71.23,3
147.74,67.27,136.22,143.66,103.08,201.67,236.32,36.66,175.74,143.47,3
187.02,107.22,131.90,141.87,85.98,171.21,50.79,0.00,264.96,77.61,3
161.77,91.36,97.03,98.17,57.70,90.10,121.76,89.61,250.21,212.74,3
64.52,57.61,40.35,50.90,38.93,0.00,43.96,30.71,168.56,87.30,3
71.02,66.11,7.76,53.76,43.58,65.41,38.84,0.00,134.95,95.07,3
111.70,190.44,0.00,49.43,116.63,77.95,152.41,97.52,277.78,246.32,3
44.91,64.38,66.47,33.16,46.64,46.80,49.27,54.29,102.74,48.33,3
27.67,9.67,51.40,39.90,96.37,9.48,42.55,35.23,93.56,37.06,3
110.38,66.41,23.99,128.90,73.31,52.47,140.77,49.63,243.21,96.66,3
113.88,41.54,94.95,64.41,62.35,198.75,176.93,26.96,171.55,97.77,3
67.84,120.45,0.00,103.80,58.55,78.91,100.04,75.25,250.40,79.67,3
7.36,39.15,60.42,28.33,11.83,99.39,72.36,27.98,153.78,64.05,3
32.03,30.03,14.94,16.60,27.64,35.32,31.79,0.11,87.98,30.48,3
106.93,112.43,0.00,0.00,144.14,47.06,94.59,0.00,189.75,172.54,3
44.69,81.48,50.31,17.05,32.90,47.47,13.25,49.20,170.54,51.40,3
21.01,13.20,13.30,23.87,0.00,25.23,14.08,0.00,53.69,30.82,3
106.21,90.13,13.79,50.96,66.47,32.60,98.18,18.13,202.10,133.70,3
76.53,97.26,0.00,145.71,96.85,89.38,113.42,13.88,352.64,62.79,3
131.77,81.40,39.92,137.85,114.40,137.10,176.78,41.86,326.74,166.84,3
9.95,23.50,25.33,24.29,4.49,2.99,5.21,7.68,70.23,20.31,3
16.45,16.84,11.42,1.67,6.77,0.00,14.15,13.61,39.17,25.78,3
26.52,9.97,8.06,1.52,17.22,19.53,31.31,0.00,63.54,46.23,3
100.06,72.74,85.44,78.13,49.90,95.27,76.19,32.43,278.66,123.43,3
17.69,76.05,85.35,7.99,44.13,47.94,77.43,45.82,103.96,13.00,3
64.80,22.54,57.94,10.55,15.59,75.44,62.06,65.22,183.28,86.84,3
46.61,39.59,32.08,24.33,32.07,29.24,43.15,13.84,115.03,43.51,3
77.53,57.97,17.09,15.23,25.70,78.27,51.77,0.00,156.19,30.48,3
15.14,24.63,0.75,5.10,7.39,18.14,3.40,8.39,32.98,37.88,3
56.09,41.35,43.77,0.00,24.70,52.07,41.56,3.70,125.98,66.27,3
28.49,36.04,51.55,31.25,10.67,27.79,51.12,28.60,111.15,41.04,3
24.31,32.35,49.11,25.50,38.60,22.32,17.27,38.47,148.93,58.05,3
168.66,0.00,127.50,76.48,133.06,97.93,86.92,0.00,212.38,157.18,3
135.25,0.00,66.85,62.97,24.13,66.13,6.85,15.07,195.74,148.20,3
23.61,33.67,0.00,9.24,33.23,26.38,55.71,35.34,170.54,80.40,3
15.22,28.57,3.27,22.34,0.00,34.66,3.55,0.00,34.69,23.88,3
18.35,23.49,23.80,25.24,23.44,29.20,22.12,22.14,61.86,20.23,3
35.85,43.64,0.00,52.36,55.02,159.91,114.68,86.15,200.34,73.31,3
36.25,91.52,18.90,67.37,40.13,23.99,91.56,79.53,218.04,123.56,3
68.43,14.23,86.45,16.90,36.07,72.07,88.29,57.90,207.83,85.87,3
32.66,34.07,38.62,46.72,17.32,62.86,78.87,0.00,79.94,47.38,3
91.57,126.06,0.00,8.89,60.52,119.68,139.60,15.10,283.12,129.29,3
0.00,10.66,29.31,29.47,17.78,37.73,36.10,0.00,78.70,30.91,3
52.97,31.11,63.19,52.30,32.58,1.24,38.12,18.64,89.27,0.00,3
74.10,73.95,19.49,49.66,55.73,36.93,46.62,0.00,70.72,81.71,3
138.19,0.00,62.37,120.34,69.22,51.51,160.11,0.00,363.16,54.08,3
111.56,146.65,29.74,82.81,27.25,98.62,74.72,0.00,239.87,63.87,3
191.11,69.25,166.66,94.19,0.00,81.59,69.15,115.34,402.93,233.67,3
23.14,26.33,13.41,13.55,19.22,27.05,20.19,15.53,49.42,11.91,3
0.00,80.28,42.65,35.89,19.12,78.57,71.19,57.32,256.91,232.23,3
39.58,18.69,0.00,7.82,0.00,26.62,35.00,0.00,26.09,31.72,3
33.82,33.52,18.63,5.48,15.35,35.54,36.65,16.07,60.96,36.90,3
159.21,33.26,120.13,134.71,0.00,77.43,49.25,81.37,268.29,170.67,3
26.57,49.65,38.30,0.00,31.22,15.43,33.87,29.42,138.26,38.02,3
29.60,11.42,36.57,28.74,20.14,65.08,4.85,8.60,52.62,35.19,3
57.60,36.23,16.65,22.15,36.84,39.80,31.38,7.34,113.05,41.36,3
39.16,36.76,18.15,48.33,63.68,54.91,49.12,36.76,111.06,5.24,3
47.22,47.98,20.99,16.51,13.09,19.67,36.61,14.53,92.84,18.05,3
31.46,26.89,5.79,18.67,6.95,23.41,22.08,16.07,35.14,21.70,3
66.54,79.17,55.23,44.65,69.73,4.63,83.70,0.00,159.16,7.49,3
48.52,12.01,0.00,89.42,0.00,128.83,22.27,2.51,240.42,137.10,3
28.65,38.07,30.53,37.26,29.73,12.88,45.39,10.93,101.35,6.99,3
83.56,39.09,54.69,75.41,74.43,80.12,77.81,3.18,233.36,90.10,3
44.65,35.39,12.09,0.00,9.40,29.75,28.78,4.70,47.96,41.75,3
43.13,78.08,0.00,68.81,39.85,92.03,18.30,33.25,227.09,84.83,3
37.30,60.76,22.26,85.26,39.77,76.51,42.84,39.68,152.15,88.57,3
55.80,9.74,23.87,50.71,0.16,64.12,95.30,32.03,198.83,159.28,3
79.25,55.74,70.73,0.00,61.08,57.00,118.32,36.75,236.94,218.28,3
43.73,65.87,2.49,39.28,17.15,44.53,65.34,62.87,156.17,15.04,3
123.33,83.25,108.89,61.62,41.95,62.99,130.77,9.34,217.94,95.18,3
134.61,45.79,67.53,96.19,115.69,115.46,56.26,140.62,235.13,126.04,3
137.19,112.80,130.40,35.95,129.74,98.44,67.64,0.00,142.59,190.95,3
110.54,145.33,85.54,40.87,45.67,142.70,166.15,133.65,277.98,179.19,3
134.06,15.87,56.69,75.90,89.05,101.53,10.49,40.20,192.72,113.52,3
33.93,60.19,18.72,96.24,62.83,93.41,59.07,15.86,277.75,92.21,3
60.92,8.32,17.15,50.02,0.00,24.63,55.54,44.75,185.10,18.52,3
92.75,124.50,68.90,90.23,35.01,60.89,89.75,39.64,313.92,133.65,3
110.75,68.36,80.68,40.41,61.18,109.03,39.52,66.20,296.67,248.28,3
1.05,19.62,25.66,19.62,5.20,18.46,18.21,7.73,67.75,22.69,3
31.52,43.97,97.41,70.05,53.59,46.20,140.79,24.10,127.59,41.22,3
71.63,113.39,141.97,45.16,0.00,0.00,70.05,132.51,251.87,73.27,3
140.37,135.77,41.65,58.12,6.59,44.87,0.66,35.36,245.82,57.23,3
65.22,51.37,47.99,19.51,26.12,98.12,0.52,32.30,125.99,139.84,3
63.89,149.35,58.29,68.75,51.13,33.01,114.71,108.60,252.47,160.05,3
4.19,34.68,35.07,15.16,67.83,93.53,30.95,7.28,110.47,47.36,3
82.38,64.43,85.14,124.99,64.74,105.16,128.02,12.06,217.03,47.76,3
181.48,97.81,85.88,0.00,4.72,147.45,45.87,5.96,197.86,73.30,3
26.16,29.45,32.10,21.65,3.04,19.94,29.32,0.00,77.15,9.80,3
7.44,20.12,16.13,29.23,5.65,14.00,16.40,9.51,41.44,22.96,3
189.79,114.18,14.67,44.05,114.38,198.54,105.28,70.94,192.68,111.00,3
182.85,171.25,59.20,109.25,93.54,145.28,154.36,23.04,267.17,146.63,3
56.88,64.08,17.91,14.14,26.99,30.41,31.21,4.77,121.37,46.53,3
131.38,186.80,48.68,185.51,78.44,124.28,35.57,84.27,307.62,141.51,3
42.97,49.74,17.29,40.30,24.52,39.22,60.84,5.14,108.45,66.16,3
58.78,136.53,98.03,16.52,39.33,46.94,97.72,26.07,168.82,93.71,3
48.83,72.03,34.70,66.76,99.88,0.00,78.84,25.12,167.56,59.11,3
31.47,29.93,3.39,17.12,11.23,31.04,29.46,0.00,83.82,65.24,3
59.88,103.44,38.64,70.40,7.97,46.17,39.44,20.46,126.62,113.56,3
82.71,10.37,32.54,73.32,91.34,37.52,129.97,13.22,141.48,62.02,3
89.29,12.31,42.79,49.80,22.53,101.76,11.35,46.66,382.35,134.95,3
59.98,68.62,28.59,26.07,34.82,46.92,31.31,42.88,141.42,19.60,3
137.48,68.95,93.52,76.52,122.74,93.96,114.69,135.70,284.61,109.06,3
51.65,21.69,51.02,18.00,20.03,53.91,11.02,0.00,55.20,36.37,3
37.02,21.09,45.05,75.48,0.00,86.86,80.95,111.31,183.11,93.78,3
55.01,82.56,50.30,37.90,12.21,0.00,61.34,69.71,155.43,106.41,3
128.61,106.00,58.51,0.00,68.30,33.28,96.09,23.78,289.22,218.02,3
66.43,60.40,66.72,0.00,11.78,10.76,60.54,80.65,156.30,124.03,3
79.16,27.12,90.48,139.30,68.04,5.70,122.60,31.73,131.08,82.33,3
179.39,72.39,100.12,49.61,0.00,36.66,58.03,27.61,315.65,163.51,3
89.01,4.98,146.34,64.34,119.24,70.77,154.92,39.56,357.10,50.51,3
53.73,31.58,8.20,39.34,23.14,47.35,67.00,37.97,127.81,0.00,3
82.27,143.14,81.55,0.00,47.85,28.22,133.38,39.51,164.14,36.84,3
97.70,139.12,98.77,179.55,184.57,105.64,145.23,0.00,214.66,109.55,3
67.40,94.06,29.23,33.95,62.18,53.54,89.75,40.69,183.62,42.21,3
42.01,47.44,24.51,27.66,52.90,61.53,60.50,15.69,65.07,16.06,3
48.16,68.99,68.73,12.26,4.58,80.10,93.49,30.42,112.64,40.78,3
53.21,42.87,22.91,106.04,84.29,59.38,61.96,0.77,148.35,1.98,3
112.02,107.76,68.32,110.28,115.77,111.21,110.54,0.00,160.40,68.63,3
36.63,51.00,41.25,10.06,42.31,38.02,33.41,51.06,124.03,67.00,3
25.80,10.36,19.51,5.76,13.00,18.03,18.81,5.19,46.52,8.67,3
105.32,135.36,160.52,112.76,56.29,76.11,80.78,70.90,145.55,90.59,3
44.36,83.92,160.32,65.61,115.58,114.32,92.90,11.31,224.63,94.64,3
82.17,19.87,24.74,13.76,54.00,34.13,68.04,42.27,167.64,72.76,3
32.49,40.38,75.99,58.92,31.83,36.74,70.90,35.45,108.06,10.30,3
146.90,127.72,0.00,139.31,39.43,193.44,0.00,109.26,329.07,124.29,3
119.95,79.12,77.75,59.01,12.87,52.49,126.31,47.97,313.00,108.09,3
46.52,65.89,63.64,17.01,53.52,67.18,85.74,38.69,214.27,82.32,3
46.21,33.06,0.00,53.16,10.24,18.10,58.73,26.77,55.61,42.07,3
34.14,22.79,23.50,34.72,32.57,36.69,27.60,24.96,68.06,28.01,3
36.19,30.50,28.41,0.00,28.81,24.88,34.07,5.88,69.16,28.15,3
127.04,87.31,58.32,34.98,26.26,52.09,15.68,50.71,319.67,23.85,3
22.31,45.82,4.28,63.55,26.78,18.50,16.42,15.59,91.99,44.97,3
18.77,11.59,26.63,23.78,48.69,23.61,37.43,28.63,112.40,25.92,3
3.58,16.68,10.98,0.00,11.75,0.00,10.81,12.89,39.34,42.17,3
48.81,35.34,86.37,60.79,2.42,24.69,36.87,35.55,116.77,56.24,3
74.69,0.00,40.32,20.18,7.66,48.07,47.73,16.59,106.87,13.56,3
7.96,12.55,4.16,0.00,14.07,22.01,43.36,7.06,49.11,20.68,3
41.53,30.28,11.62,6.35,26.92,0.00,49.03,45.19,83.60,34.40,3
95.14,88.46,6.85,30.14,34.70,62.00,52.01,39.56,243.44,85.07,3
40.40,68.08,36.32,40.90,43.85,34.08,111.92,49.49,183.21,32.78,3
27.33,56.60,15.44,24.47,13.42,5.47,22.67,21.80,129.91,16.11,3
52.09,64.57,72.19,6.54,56.58,68.63,75.98,87.84,96.74,189.30,3
46.94,82.24,90.26,84.09,75.59,64.68,60.28,52.02,303.88,40.64,3
69.22,0.00,79.14,91.06,25.43,66.06,107.27,0.00,170.76,119.46,3
0.00,2.11,57.61,93.86,66.86,90.01,65.36,59.20,107.32,54.52,3
66.78,5.00,55.60,37.44,64.85,69.32,68.97,21.00,152.69,63.73,3
2.28,21.88,1.28,0.63,6.40,25.84,15.46,6.45,28.82,26.51,3
121.33,74.30,50.67,64.18,104.93,22.81,82.51,87.16,186.69,46.01,3
58.21,137.79,119.82,90.14,0.00,170.01,157.97,38.30,177.91,102.82,3
35.42,63.92,27.93,37.34,26.64,33.92,43.24,15.92,102.46,41.43,3
47.53,92.14,111.01,30.93,175.02,173.57,176.71,102.88,310.01,241.68,3
23.84,120.06,2.52,55.28,55.69,66.86,82.64,77.66,207.29,117.43,3
43.66,59.82,57.89,5.57,64.37,51.65,42.10,15.14,135.65,59.50,3
58.75,34.12,35.09,2.80,11.94,16.05,95.58,26.83,180.17,24.87,3
89.43,33.28,29.94,76.05,10.51,71.82,19.76,0.00,240.23,28.97,3
24.50,16.68,3.18,26.39,2.74,45.18,41.15,14.40,83.72,7.53,3
2.77,34.08,10.68,2.43,35.14,38.15,36.13,12.19,61.44,47.77,3
20.47,59.81,33.08,34.89,23.53,42.06,18.37,15.04,101.80,23.24,3
39.48,0.00,0.86,14.33,28.44,78.38,63.26,55.71,243.58,109.93,3
24.68,23.50,13.76,24.01,7.51,28.02,15.85,0.00,76.10,31.47,3
15.31,10.76,0.00,6.99,13.68,6.72,14.48,11.64,32.25,21.51,3
73.07,66.21,11.23,77.58,4.78,87.48,69.62,5.31,251.63,72.52,3
88.02,77.05,33.83,31.29,36.01,56.38,48.77,29.16,90.40,90.87,3
88.63,39.03,111.58,82.37,107.36,49.66,95.23,70.86,155.75,155.20,3
69.25,61.21,49.12,34.20,67.88,100.01,100.14,0.00,144.79,119.71,3
30.27,134.81,53.26,94.67,0.00,35.81,61.42,133.24,220.05,177.32,3
37.58,41.38,26.15,26.20,14.57,39.38,24.61,3.00,72.91,24.77,3
46.24,107.31,97.06,132.93,145.49,152.96,134.20,44.76,186.83,91.55,3
89.43,66.43,51.94,138.61,0.00,146.15,90.72,0.00,212.55,121.16,3
27.21,13.98,37.75,5.02,11.52,46.54,13.98,0.00,46.31,28.72,3
27.92,16.18,20.88,69.72,8.68,80.54,106.28,57.54,195.77,59.51,3
24.11,44.41,14.21,20.23,25.36,1.44,27.39,3.74,49.20,18.53,3
89.57,59.41,81.50,78.27,0.00,28.47,79.23,44.18,280.20,85.51,3
29.10,70.30,89.42,2.05,129.11,101.23,66.73,66.18,188.81,173.89,3
57.95,21.90,70.74,43.59,40.69,45.13,16.54,20.35,66.04,56.88,3
23.31,28.74,16.74,14.89,0.48,24.55,42.56,37.45,94.02,29.42,3
72.65,55.57,0.00,95.63,42.13,97.77,132.00,31.66,102.64,173.87,3
19.07,10.77,5.59,18.82,4.18,17.06,13.21,3.63,28.03,23.96,3
56.58,77.85,3.96,53.79,0.00,54.15,73.65,0.00,119.41,23.20,3
37.85,59.58,30.42,44.63,51.96,76.58,47.59,26.62,120.03,50.52,3
77.72,42.06,53.23,42.26,9.71,53.21,14.79,41.40,158.78,99.23,3
51.37,45.21,23.35,34.49,0.00,91.03,78.75,14.32,149.71,60.34,3
38.22,33.07,39.68,16.79,33.32,14.86,65.78,10.16,113.92,66.43,3
39.00,19.27,44.85,27.03,21.69,36.12,49.02,42.55,98.35,86.26,3
112.23,174.70,145.14,103.72,68.45,73.56,87.18,91.47,187.59,187.73,3
43.26,51.97,0.00,118.78,59.71,80.93,84.63,84.85,237.78,90.35,3
22.40,20.26,19.89,6.29,23.60,20.66,27.73,18.50,48.91,18.12,3
5.25,5.65,20.37,21.73,23.35,14.40,25.00,13.55,34.57,11.65,3
0.00,107.77,0.00,4.28,86.38,89.03,128.09,34.57,396.52,190.33,3
164.59,84.52,9.41,102.68,93.51,177.85,165.06,53.60,436.41,99.50,3
65.02,9.94,59.76,129.68,92.22,0.00,141.82,96.81,289.35,43.47,3
92.42,57.67,63.48,99.42,114.14,178.25,163.00,120.34,228.99,124.16,3
41.99,12.52,21.58,23.26,10.87,30.60,37.95,9.37,48.15,29.00,3
1.55,101.98,71.61,137.95,51.19,152.07,133.44,63.05,372.62,183.73,3
83.18,74.70,57.24,162.12,0.00,0.00,157.90,93.92,320.77,99.12,3
20.26,51.77,37.35,21.00,35.04,38.22,42.18,7.82,52.40,70.16,3
55.29,101.08,29.73,63.98,48.98,56.52,31.15,0.00,140.58,63.86,3
14.83,12.63,34.75,99.85,63.85,69.38,83.27,20.62,149.18,91.00,3
53.33,104.71,0.70,73.85,7.54,129.87,152.66,43.43,253.55,111.50,3
26.15,47.43,32.87,38.80,29.55,88.33,124.94,34.73,198.92,98.00,3
85.22,53.90,104.10,150.17,61.70,126.53,70.67,93.04,142.18,133.96,3
122.93,66.04,175.09,66.64,113.31,101.94,125.19,61.76,537.82,107.44,3
15.79,18.92,0.77,21.88,11.90,14.69,23.10,22.98,28.20,17.14,3
22.45,64.23,10.91,38.30,44.51,79.84,30.74,32.92,191.56,68.79,3
165.40,132.23,58.99,59.45,144.69,67.40,122.40,0.00,231.11,215.98,3
69.34,101.55,16.09,99.58,139.64,102.04,105.06,0.00,189.90,212.94,3
125.21,201.81,76.18,145.07,102.38,211.48,69.99,72.92,361.30,251.30,3
40.55,88.16,56.54,0.00,37.15,93.75,63.40,56.38,130.22,137.01,3
207.61,122.26,178.68,208.32,139.42,142.13,49.65,54.49,393.08,131.25,3
26.27,0.00,49.63,65.16,48.22,31.76,12.45,16.15,57.77,57.26,3
189.75,54.44,51.26,69.66,62.43,14.45,97.17,57.35,308.69,108.21,3
66.07,101.98,32.55,31.65,22.97,95.09,62.91,86.91,197.22,54.57,3
73.67,113.42,11.17,143.91,30.91,162.60,135.12,137.65,339.27,175.78,3
99.97,21.54,126.53,93.45,21.22,76.08,65.97,52.17,319.23,79.46,3
37.38,56.63,76.06,42.25,33.46,18.43,40.03,22.43,103.71,107.18,3
43.28,69.25,12.46,27.33,0.00,77.81,56.73,31.45,58.24,19.18,3
120.71,133.41,105.83,55.04,96.37,0.00,108.96,53.82,253.99,258.72,3
34.91,17.72,15.33,38.42,17.87,48.05,28.75,11.86,74.46,63.37,3
36.10,23.85,0.00,46.90,0.00,37.98,22.29,34.90,62.68,39.95,3
73.44,84.89,111.75,137.84,54.96,87.06,56.36,110.25,305.86,57.19,3
21.33,4.93,22.98,10.27,31.51,35.71,60.51,0.00,93.13,39.32,3
74.75,107.10,27.67,15.90,12.40,81.53,27.90,6.79,159.94,150.65,3
30.46,30.19,27.14,0.94,22.52,10.22,12.56,10.86,53.49,37.39,3
71.69,194.63,156.80,86.54,227.01,139.79,163.30,30.42,349.51,119.24,3
145.40,110.52,12.39,10.14,43.37,61.72,10.25,62.35,359.38,34.46,3
9.78,43.56,31.14,18.82,30.46,52.04,44.19,5.07,121.02,106.79,3
63.26,63.08,27.77,59.22,71.40,36.68,26.39,53.78,134.57,103.58,3
35.16,70.14,0.27,37.04,25.39,20.53,40.01,0.00,123.91,56.94,3
113.68,241.17,87.87,20.38,137.58,198.89,253.05,144.55,267.86,173.58,3
17.86,24.14,18.38,6.28,24.63,6.66,6.60,15.46,66.74,20.01,3
35.23,83.89,0.00,65.80,15.97,150.25,0.00,0.00,132.73,137.65,3
27.98,19.21,22.98,3.22,11.88,18.54,6.51,13.58,53.06,22.92,3
140.02,75.37,116.10,105.60,87.24,19.43,109.40,70.93,421.07,151.45,3
111.65,59.36,0.00,89.08,82.73,139.26,103.65,30.39,225.34,85.29,3
17.83,47.40,60.58,58.55,42.76,102.36,100.06,32.96,169.22,63.87,3
53.22,24.19,70.79,23.84,53.70,23.13,31.36,9.09,176.85,111.90,3
46.04,68.58,32.83,62.39,15.81,57.62,96.53,97.31,229.78,113.50,3
83.50,63.22,53.23,51.96,66.88,19.95,39.33,108.11,125.86,27.83,3
0.89,7.23,2.91,20.65,22.68,6.48,25.94,5.55,37.22,20.89,3
143.18,36.08,135.55,75.91,96.85,144.55,144.54,89.44,289.81,129.95,3
58.56,138.31,26.38,80.54,50.34,66.76,81.51,132.50,177.12,120.52,3
52.68,79.15,58.85,125.86,62.36,92.31,93.40,63.48,189.16,150.95,3
22.45,15.72,30.04,31.73,12.66,98.16,51.08,29.06,84.34,88.07,3
0.00,125.69,177.70,63.86,58.73,91.62,138.63,51.60,279.88,80.17,3
133.04,171.72,49.72,55.07,67.66,167.65,147.77,62.19,241.75,135.75,3
34.46,135.04,58.17,47.36,79.35,88.83,101.66,43.50,194.02,133.99,3
24.14,47.95,87.54,119.36,61.99,149.20,55.02,134.19,428.90,141.06,3
16.29,7.66,6.65,20.78,8.09,13.60,26.60,12.97,62.11,28.48,3
88.47,57.99,24.39,69.49,91.91,56.04,71.87,31.55,299.12,94.33,3
18.13,71.17,106.48,125.48,109.96,70.81,89.11,44.72,396.51,0.00,3
24.99,75.44,18.78,47.84,41.50,104.96,76.82,36.91,191.24,32.90,3
19.46,11.63,10.26,8.64,7.70,35.53,29.09,0.00,47.22,46.93,3
35.25,38.98,72.28,100.95,48.31,154.19,70.74,0.00,195.14,89.91,3
1.08,63.03,60.54,20.93,25.86,45.28,38.71,2.09,138.53,31.46,3
44.36,45.37,0.00,35.26,49.98,30.52,53.09,0.00,71.18,21.47,3
25.55,3.31,14.71,25.47,19.35,25.14,5.68,13.03,54.06,58.03,3
133.91,128.55,70.16,72.30,103.18,74.51,121.59,98.12,178.18,161.63,3
3.44,48.46,0.00,61.65,6.96,32.74,36.47,21.05,136.61,76.86,3
48.44,70.38,78.24,38.83,35.61,47.13,51.60,27.83,174.06,76.46,3
141.81,216.10,192.87,87.55,99.23,175.58,167.87,97.60,382.17,180.48,3
30.16,37.87,17.19,39.56,5.50,48.22,43.65,32.43,70.62,32.51,3
0.32,15.64,37.51,14.47,14.00,2.89,27.45,15.95,28.23,19.22,3
16.91,33.97,17.69,13.18,12.84,1.32,9.61,0.00,88.72,35.04,3
119.44,22.74,110.96,92.57,56.63,140.29,133.95,0.00,332.63,208.19,3
40.76,42.41,23.69,44.03,27.22,69.84,46.50,7.58,149.96,51.71,3
59.11,131.40,116.06,159.25,75.20,82.27,190.93,0.00,196.55,146.16,3
142.43,126.69,70.98,92.97,7.23,106.41,98.24,65.48,349.09,107.98,3
52.01,29.46,0.00,9.36,0.37,48.90,23.31,41.82,284.38,128.96,3
161.10,176.09,119.01,45.81,103.35,78.86,102.74,43.72,246.20,90.53,3
138.76,13.27,42.95,25.22,28.05,62.88,56.86,0.00,170.51,94.69,3
87.60,219.47,24.26,44.50,186.87,30.00,155.78,2.29,290.56,169.07,3
41.82,84.18,83.79,48.86,87.33,17.36,94.19,41.80,110.73,126.37,3
20.99,7.72,0.00,14.51,2.06,16.80,17.98,7.32,31.92,28.22,3
160.41,167.70,32.47,32.47,125.51,78.68,216.77,106.35,342.70,181.70,3
63.39,119.27,28.37,54.72,70.08,120.73,133.51,15.20,431.09,108.86,3
45.49,10.73,41.50,0.00,44.03,26.35,39.43,3.16,84.71,89.13,3
14.16,25.38,2.58,30.27,21.25,29.75,34.38,0.00,56.95,30.79,3
7.47,6.07,38.88,16.55,40.45,16.87,16.99,8.11,57.51,34.04,3
109.50,151.73,77.69,28.22,36.62,103.37,58.31,53.82,217.97,127.16,3
38.23,26.64,10.61,28.51,50.73,26.42,47.84,0.00,92.89,57.16,3
21.27,30.36,73.31,54.14,140.47,63.90,52.89,93.00,233.00,182.53,3
81.18,11.38,133.62,106.47,22.03,15.23,30.34,64.43,248.06,200.00,3
76.51,47.20,28.95,47.47,12.81,47.85,76.60,75.09,168.55,82.29,3
0.00,30.76,24.31,13.28,20.92,21.49,47.08,47.77,81.69,25.36,3
31.92,24.24,19.01,17.82,9.92,39.86,31.03,13.10,33.35,24.01,3
103.45,93.94,28.55,3.41,46.10,14.11,204.37,0.00,310.98,114.10,3
98.18,0.00,81.12,99.42,110.07,100.59,0.00,64.49,357.59,179.89,3
39.24,39.04,38.33,91.61,66.11,58.67,23.72,39.57,88.98,87.23,3
74.72,37.43,93.15,55.85,61.86,74.59,91.02,65.16,183.66,109.55,3
29.31,30.91,25.70,20.69,39.09,23.25,33.95,13.51,53.70,31.15,3
73.72,107.57,83.32,44.95,63.29,32.66,135.38,53.79,151.04,100.22,3
78.52,39.84,35.86,47.70,0.09,108.14,71.87,51.99,140.07,83.35,3
9.26,17.34,46.06,62.59,43.61,68.23,18.12,26.48,154.57,70.73,3
7.79,0.00,10.47,17.82,20.54,27.06,6.63,16.23,57.27,19.73,3
49.63,104.85,139.40,20.45,112.76,106.67,0.00,94.86,443.84,94.35,3
26.49,0.62,63.86,49.31,36.57,46.71,15.02,22.60,103.53,59.27,3
2.15,12.85,16.68,39.37,23.45,34.79,34.87,26.32,95.85,10.06,3
11.73,13.08,16.66,22.16,10.04,48.73,33.93,10.03,68.18,32.85,3
62.15,66.30,0.00,27.93,56.74,31.75,89.61,16.51,219.09,33.76,3
10.87,10.34,0.00,10.70,0.00,24.86,5.95,8.16,37.62,13.40,3
65.47,29.53,11.41,10.06,81.29,50.56,51.72,18.57,150.28,112.59,3
14.73,45.28,0.00,14.78,22.37,28.43,60.15,33.16,111.34,54.76,3
34.96,26.28,35.48,7.68,32.85,42.81,32.48,61.46,104.98,31.34,3
82.83,55.63,20.08,71.95,0.00,48.79,46.96,11.94,108.96,58.71,3
94.24,119.53,71.15,35.46,122.54,101.94,28.46,75.32,287.75,102.37,3
31.78,68.61,32.99,45.44,25.96,113.91,70.43,46.58,179.74,40.38,3
47.61,43.33,30.99,24.33,86.42,45.40,66.67,0.00,169.34,80.03,3
38.76,11.92,43.43,5.34,32.45,14.78,36.79,30.47,40.77,22.34,3
80.20,87.61,90.27,0.00,54.50,93.98,43.71,145.54,168.59,21.16,3
11.24,9.52,29.55,0.00,22.57,18.90,38.68,6.67,149.32,91.18,3
32.54,64.31,5.93,55.49,23.62,66.96,44.85,17.12,116.16,75.34,3
60.21,36.66,0.00,52.26,30.52,73.57,46.66,14.93,102.60,40.07,3
67.46,38.69,71.08,72.30,11.91,64.83,114.10,95.61,241.52,45.15,3
83.60,51.64,124.80,139.63,84.90,53.05,114.37,2.88,147.44,76.29,3
103.52,128.89,113.17,54.90,55.94,30.47,211.22,110.56,358.16,252.79,3
58.96,51.28,89.04,99.68,98.72,40.80,42.54,0.00,83.87,79.17,3
81.96,0.00,71.66,54.77,70.83,105.85,91.82,64.99,131.19,93.71,3
18.67,132.17,16.32,103.67,1.90,75.22,96.87,26.92,220.87,89.65,3
55.39,68.41,78.28,0.60,24.62,9.85,48.12,55.99,113.08,76.45,3
30.69,25.71,18.45,12.04,9.42,17.67,25.28,33.35,35.47,33.86,3
3.16,31.79,31.86,30.63,1.36,20.58,37.96,33.22,65.32,18.92,3
14.41,25.07,6.67,23.56,10.87,27.30,8.77,1.79,50.15,19.57,3
121.51,71.08,131.74,112.32,136.61,84.71,157.78,65.43,430.21,162.38,3
11.31,10.81,18.73,26.90,16.00,3.61,29.61,17.90,33.87,21.10,3
17.32,18.55,14.19,18.72,15.68,18.28,25.87,4.22,54.74,15.94,3
101.65,93.08,32.85,79.09,60.70,50.70,64.41,32.23,116.94,54.86,3
61.68,24.08,9.38,8.99,11.85,32.90,46.58,40.32,134.57,49.71,3
112.13,91.54,91.16,18.40,51.78,119.62,144.46,27.23,314.06,157.91,3
24.79,63.66,61.92,39.91,15.87,4.18,14.40,12.93,137.25,37.36,3
77.90,50.21,75.09,57.08,83.73,95.43,84.81,58.27,171.67,127.89,3
34.80,56.09,25.13,46.77,10.37,94.39,106.48,25.86,109.83,36.71,3
62.73,78.72,37.86,46.26,90.00,135.94,140.84,0.00,212.91,171.93,3
40.48,105.07,52.85,64.06,0.00,75.82,33.11,66.11,115.32,70.13,3
118.12,57.15,75.66,75.90,61.50,64.53,18.59,132.10,182.41,134.64,3
73.48,72.43,26.98,16.88,67.20,29.26,19.46,93.16,156.59,120.23,3
102.62,43.55,11.91,100.59,142.65,101.22,162.83,55.23,208.42,141.13,3
89.63,70.19,146.57,92.80,29.90,93.06,145.37,49.17,189.64,225.29,3
50.43,27.51,46.96,144.53,2.66,75.85,29.56,78.40,213.65,93.94,3
74.63,174.18,33.17,70.79,60.87,79.94,73.44,109.17,144.27,136.45,3
33.72,42.32,46.69,47.39,28.86,51.34,27.41,0.00,115.89,83.93,3
7.40,4.59,8.10,11.18,10.78,0.00,16.31,10.60,39.25,16.81,3
23.86,17.72,2.17,30.24,10.14,11.48,19.47,10.25,38.29,31.16,3
25.74,29.25,19.23,16.61,13.94,34.63,26.47,0.00,67.65,37.93,3
47.13,110.12,44.67,57.70,71.18,73.29,141.25,69.99,203.05,122.18,3
85.77,162.14,108.06,42.00,31.02,127.69,105.89,92.30,208.42,107.20,3
4.23,13.04,28.00,32.52,7.59,15.05,28.00,30.55,50.49,40.44,3
14.59,23.13,3.64,13.98,11.11,0.58,36.13,0.00,31.31,18.78,3
65.41,50.41,110.68,124.92,116.42,44.12,76.27,29.52,284.36,90.37,3
104.12,43.38,1.93,67.51,20.07,104.58,122.82,73.22,144.67,145.02,3
105.99,57.19,13.47,74.12,96.00,69.56,40.55,34.83,210.58,71.42,3
88.75,76.55,55.02,41.96,2.07,69.96,55.31,23.81,182.91,66.51,3
92.11,7.18,15.36,77.24,31.31,75.30,54.60,85.98,183.65,126.15,3
76.19,110.85,56.97,79.23,55.61,106.96,159.54,9.55,234.63,122.62,3
38.68,98.06,54.02,61.34,87.70,90.50,76.56,53.45,192.93,100.17,3
103.33,87.37,144.45,71.50,101.97,95.42,130.42,0.00,297.65,208.39,3
17.52,37.35,13.41,23.08,8.52,17.52,25.99,0.00,61.38,39.39,3
37.30,36.61,14.84,0.00,19.40,43.04,20.81,27.63,111.15,63.91,3
180.98,245.34,56.57,19.28,138.49,133.39,59.06,27.94,262.09,111.36,3
89.20,50.26,37.09,13.37,0.00,65.17,17.12,0.00,158.49,77.87,3
60.77,82.63,105.12,86.47,56.30,40.95,66.63,110.27,152.94,103.51,3
20.33,31.39,16.44,25.49,24.23,15.83,24.77,22.52,32.55,48.67,3
14.65,29.99,23.54,46.04,35.64,44.50,39.01,0.00,81.10,44.38,3
64.87,24.70,68.19,73.30,64.37,57.25,72.13,9.57,143.76,116.03,3
151.40,92.75,0.00,152.09,0.00,13.02,31.27,127.05,345.22,211.56,3
20.95,61.75,76.80,97.80,35.79,105.10,65.09,3.52,148.00,76.33,3
13.00,22.45,5.64,13.33,8.83,2.25,14.87,2.83,40.38,28.90,3
0.00,26.64,17.81,32.82,11.15,30.28,31.44,22.89,47.83,44.40,3
81.85,77.27,49.98,85.27,94.87,39.37,62.86,0.00,203.13,90.48,3
70.07,59.56,29.42,111.84,23.40,43.93,72.01,62.22,153.72,97.93,3
122.15,82.47,0.00,33.71,77.62,118.94,97.68,14.73,222.02,48.23,3
2.21,19.01,10.37,28.56,0.00,5.42,4.71,4.15,59.27,16.83,3
57.70,65.32,89.45,102.69,94.95,81.60,176.52,169.26,392.07,177.05,3
43.46,29.66,9.97,31.70,32.84,25.51,28.82,28.28,50.41,37.97,3
67.70,78.00,113.29,57.90,51.41,34.60,66.48,0.00,159.31,155.82,3
188.00,54.09,18.40,48.18,90.38,166.25,71.28,94.50,203.35,190.07,3
62.70,89.98,43.01,61.75,74.12,27.57,137.30,20.97,157.54,82.37,3
48.05,34.00,12.88,10.41,37.03,27.41,33.07,85.60,139.25,89.22,3
90.27,34.43,24.80,16.77,20.83,73.84,48.98,0.00,233.14,124.93,3
48.12,39.88,33.12,4.66,12.52,19.18,94.04,25.90,139.31,72.98,3
115.15,41.13,31.11,27.81,17.61,0.00,80.38,0.00,136.61,101.43,3
119.07,73.77,32.74,48.74,31.88,145.41,158.45,0.00,242.80,97.00,3
47.60,31.24,39.61,29.14,58.50,44.13,75.74,25.92,129.28,34.35,3
44.86,45.44,8.59,29.27,0.00,16.50,75.72,7.32,139.81,48.98,3
118.21,72.74,97.49,47.22,67.63,128.95,89.03,41.19,229.80,66.08,3
67.68,44.75,7.15,5.20,29.16,50.36,56.59,39.68,185.59,50.52,3
6.09,16.00,11.33,10.08,0.00,17.55,6.07,3.82,35.60,12.33,3
82.02,58.15,42.19,0.00,0.00,93.72,46.44,31.85,151.52,101.94,3
106.04,6.42,120.36,6.93,39.73,130.85,50.01,59.78,258.19,135.09,3
30.01,25.96,29.61,33.85,24.63,30.24,68.16,50.79,105.51,48.23,3
148.47,97.39,109.65,79.81,101.31,81.99,142.86,74.73,353.60,185.71,3
20.61,15.85,20.13,22.67,11.37,41.55,67.03,15.75,100.07,84.37,3
42.58,77.75,17.49,60.52,31.97,106.10,128.42,123.56,341.25,129.05,3
76.37,85.27,57.79,22.27,4.60,65.49,13.53,32.44,131.21,69.64,3
54.36,39.51,11.73,24.71,30.68,9.85,45.08,5.36,84.76,3.84,3
116.35,35.24,33.26,41.83,38.30,56.49,75.42,27.74,170.45,20.78,3
61.67,100.05,38.60,21.97,47.08,44.58,108.56,50.59,160.98,114.19,3
62.35,83.57,27.06,53.98,45.66,9.30,41.74,0.00,155.93,76.77,3
79.18,25.20,15.45,78.27,5.35,81.75,21.57,24.31,136.53,102.59,3
53.86,135.73,26.92,27.21,191.40,130.57,185.19,105.02,163.99,33.08,3
115.11,157.28,71.77,126.79,84.86,142.12,188.18,18.00,280.38,145.30,3
111.29,189.20,70.88,16.39,83.18,158.96,115.90,2.69,238.43,104.44,3
25.81,31.82,25.78,17.52,4.33,18.78,20.55,5.85,40.09,17.19,3
7.67,14.38,13.93,15.08,28.74,20.86,22.87,0.23,32.80,18.61,3
10.36,59.37,50.75,0.00,76.46,90.41,96.92,14.95,91.34,86.58,3
107.62,84.44,31.11,63.66,10.33,50.75,61.32,0.00,152.63,136.58,3
42.75,74.40,71.53,110.25,0.00,89.37,7.80,0.00,277.72,116.98,3
9.95,46.31,36.11,0.00,1.12,49.35,19.73,0.00,115.89,73.72,3
87.82,67.22,41.55,58.43,33.95,115.36,52.55,68.10,126.20,87.11,3
107.16,130.78,125.09,87.53,74.00,99.56,196.79,21.21,303.62,135.02,3
29.89,27.30,47.32,20.87,13.90,25.32,43.58,7.00,101.82,76.81,3
70.33,66.87,39.72,9.58,85.27,88.63,86.21,57.47,154.14,88.90,3
29.67,90.05,66.12,58.11,57.47,50.75,111.71,22.74,110.00,60.87,3
24.09,39.63,24.12,21.82,22.42,22.30,15.38,23.44,72.14,50.19,3
20.19,18.49,20.03,0.44,18.08,20.50,42.64,28.49,24.19,36.17,3
60.79,127.93,116.31,157.11,120.68,66.28,143.94,79.87,277.29,71.72,3
83.97,36.20,55.33,41.75,4.76,72.20,41.80,41.79,183.78,80.22,3
92.80,85.33,40.46,51.67,10.05,65.87,109.98,5.45,160.49,105.27,3
23.60,31.54,26.14,24.84,16.66,19.75,39.05,10.01,79.65,28.66,3
51.60,43.07,141.68,179.83,0.00,115.87,155.84,95.43,309.04,209.97,3
10.33,6.40,36.62,51.69,39.18,34.10,25.00,29.34,94.11,61.89,3
154.08,67.54,34.10,131.96,32.99,66.93,136.68,23.61,293.80,206.79,3
126.20,85.11,49.35,24.56,28.28,69.18,81.19,46.83,275.21,154.03,3
40.04,55.84,36.65,50.72,65.14,31.99,52.82,76.28,106.15,82.90,3
166.63,142.22,0.00,23.56,51.56,124.40,87.47,91.67,255.36,44.04,3
90.95,129.43,91.42,166.87,180.14,0.00,110.07,147.16,396.74,97.04,3
62.13,82.53,57.96,84.21,92.18,84.71,60.47,29.08,136.64,84.30,3
48.30,79.63,63.07,26.41,8.55,50.79,2.59,23.62,156.01,97.15,3
32.97,55.46,96.90,9.87,34.89,83.08,148.32,78.02,292.25,81.21,3
25.13,34.15,44.16,39.88,39.12,90.95,70.22,81.63,219.71,155.35,3
160.66,69.94,140.48,28.55,144.35,0.00,190.26,139.55,154.67,238.50,3
137.50,122.05,144.29,0.95,70.72,58.37,144.40,102.58,188.06,128.49,3
88.99,12.88,103.32,26.68,60.67,117.62,17.27,73.63,196.51,123.20,3
103.35,80.09,146.56,35.22,93.02,122.65,78.43,115.31,202.46,162.85,3
25.09,20.66,3.02,6.35,10.48,26.58,8.70,19.41,47.79,13.29,3
74.50,28.77,26.10,35.80,69.89,45.18,101.00,5.94,162.48,29.08,3
85.40,117.25,69.96,71.49,50.31,29.74,104.76,40.02,217.51,149.61,3
59.86,106.33,23.14,42.93,78.48,43.64,57.35,45.41,75.00,35.06,3
53.15,68.09,94.47,41.39,104.04,44.22,30.22,32.05,136.88,47.05,3
77.29,103.41,58.78,72.48,110.95,85.65,159.99,37.24,160.02,195.76,3
10.80,99.44,41.58,128.76,79.73,70.89,54.88,75.61,185.12,104.22,3
104.40,240.30,86.38,165.44,27.84,118.32,64.89,58.89,316.44,154.99,3
173.96,22.26,21.88,74.88,113.02,81.97,151.66,94.46,291.62,194.48,3
27.53,12.41,0.00,30.29,2.84,19.92,20.11,11.64,86.77,10.48,3
63.52,18.53,90.38,95.68,120.24,38.05,187.16,0.00,177.89,144.57,3
86.95,94.19,178.99,58.05,134.95,8.76,81.15,37.43,287.90,133.34,3
33.50,118.96,162.75,60.57,133.43,148.08,91.29,84.46,201.49,176.31,3
23.65,0.00,77.95,27.64,7.23,74.53,38.97,58.59,106.66,109.00,3
125.82,72.00,92.04,0.00,131.47,34.81,26.86,39.53,145.75,104.93,3
80.58,118.13,110.90,74.49,72.99,110.70,67.18,54.87,145.03,70.85,3
218.02,159.66,62.46,190.13,64.47,157.53,138.90,90.07,303.46,177.95,3
68.59,69.72,0.00,59.66,127.17,38.59,151.93,85.42,211.46,116.74,3
25.30,18.33,18.58,27.92,20.36,19.24,20.21,9.60,21.06,47.53,3
14.69,19.12,0.00,14.71,0.00,25.25,5.94,11.80,35.67,19.26,3
74.42,53.20,30.38,16.90,62.82,26.76,97.30,17.41,206.35,66.95,3
132.62,96.44,28.53,67.48,127.13,99.43,91.65,117.81,231.41,146.18,3
194.32,146.06,69.07,67.43,0.00,127.65,209.61,43.31,273.53,69.76,3
95.42,66.54,15.85,44.55,61.40,40.15,100.77,45.05,208.24,118.43,3
53.07,64.12,23.04,40.40,59.37,52.41,43.64,30.59,150.46,58.39,3
17.00,12.26,13.69,16.94,14.27,26.54,16.48,19.44,59.62,15.52,3
44.69,41.94,39.26,61.08,22.32,15.28,67.51,0.99,136.05,2.96,3
15.86,27.69,13.69,37.16,15.62,24.87,45.21,0.00,49.54,30.16,3
16.28,22.63,2.96,7.07,23.23,12.79,15.62,4.63,33.92,21.17,3
112.58,110.16,23.77,51.90,41.15,99.61,141.70,55.99,174.32,52.88,3
26.23,15.94,5.36,7.39,6.29,13.58,15.23,6.05,39.46,0.70,3
20.80,55.99,28.28,14.80,38.34,49.54,40.95,42.32,64.02,57.06,3
115.81,57.67,17.15,50.31,156.65,47.19,114.73,27.39,413.46,86.66,3
12.50,34.44,23.55,0.00,21.72,28.82,24.46,7.53,90.77,13.07,3
10.68,27.23,0.00,3.86,0.00,12.15,18.16,14.46,53.95,27.06,3
18.66,10.63,4.64,2.28,16.76,31.00,16.73,1.70,33.22,22.55,3
64.03,70.74,84.47,66.31,62.09,33.90,91.89,20.93,200.66,93.08,3
1.76,31.52,24.45,45.40,0.00,61.62,55.67,27.32,98.94,120.33,3
73.76,68.55,48.27,32.84,125.13,86.55,49.99,66.00,223.37,81.29,3
165.00,120.21,27.21,9.79,76.85,64.60,32.38,64.60,255.97,161.43,3
82.42,31.59,37.31,138.91,39.98,193.58,28.33,22.88,230.41,181.76,3
21.57,22.15,13.70,38.28,12.62,19.02,24.34,0.00,53.41,26.08,3
71.93,120.28,0.00,59.75,48.80,112.35,141.60,103.92,227.50,95.75,3
107.49,39.41,70.16,21.37,73.65,84.74,160.98,0.00,310.67,172.57,3
12.73,9.51,6.66,19.45,16.11,21.31,22.99,14.07,29.96,19.30,3
41.63,59.89,19.74,38.76,1.71,33.41,35.71,0.00,54.43,33.94,3
15.59,25.53,14.18,2.78,9.65,11.41,27.35,17.12,54.60,20.78,3
28.91,38.01,22.12,60.13,48.45,50.98,52.77,45.81,161.97,61.34,3
97.96,90.48,78.88,0.00,73.70,48.03,98.82,0.00,208.41,177.28,3
79.02,110.32,0.00,34.42,25.64,72.23,121.55,55.22,262.73,78.05,3
19.61,2.64,10.24,32.35,18.26,49.45,82.41,21.40,139.39,25.29,3
48.25,43.69,37.44,35.28,55.57,66.86,9.97,28.11,81.65,12.58,3
31.20,52.83,27.69,25.62,7.54,81.60,24.47,19.40,102.36,35.84,3
70.75,68.38,43.23,82.07,39.00,47.83,32.84,25.79,172.70,163.94,3
179.86,194.96,92.39,86.25,97.45,140.13,72.83,0.00,313.89,176.36,3
69.55,89.47,66.07,75.57,63.99,48.76,30.81,20.17,160.60,97.88,3
150.25,84.21,24.18,140.78,0.00,128.26,107.47,112.13,402.93,247.48,3
127.16,31.30,21.37,29.91,51.81,32.46,7.94,8.38,145.39,29.39,3
46.33,40.92,35.69,39.12,44.31,77.50,116.22,13.36,100.27,60.19,3
139.02,77.97,165.09,95.86,113.75,28.33,170.70,0.00,250.71,208.80,3
15.98,27.82,31.40,19.23,19.75,19.38,27.32,6.57,37.88,34.90,3
56.42,162.50,31.32,122.68,101.93,67.86,90.95,72.74,233.55,145.57,3
18.58,56.92,28.59,48.10,25.21,57.10,35.60,0.00,107.21,25.33,3
26.43,6.09,13.54,18.38,19.09,13.70,1.58,0.77,39.50,33.25,3
77.00,150.71,52.14,5.66,76.55,121.80,171.78,77.98,144.83,197.20,3
13.74,7.36,9.33,11.96,8.70,15.05,15.48,5.52,33.43,20.79,3
95.96,59.11,0.00,117.75,0.00,99.80,86.25,85.24,289.31,132.90,3
16.05,26.70,53.47,56.23,121.18,84.66,72.19,0.00,193.37,26.34,3
54.23,94.50,74.64,59.79,46.54,59.06,28.74,10.64,225.60,88.93,3
28.50,14.55,38.55,72.60,17.58,23.51,89.15,0.00,142.65,5.84,3
42.87,77.27,68.01,154.47,50.05,107.91,95.94,106.36,349.52,53.75,3
107.51,125.37,78.33,75.33,94.32,77.45,154.28,70.10,230.73,69.26,3
76.85,41.15,84.98,154.75,74.30,116.68,11.18,111.23,233.91,149.45,3
167.69,43.57,0.00,51.42,62.67,37.27,47.95,59.89,156.84,135.21,3
75.45,84.45,38.50,43.49,31.37,94.13,55.43,23.04,183.37,43.19,3
67.12,133.58,0.00,51.04,85.01,134.07,34.20,78.23,248.88,131.50,3
92.06,11.60,95.64,103.94,81.74,54.61,100.25,24.29,245.78,54.35,3
91.17,104.61,44.91,37.21,102.94,50.47,123.58,25.68,253.93,166.72,3
8.68,5.14,10.26,14.94,8.63,21.66,18.91,0.00,53.65,11.99,3
78.68,82.23,38.51,22.47,83.05,151.57,43.69,32.65,206.16,87.96,3
117.16,77.28,45.89,63.57,51.16,10.25,78.01,64.92,173.87,91.79,3
74.60,52.87,49.03,63.93,0.00,119.74,105.75,14.39,211.63,173.92,3
20.97,40.75,23.45,0.00,21.91,28.78,39.36,27.37,63.81,79.27,3
58.04,125.47,65.34,79.11,123.99,48.02,124.11,7.28,331.46,94.34,3
67.79,45.82,28.82,20.80,24.66,66.24,56.07,25.58,110.82,19.81,3
29.61,27.73,21.17,32.55,47.15,25.28,29.80,38.47,88.99,32.79,3
72.81,78.81,8.44,45.09,67.51,97.89,68.71,0.00,248.38,63.70,3
79.16,55.77,74.66,47.90,35.03,33.89,42.42,10.86,184.49,51.35,3
128.08,97.41,26.26,0.00,46.11,102.71,9.62,30.94,263.46,142.24,3
66.47,62.84,115.23,146.57,134.84,68.62,73.71,100.70,308.60,174.64,3
65.25,73.84,0.00,50.75,73.33,107.23,51.38,65.80,124.12,60.89,3
34.88,41.49,33.34,8.89,32.46,29.46,55.73,14.62,92.15,0.00,3
71.24,233.14,7.48,103.39,114.45,57.53,231.17,52.21,375.44,74.68,3
86.16,152.17,73.95,56.48,84.02,149.34,110.28,112.36,326.55,208.65,3
8.28,188.76,46.51,39.07,0.00,199.97,27.99,75.37,363.16,138.98,3
93.97,127.28,35.38,0.00,96.79,61.35,73.76,54.46,231.53,39.46,3
72.10,140.20,59.51,0.00,78.22,66.11,45.02,57.59,213.20,119.08,3
46.27,48.87,16.10,2.71,39.80,38.58,52.48,39.99,101.73,13.93,3
19.84,17.20,15.06,11.82,10.38,24.56,11.30,5.05,47.66,22.07,3
60.26,36.66,51.38,83.07,19.48,45.75,21.22,0.00,147.79,62.18,3
18.95,54.32,0.00,30.21,55.70,75.80,16.09,52.19,262.63,52.46,3
80.03,53.06,46.01,56.09,48.15,18.29,95.11,5.81,175.55,39.73,3
58.86,102.47,48.70,37.08,57.68,56.96,63.74,33.07,194.78,100.78,3
88.60,103.13,69.62,89.29,120.52,40.91,108.21,63.81,250.16,165.07,3
36.17,124.37,72.26,92.62,25.49,111.47,7.98,28.29,176.87,85.49,3
11.90,4.42,12.21,11.04,16.92,17.79,4.74,12.96,39.84,18.75,3
119.64,90.01,101.01,76.27,103.98,41.91,83.83,64.04,217.78,115.28,3
91.44,52.46,70.90,36.03,51.38,41.89,93.26,34.03,197.71,121.64,3
21.52,17.25,8.43,14.53,17.37,20.28,17.99,3.90,32.51,33.46,3
36.32,10.97,15.78,9.79,50.21,40.43,39.91,0.00,50.60,36.87,3
148.31,69.25,125.34,5.81,110.99,87.69,62.23,25.32,234.46,75.33,3
108.50,67.23,59.51,38.56,27.01,5.17,10.60,5.81,292.28,193.20,3
76.05,118.21,118.73,82.41,26.53,49.09,96.14,0.00,157.58,132.05,3
119.42,78.69,91.55,101.79,39.08,107.31,70.13,57.66,234.54,98.05,3
15.39,33.85,42.90,13.32,30.61,18.41,40.55,4.82,88.91,46.43,3
54.63,47.86,27.67,25.44,44.59,26.77,43.93,10.18,167.48,80.70,3
86.87,71.47,0.00,0.00,53.77,0.00,77.29,28.41,163.34,118.77,3
186.91,195.33,94.90,77.79,162.86,41.23,0.00,40.33,411.81,144.07,3
6.46,24.79,30.76,30.58,40.53,40.93,28.26,27.32,87.98,45.19,3
91.22,125.35,41.82,67.51,49.93,70.60,42.11,56.53,247.25,58.63,3
41.78,45.14,22.58,40.12,30.55,8.33,24.07,37.12,95.03,22.52,3
56.62,173.83,0.00,26.56,0.00,112.16,121.27,12.97,320.66,86.99,3
32.25,4.22,9.18,35.56,17.58,24.69,40.98,17.69,85.17,4.84,3
51.42,55.99,22.20,12.17,42.37,59.60,44.22,41.52,133.85,71.87,3
33.41,16.59,169.14,85.75,22.25,116.08,121.06,31.49,262.33,139.35,3
157.41,68.54,6.92,108.53,0.00,114.89,42.35,0.00,342.84,44.84,3
117.99,0.00,52.28,44.86,82.62,131.26,163.00,66.35,335.58,146.36,3
65.03,66.69,13.35,111.81,55.99,154.08,119.18,37.36,168.22,97.88,3
153.57,120.75,54.72,64.59,89.27,23.16,57.80,32.19,252.00,107.25,3
22.99,42.98,23.45,26.83,27.30,39.24,3.42,34.16,110.51,56.50,3
45.32,28.14,76.76,44.89,66.50,56.41,87.13,59.34,129.55,45.02,3
69.14,128.53,92.36,42.65,25.17,31.69,46.35,53.66,127.92,99.50,3
106.86,16.53,71.48,184.51,31.06,0.00,162.45,34.81,192.48,175.70,3
171.04,85.00,147.64,4.25,93.02,153.68,205.17,119.59,423.08,94.17,3
12.90,3.00,9.61,15.05,0.94,18.90,20.17,0.00,27.20,12.35,3
61.99,88.80,0.00,55.69,51.88,63.94,95.76,0.00,282.73,62.83,3
105.07,118.28,93.24,127.11,131.01,16.75,172.20,0.00,193.33,108.28,3
23.56,30.04,8.90,27.53,8.01,14.71,3.97,9.19,53.07,13.25,3
186.89,72.29,83.69,87.74,81.84,82.77,45.94,4.43,392.06,134.01,3
61.96,72.45,67.20,22.06,0.00,50.87,82.73,60.73,179.01,50.23,3
19.15,9.33,26.20,7.85,11.28,11.50,31.58,9.32,59.79,42.46,3
41.35,26.99,87.99,0.00,6.04,169.76,53.09,55.63,230.92,105.27,3
37.99,61.30,110.83,63.95,89.82,120.90,117.02,21.02,305.89,203.56,3
33.12,35.50,8.16,29.15,2.52,65.24,48.88,33.78,127.22,20.85,3
126.42,39.55,76.21,73.81,10.13,78.34,105.33,0.00,240.92,131.03,3
110.10,79.37,61.21,91.41,17.47,148.97,71.21,58.48,188.71,113.05,3
18.13,28.40,13.74,0.00,13.58,15.27,20.25,16.31,41.40,29.79,3
31.43,44.06,7.04,52.83,29.98,17.13,47.36,0.00,92.47,59.35,3
44.31,8.93,34.18,43.02,43.83,64.92,37.89,38.41,68.55,48.37,3
50.88,138.76,76.61,80.29,67.74,104.22,0.00,223.58,257.54,139.64,3
86.81,114.39,32.54,67.01,132.54,81.36,121.24,71.27,180.84,163.67,3
107.48,47.15,88.50,125.13,130.85,104.53,41.70,176.47,356.03,251.82,3
81.89,96.10,102.11,8.60,46.67,39.61,59.19,25.25,338.60,103.13,3
63.80,42.36,45.32,33.26,42.40,57.79,0.00,2.16,108.04,70.24,3
36.64,92.17,14.22,19.39,54.16,20.66,44.25,0.00,134.25,52.35,3
31.63,35.47,12.05,14.34,28.48,16.04,24.69,0.00,76.19,14.06,3
45.95,1.98,63.69,84.38,50.47,36.67,53.29,21.16,100.95,68.21,3
17.61,76.68,89.18,134.46,82.35,145.88,68.80,102.62,348.83,170.54,3
113.66,74.75,112.08,69.33,51.49,85.51,25.67,23.38,142.87,47.41,3
120.28,0.00,144.72,169.68,53.77,230.55,100.76,133.22,237.88,195.86,3
49.49,80.06,38.96,72.17,25.42,49.98,53.73,0.00,270.72,81.66,3
21.73,18.50,9.42,33.30,19.03,29.75,28.98,16.15,108.86,44.27,3
107.99,113.38,27.29,88.63,37.34,20.48,80.20,37.24,243.62,82.59,3
30.44,35.82,16.54,24.41,10.50,28.01,22.25,2.95,94.29,30.43,3
45.86,73.20,0.00,37.61,35.06,14.14,57.99,0.00,86.24,42.06,3
91.02,57.55,101.11,49.55,71.14,58.24,84.91,16.81,207.65,31.80,3
71.47,37.63,0.00,89.11,0.00,43.59,69.72,75.53,227.06,94.83,3
18.73,43.17,21.57,36.95,6.83,14.72,31.44,26.04,51.04,29.45,3
183.82,125.34,42.46,114.29,112.29,65.87,53.49,82.59,350.72,208.98,3
79.10,103.41,44.17,128.88,54.40,86.05,21.39,32.91,226.93,122.52,3
11.14,10.04,0.00,1.82,2.89,13.47,9.88,8.19,20.62,22.18,3
119.83,123.93,62.83,0.00,0.00,180.21,128.99,112.06,313.39,207.88,3
46.15,91.95,52.70,0.00,67.34,81.63,89.42,42.06,158.18,103.80,3
56.41,22.47,98.86,147.67,84.34,69.50,141.90,16.99,122.03,120.56,3
33.52,151.92,28.92,69.49,10.65,176.88,47.64,0.00,374.66,83.00,3
141.19,124.29,74.48,49.93,29.44,160.09,54.66,52.13,156.73,84.37,3
72.19,30.00,71.74,3.66,38.72,65.87,60.65,14.83,187.93,36.69,3
78.73,54.37,0.00,40.62,17.17,59.82,60.30,42.35,220.42,39.78,3
124.36,10.28,120.24,15.73,135.77,49.32,0.00,102.20,441.27,166.52,3
86.68,14.89,1.70,30.90,57.79,48.14,80.43,5.04,268.21,104.26,3
30.56,22.12,17.00,38.14,36.78,59.80,16.92,7.52,69.21,39.07,3
27.70,29.90,34.92,16.08,50.63,70.63,51.34,0.00,94.68,46.39,3
82.92,197.44,95.40,101.01,104.98,111.18,205.42,19.41,367.53,230.68,3
21.49,17.17,101.07,155.43,59.22,91.70,69.20,57.81,235.55,110.62,3
34.61,13.42,32.54,6.23,8.60,7.74,26.24,10.44,54.58,20.68,3
0.00,103.23,100.72,8.66,143.06,90.08,144.72,74.67,254.64,234.48,3
101.02,67.14,36.44,5.84,37.57,2.12,1.92,58.38,147.34,109.46,3
99.63,51.68,72.60,82.28,83.76,130.75,91.76,203.25,289.81,6.05,3
81.71,85.34,4.54,57.74,49.14,72.64,67.06,97.28,149.36,62.14,3
37.30,2.00,0.00,25.80,27.06,62.10,103.94,53.98,132.78,7.92,3
219.44,115.85,100.51,132.13,115.45,89.63,43.34,0.00,213.35,258.34,3
93.63,99.68,81.99,16.97,67.70,56.08,119.99,76.90,351.23,162.82,3
91.04,104.85,50.49,63.76,72.71,125.01,24.93,55.85,371.84,201.04,3
8.48,16.30,2.86,8.68,40.20,9.23,3.51,8.84,78.99,21.76,3
42.65,53.31,6.91,84.30,111.64,109.28,116.04,73.93,217.71,200.69,3
115.09,18.05,54.00,89.45,68.90,18.72,85.50,98.08,287.51,152.12,3
46.15,49.98,81.66,58.06,102.55,68.62,65.08,67.56,245.23,31.23,3
54.53,81.57,15.85,100.52,67.26,43.56,83.41,32.95,186.43,82.35,3
24.16,43.80,11.85,16.23,40.93,25.73,29.71,8.94,73.52,38.75,3
98.58,73.34,73.32,33.44,72.69,78.38,149.88,85.96,355.06,139.03,3
52.94,44.79,51.54,47.67,75.60,106.43,5.14,1.62,161.18,77.10,3
16.56,43.74,18.57,24.82,24.08,28.81,23.67,14.78,47.24,13.04,3
62.83,117.83,41.16,0.00,44.92,66.14,62.03,0.00,157.18,97.34,3
121.84,181.55,150.86,125.00,116.52,106.67,22.67,86.52,330.07,211.44,3
80.74,48.82,84.47,29.90,60.09,32.06,111.10,2.46,241.74,166.88,3
59.74,43.13,41.44,9.20,27.14,91.12,103.89,15.12,194.96,39.55,3
35.08,16.77,26.34,11.75,7.75,15.72,38.26,20.97,123.95,42.70,3
22.71,12.17,32.74,10.94,9.15,17.43,18.19,40.31,40.43,37.40,3
29.37,52.28,54.80,52.68,108.83,103.36,67.57,5.98,199.84,147.25,3
48.35,75.08,113.54,110.24,82.38,53.19,128.07,24.76,143.34,99.79,3
39.41,65.29,33.94,45.38,0.99,74.55,65.76,3.28,64.42,41.53,3
278.16,135.00,152.58,105.59,175.53,117.82,204.89,24.62,258.30,94.38,3
44.53,32.73,53.92,34.61,9.84,20.31,114.02,0.00,184.80,130.36,3
87.50,65.92,47.81,4.84,0.67,69.99,51.80,59.21,133.76,70.12,3
40.56,18.88,18.07,29.39,16.59,16.51,45.94,68.12,103.86,47.24,3
86.81,105.20,69.41,105.22,103.79,54.85,181.04,13.44,221.07,153.15,3
88.52,211.63,108.69,57.02,0.00,31.83,130.19,40.78,262.95,180.20,3
86.54,71.60,56.03,48.55,26.96,68.55,44.39,52.23,133.83,94.23,3
31.23,17.42,0.00,41.26,13.70,99.05,0.00,3.13,266.48,53.15,3
105.96,10.06,46.31,0.00,17.33,46.27,58.74,68.95,146.79,86.41,3
159.63,99.36,30.23,67.65,11.49,123.75,83.87,96.14,272.94,168.71,3
15.18,13.52,12.97,21.15,9.31,19.18,40.42,27.85,38.74,45.20,3
86.00,27.48,42.27,80.58,55.66,33.78,122.79,40.19,192.16,82.62,3
69.78,112.16,73.92,104.79,156.49,78.20,198.23,57.17,199.18,175.66,3
6.14,11.99,16.14,30.66,18.96,21.37,22.35,0.00,72.04,93.82,3
71.67,109.64,63.08,45.25,35.13,23.43,132.28,0.98,114.67,95.58,3
62.70,71.76,0.20,0.00,81.99,30.76,58.70,0.00,121.20,99.76,3
40.33,36.56,45.76,52.73,30.09,19.73,28.58,27.61,74.41,26.28,3
72.17,47.32,33.02,48.54,46.45,37.60,66.94,50.14,67.42,45.58,3
93.18,139.77,92.41,19.36,78.84,102.14,98.98,147.59,168.00,60.71,3
44.38,115.40,111.46,100.51,40.32,146.27,101.51,22.94,265.69,205.69,3
194.99,19.68,112.75,138.94,55.64,167.14,148.69,67.66,180.54,56.09,3
153.02,109.62,37.37,17.55,44.24,66.32,112.28,95.25,200.96,41.94,3
53.37,79.31,43.98,11.31,38.66,65.08,52.63,23.72,89.84,76.13,3
89.98,38.91,94.56,65.21,53.08,60.99,40.56,0.00,244.34,55.72,3
11.30,9.28,19.46,15.86,10.48,14.69,21.88,18.42,29.48,27.65,3
23.74,21.93,15.56,12.73,19.42,24.53,24.66,10.63,38.82,13.67,3
109.09,119.58,84.00,23.69,72.01,101.25,146.02,37.97,377.34,178.97,3
82.09,126.94,0.00,72.69,0.00,87.73,147.85,137.53,466.69,117.12,3
153.74,138.54,83.61,76.64,157.65,236.47,9.84,100.06,266.00,148.93,3
41.18,18.24,31.24,3.81,35.37,17.82,20.68,8.23,68.37,11.48,3
30.47,22.12,0.00,11.30,0.00,35.60,18.25,4.44,63.62,19.98,3
33.32,30.34,64.62,69.05,34.98,22.03,92.72,30.65,132.70,36.40,3
119.08,226.92,57.34,29.27,97.81,222.16,58.02,54.22,373.88,127.61,3
114.03,105.42,76.47,127.36,36.44,51.93,45.20,7.23,163.31,122.67,3
97.78,70.63,41.48,17.27,0.00,37.83,86.84,30.33,84.99,80.57,3
82.41,27.74,180.07,129.95,103.56,76.30,115.74,24.39,186.07,159.38,3
33.62,26.25,11.11,21.50,0.00,22.07,17.77,5.96,72.67,10.75,3
83.05,60.11,36.25,10.46,18.44,56.10,28.93,17.63,129.79,117.05,3
59.86,20.67,45.20,59.98,38.90,89.38,57.70,1.34,147.77,65.42,3
121.07,91.89,100.39,79.24,62.40,68.67,50.53,14.12,159.60,12.40,3
45.85,33.95,12.05,14.09,48.33,26.85,62.85,6.02,151.60,54.88,3
7.34,14.96,16.21,16.56,15.06,12.41,38.48,21.06,46.97,26.26,3
29.38,9.75,36.66,0.00,21.72,42.94,36.93,0.00,48.69,6.27,3
95.45,112.01,71.61,145.41,64.81,130.98,0.00,0.00,158.42,219.08,3
10.67,12.10,9.05,10.83,0.00,15.20,16.48,28.78,34.16,26.21,3
100.56,79.92,51.59,90.61,31.36,51.17,57.75,16.27,78.88,83.48,3
86.33,43.51,0.60,30.06,10.63,68.08,66.47,9.38,191.66,69.86,3
11.61,50.51,27.48,17.18,45.40,49.35,35.89,34.39,116.72,95.84,3
93.42,120.83,10.85,79.40,217.14,51.53,0.26,0.00,424.65,207.06,3
0.00,11.30,6.75,12.72,0.00,6.44,15.21,0.00,33.67,18.69,3
15.46,1.64,15.25,7.71,19.42,14.33,21.31,5.97,51.87,24.35,3
2.33,23.56,7.31,24.75,14.87,29.22,19.71,16.42,66.84,18.31,3
200.71,96.70,0.48,0.00,171.51,66.08,103.91,101.07,398.08,184.91,3
105.96,54.82,108.17,53.16,147.22,95.36,144.66,25.81,221.28,32.16,3
30.09,138.20,74.57,0.00,112.22,110.80,141.87,0.00,311.43,155.85,3
96.91,171.45,88.33,30.49,33.08,47.21,78.12,65.41,231.32,153.19,3
41.01,64.38,52.02,0.76,21.45,1.07,48.77,38.49,102.30,71.94,3
21.07,49.24,12.30,43.52,21.92,45.45,105.51,7.12,157.65,93.27,3
63.66,122.79,140.78,113.08,186.30,23.27,215.83,31.77,270.11,150.06,3
170.26,148.67,76.04,91.82,43.41,160.71,254.17,70.79,165.12,175.56,3
32.14,26.56,14.69,58.20,16.89,28.64,43.79,14.88,64.98,48.13,3
114.32,99.07,36.88,49.13,74.09,57.36,51.99,21.18,279.73,158.98,3
83.79,90.17,65.92,61.84,45.10,42.50,66.06,12.61,147.00,70.48,3
26.63,62.24,45.22,31.23,54.54,80.88,81.71,24.89,134.31,75.97,3
98.74,99.29,106.14,70.46,133.66,205.88,89.27,0.00,420.83,105.69,3
132.79,146.12,35.72,95.37,65.25,0.00,60.71,37.36,349.58,86.68,3
101.76,44.07,15.48,136.27,67.88,30.50,154.37,75.58,126.43,125.43,3
34.40,105.53,125.81,101.10,76.49,147.35,38.17,27.37,415.06,172.01,3
93.53,77.59,4.46,16.98,42.98,67.07,75.06,24.01,75.77,49.11,3
71.42,84.06,63.94,120.93,78.83,88.91,112.21,24.61,157.76,56.67,3
109.02,77.86,71.30,57.91,36.62,56.82,186.25,116.47,239.72,135.33,3
41.61,47.34,2.05,51.53,57.56,33.44,62.65,78.30,105.30,30.19,3
38.08,20.07,11.71,36.18,10.09,74.69,56.24,0.00,111.53,63.85,3
38.60,97.60,101.54,165.51,126.91,94.66,139.96,0.00,260.95,208.15,3
10.14,21.68,9.63,5.25,2.03,16.88,12.11,7.49,46.09,7.58,3
22.42,50.48,19.07,68.10,0.00,34.69,39.84,12.30,178.89,49.51,3
66.44,47.33,59.05,3.42,63.65,7.31,41.37,5.43,102.07,105.73,3
41.96,57.49,77.08,105.85,0.00,130.16,62.72,106.50,247.26,100.51,3
116.57,53.83,53.59,56.61,47.15,47.30,44.29,39.94,232.35,89.29,3
118.28,51.69,104.29,116.31,122.14,28.54,56.07,42.22,169.71,161.89,3
53.84,43.58,18.05,9.16,104.96,48.12,56.54,49.17,146.46,46.22,3
100.28,85.20,19.30,26.42,55.51,63.84,46.38,35.41,256.69,86.99,3
90.35,41.99,13.21,32.13,11.55,63.05,41.57,12.64,144.87,56.78,3
87.45,22.61,67.63,50.95,64.00,5.01,117.77,41.26,124.16,99.78,3
68.08,85.69,54.44,47.55,64.32,88.45,17.24,3.98,180.57,79.75,3
88.81,83.05,164.14,133.88,81.51,105.75,162.69,91.00,280.07,195.33,3
119.09,0.00,52.27,162.20,60.69,73.64,88.97,6.77,217.27,0.00,3
81.25,35.38,49.90,52.33,40.38,52.80,53.37,7.70,135.77,80.10,3
16.08,28.88,17.52,11.57,40.37,65.60,51.24,62.73,91.08,83.85,3
90.39,73.05,112.60,53.35,62.93,74.43,149.88,17.01,118.90,85.23,3
27.24,39.26,31.74,55.78,25.62,30.89,22.35,10.11,122.20,82.77,3
31.05,24.92,12.17,31.99,28.09,21.17,18.74,12.76,64.87,39.57,3
24.82,17.84,6.28,29.92,9.56,1.92,32.21,15.30,41.87,20.02,3
117.66,184.21,169.60,178.51,102.42,175.77,200.49,0.00,177.27,152.77,3
117.51,72.75,130.80,4.46,163.59,89.37,137.84,177.39,323.51,175.32,3
73.59,70.87,0.00,0.00,0.00,23.40,44.07,69.90,157.20,53.57,3
64.64,61.84,70.52,32.41,0.00,56.19,101.26,16.52,131.88,97.83,3
130.32,68.97,89.21,32.65,37.21,77.95,169.87,54.61,328.49,132.94,3
33.98,33.91,0.00,41.99,0.00,17.34,24.51,17.35,47.79,38.90,3
6.17,10.86,25.89,15.95,12.00,11.31,22.64,0.00,64.20,28.70,3
24.25,27.19,0.00,19.57,5.26,4.91,6.62,9.14,68.91,31.19,3
169.23,214.97,36.24,53.10,47.15,75.12,85.04,122.12,288.55,171.86,3
37.69,61.25,57.72,29.30,22.88,12.23,59.08,36.79,131.52,80.04,3
37.97,19.70,20.33,32.68,7.03,19.02,24.09,1.04,62.58,34.14,3
7.73,8.24,15.26,6.46,19.23,20.92,17.10,11.95,24.89,25.56,3
70.48,37.99,84.95,32.40,45.29,47.08,29.75,10.82,139.34,2.75,3
51.51,49.83,26.15,24.82,30.88,40.83,24.16,24.30,138.89,47.34,3
7.84,19.49,18.37,5.20,11.82,15.34,9.77,1.48,30.04,22.16,3
41.57,48.63,49.92,46.88,53.98,61.52,25.86,37.97,147.75,69.26,3
70.75,64.17,47.82,43.93,28.61,90.84,69.00,5.93,96.33,83.17,3
63.63,5.37,41.69,57.11,65.02,12.34,69.26,19.17,81.65,93.97,3
117.31,33.89,75.76,39.90,104.03,33.57,34.29,77.26,162.60,129.96,3
25.99,14.39,19.55,18.30,0.87,7.33,13.09,13.02,83.67,26.29,3
94.13,115.23,85.07,41.80,102.27,133.82,175.73,0.00,300.25,111.17,3
159.35,78.03,14.18,84.60,52.56,105.18,142.80,50.17,260.28,0.00,3
28.49,50.37,21.95,33.45,42.25,50.56,40.76,0.00,82.35,38.85,3
52.93,91.14,7.41,51.39,0.00,63.09,42.27,7.98,112.82,26.31,3
63.38,112.66,86.62,4.92,31.40,92.47,146.83,119.76,191.68,112.96,3
9.32,9.07,12.07,21.22,6.81,11.83,7.62,0.00,52.58,20.51,3
46.74,45.96,16.27,22.92,42.98,45.15,100.81,24.48,104.48,96.68,3
93.94,78.02,64.71,24.36,66.68,34.75,136.06,86.50,324.18,96.06,3
135.01,109.79,133.58,123.44,58.28,150.59,122.33,0.00,250.49,105.82,3
123.73,58.40,26.31,41.20,94.18,87.99,29.30,53.94,257.61,54.45,3
57.76,62.87,12.60,75.25,13.35,54.51,48.77,32.59,115.34,44.43,3
88.17,154.90,92.38,118.07,100.00,127.07,150.27,33.56,307.00,146.84,3
31.38,40.12,5.56,5.52,14.91,27.35,55.85,0.00,116.65,39.75,3
29.88,26.80,0.00,2.82,0.00,17.24,10.92,18.79,97.58,52.63,3
88.94,35.29,97.37,57.33,45.11,24.34,107.98,33.01,228.39,82.21,3
191.42,132.61,109.42,118.66,69.31,135.97,83.39,55.78,182.79,100.38,3
127.88,84.37,72.70,89.26,29.26,122.30,43.12,0.00,234.19,60.68,3
162.73,201.89,71.67,63.07,100.20,99.13,83.22,45.58,249.00,209.12,3
37.33,55.55,45.60,27.85,40.49,61.10,55.47,29.65,141.81,69.95,3
13.22,56.43,63.95,106.64,35.66,108.01,123.67,11.72,267.16,29.17,3
126.90,76.75,89.05,153.19,75.28,123.91,87.00,40.71,227.28,51.66,3
23.60,9.94,34.33,18.93,5.13,50.49,45.55,25.66,76.66,34.36,3
18.21,0.00,38.76,13.65,4.97,16.86,9.06,6.52,61.23,34.75,3
53.05,134.17,49.82,82.89,106.56,83.30,57.20,10.62,216.13,73.09,3
121.92,96.77,88.80,41.91,119.38,91.80,9.92,31.26,201.75,141.58,3
101.76,123.34,17.92,88.57,54.95,6.66,68.25,104.38,275.93,182.82,3
72.37,19.45,53.73,19.45,66.70,66.34,49.22,30.29,130.84,26.98,3
58.86,75.75,55.02,69.75,34.17,59.36,16.96,35.36,184.63,73.20,3
164.44,93.88,111.56,178.93,30.44,84.82,170.29,50.78,199.51,161.44,3
65.57,102.05,0.00,17.12,29.71,54.68,69.50,30.63,173.22,86.75,3
23.93,44.19,25.60,29.03,46.01,31.34,18.38,0.00,118.94,26.90,3
74.98,107.94,7.12,83.13,54.01,70.50,19.68,124.92,304.52,81.91,3
82.51,109.51,62.33,57.94,124.62,190.76,66.50,78.80,383.83,185.79,3
13.99,32.31,73.02,17.60,42.32,99.91,88.42,77.91,116.08,51.65,3
80.57,72.80,106.56,78.95,74.14,0.00,78.02,85.28,215.42,149.94,3
31.85,20.21,34.21,59.35,21.98,18.41,31.70,10.51,155.31,13.62,3
45.99,73.51,16.68,47.19,35.10,21.57,48.42,23.99,86.78,18.11,3
14.81,20.90,10.02,19.41,0.00,16.38,23.46,4.52,95.52,28.25,3
18.74,35.21,94.50,13.72,54.73,0.00,9.14,16.95,154.10,152.86,3
95.94,97.98,24.69,80.38,124.42,89.42,8.77,50.71,234.79,79.41,3
64.34,19.72,21.20,7.29,0.00,39.32,69.35,18.60,89.04,43.31,3
9.21,27.20,10.31,22.85,20.91,0.00,20.37,22.73,44.20,12.46,3
144.56,151.93,109.91,185.91,67.03,89.24,101.32,5.57,132.98,116.34,3
63.97,107.85,160.94,92.21,95.41,142.65,132.32,0.00,385.24,68.49,3
14.71,10.10,53.82,83.38,41.68,135.64,61.23,57.71,319.33,65.47,3
78.04,140.58,0.00,84.18,113.57,25.92,83.15,46.72,346.09,184.17,3
147.13,31.51,153.77,42.08,135.39,140.48,165.50,60.79,279.40,272.84,3
61.37,69.77,76.85,58.24,49.05,147.18,152.84,0.00,267.84,19.09,3
142.78,76.31,0.00,60.94,116.59,133.57,102.57,10.40,246.28,166.83,3
8.78,52.99,47.89,42.85,117.27,53.33,93.07,56.41,246.78,129.80,3
116.33,117.09,22.60,66.74,98.82,69.75,94.50,0.00,165.19,112.99,3
35.34,49.92,31.52,67.20,65.93,24.03,77.11,0.00,142.30,52.60,3
33.71,24.69,39.97,18.26,24.00,9.88,26.62,8.53,81.29,44.88,3
46.02,24.99,37.53,14.80,0.50,21.98,35.51,0.00,59.52,28.23,3
136.19,75.40,0.00,55.55,48.05,77.52,48.96,67.92,198.93,113.16,3
100.97,166.43,34.14,96.86,86.67,32.38,31.58,38.74,240.21,82.43,3
123.58,68.16,79.03,95.37,49.86,88.39,98.85,58.62,194.89,112.35,3
32.58,71.93,27.12,55.36,120.50,47.92,54.18,28.18,195.06,105.64,3
32.22,82.05,19.19,146.50,29.90,86.87,51.67,64.66,325.34,77.84,3
36.60,87.77,52.73,137.48,21.88,71.90,92.59,41.64,193.30,107.07,3
28.14,15.98,26.63,5.27,26.93,30.99,25.18,23.61,58.26,33.88,3
248.31,132.68,49.06,36.87,85.52,79.17,120.92,0.00,382.40,156.81,3
37.20,40.32,65.45,58.16,11.71,58.46,73.05,50.08,93.37,50.09,3
105.29,74.17,51.62,73.62,36.12,33.49,36.71,0.00,171.48,107.89,3
105.62,74.88,53.48,84.16,0.00,116.28,98.61,70.70,314.86,220.56,3
0.00,86.23,26.49,91.48,64.63,57.16,40.96,64.97,189.87,166.99,3
70.19,82.29,129.35,57.31,179.04,42.05,145.02,0.00,399.92,185.92,3
13.26,41.83,0.00,40.40,35.72,78.45,56.72,26.09,170.02,31.02,3
145.37,107.72,142.50,0.00,44.73,87.75,77.59,89.70,315.85,149.50,3
154.38,90.54,66.55,92.73,19.80,116.71,153.19,112.62,403.30,135.72,3
120.47,113.26,45.98,59.08,101.78,161.13,124.93,0.00,127.87,85.26,3
76.37,52.07,0.00,68.79,26.01,129.95,100.58,65.71,246.48,109.44,3
26.71,41.64,42.82,45.43,23.91,33.94,44.08,14.21,80.69,61.71,3
151.65,105.15,117.02,52.62,163.16,109.36,239.34,0.00,236.88,44.42,3
25.28,33.14,61.14,34.39,23.83,14.51,53.03,32.67,135.03,35.53,3
0.00,69.22,15.45,52.04,1.44,36.85,81.52,3.51,162.37,33.68,3
97.82,6.36,88.44,73.29,117.08,111.81,94.58,40.07,179.24,27.73,3
24.32,11.79,16.10,17.64,13.71,14.71,7.29,0.00,68.81,29.52,3
37.31,92.56,71.20,102.04,65.05,95.08,146.66,70.57,137.28,42.37,3
16.65,24.43,22.53,14.60,11.92,16.67,3.23,19.45,42.06,39.80,3
13.36,23.59,110.67,6.36,63.86,78.59,89.66,36.33,87.65,72.42,3
78.28,40.93,31.69,30.02,56.91,82.04,40.74,11.40,94.82,73.20,3
94.49,66.07,68.73,3.06,92.06,13.27,71.38,82.82,160.58,96.49,3
167.26,141.69,56.04,107.19,104.38,116.20,86.46,42.54,277.69,122.06,3
118.68,223.61,5.45,143.87,150.37,98.46,107.34,0.00,368.79,213.55,3
62.25,41.09,8.04,50.63,36.67,28.48,53.63,13.45,90.28,38.82,3
24.08,23.22,5.90,20.63,15.17,68.71,0.00,16.78,110.86,55.09,3
122.58,137.13,33.38,47.28,69.89,51.62,72.74,21.77,259.87,110.14,3
94.30,75.19,34.36,92.68,22.84,74.38,106.83,79.78,188.35,65.00,3
94.30,103.89,56.67,152.81,33.63,76.81,150.14,64.48,227.42,180.01,3
58.59,60.15,27.90,56.43,25.53,60.90,102.43,63.98,121.37,157.62,3
30.98,75.73,9.90,47.56,9.70,18.99,50.58,10.41,103.55,94.91,3
30.45,38.99,27.81,32.28,11.41,31.29,19.35,35.94,62.31,34.57,3
97.74,82.86,0.00,85.64,6.79,0.00,139.96,149.66,326.48,66.68,3
79.49,105.97,28.62,35.37,116.52,5.17,86.08,39.94,317.22,175.68,3
58.96,156.82,55.75,41.58,17.60,102.04,102.81,41.06,264.54,118.55,3
7.86,9.64,13.34,15.63,17.68,19.23,15.13,0.00,36.52,10.63,3
56.04,112.86,77.37,66.48,153.58,40.69,200.85,0.00,263.51,33.50,3
17.74,1.94,5.83,25.17,3.83,46.00,39.82,17.76,95.08,23.31,3
175.37,126.24,74.04,83.47,2.44,118.54,134.73,0.00,336.98,111.39,3
33.88,55.27,64.52,64.42,56.96,66.16,34.43,81.70,205.28,42.54,3
133.62,114.51,22.61,50.28,75.83,125.76,120.52,28.99,121.57,85.77,3
79.87,120.79,60.01,18.15,57.60,143.30,95.25,23.58,216.34,80.31,3
0.00,0.00,119.82,0.00,94.68,131.57,130.42,39.69,290.45,59.53,3
79.82,74.37,197.65,53.56,175.68,69.06,152.29,74.67,330.50,110.22,3
128.85,104.28,36.16,0.00,77.00,55.76,175.57,26.64,189.86,125.33,3
50.21,71.33,60.28,41.26,29.80,142.27,123.24,26.08,181.64,14.33,3
148.70,63.58,103.19,86.84,119.36,52.89,49.63,1.66,248.42,113.41,3
54.98,90.64,39.69,42.55,52.89,46.87,107.37,39.11,154.33,121.02,3
0.42,23.98,8.53,7.43,14.77,15.60,21.50,10.80,37.07,7.88,3
9.20,23.44,18.41,31.43,8.63,44.82,9.32,25.39,103.38,13.16,3
6.28,21.65,9.21,12.02,0.00,21.08,22.65,0.00,45.78,19.78,3
57.10,24.18,55.20,27.95,29.03,32.89,20.94,54.79,79.50,55.07,3
3.22,37.04,8.60,7.19,25.72,28.30,36.51,29.64,97.88,63.25,3
31.44,25.05,33.34,24.87,7.07,17.08,22.32,5.94,52.25,45.04,3
0.00,59.18,6.50,66.55,36.54,64.04,57.87,0.00,192.24,66.45,3
104.34,101.88,19.55,60.84,54.10,67.97,12.35,117.13,197.88,131.42,3
163.61,95.43,63.70,47.97,50.55,98.35,48.70,90.47,313.34,89.88,3
17.51,24.82,29.29,13.31,29.81,40.42,21.97,23.45,88.76,22.01,3
100.42,78.39,68.60,48.72,22.56,77.15,86.90,22.14,260.77,108.50,3
55.52,70.05,55.38,14.53,0.00,65.80,94.96,76.39,81.61,56.91,3
33.67,38.50,39.13,23.29,16.53,36.92,24.15,33.82,65.08,46.97,3
44.54,21.57,62.43,47.63,27.46,26.06,32.87,72.72,119.03,72.44,3
99.02,143.00,102.51,86.74,87.19,89.55,117.22,52.21,147.61,157.77,3
135.43,31.39,72.20,8.55,23.18,0.00,149.71,105.73,300.54,128.78,3
97.89,173.80,86.68,43.39,105.75,121.44,207.07,61.78,220.23,88.91,3
74.85,52.95,81.23,72.47,114.16,56.51,46.42,50.19,225.49,48.68,3
12.67,15.38,0.00,9.84,3.86,19.90,15.00,0.00,37.48,10.33,3
51.58,40.28,24.96,10.61,28.77,49.44,33.97,23.12,97.48,32.66,3
39.07,60.54,82.29,16.89,77.29,59.12,161.68,48.15,249.88,155.18,3
50.50,49.64,24.49,0.00,13.93,16.79,33.11,24.21,101.24,25.92,3
51.40,30.84,20.91,43.98,0.00,64.23,1.94,21.08,119.76,40.28,3
19.11,48.22,53.10,0.00,33.53,8.01,72.99,19.39,96.47,62.27,3
40.10,21.22,121.23,54.40,55.73,171.04,0.00,5.34,119.17,118.57,3
131.19,135.74,0.00,129.77,13.66,91.53,90.83,0.00,220.23,132.91,3
56.61,76.22,10.32,68.63,36.35,69.24,57.43,20.33,170.59,78.69,3
67.22,100.50,33.63,38.21,0.00,85.77,68.21,47.75,184.50,107.24,3
55.92,31.58,16.98,16.60,26.27,25.43,10.75,14.70,76.57,47.64,3
114.25,115.77,66.53,28.22,0.00,149.86,66.62,50.49,311.70,183.10,3
30.35,49.20,23.78,37.58,25.90,25.03,21.14,4.99,109.46,40.92,3
59.20,77.11,26.68,39.47,76.47,28.24,67.06,43.98,114.40,54.90,3
171.16,131.50,81.12,13.68,116.05,115.89,102.85,61.70,236.94,148.98,3
113.55,167.10,64.91,88.73,52.40,110.89,86.11,70.99,357.27,123.13,3
53.41,91.90,75.43,16.68,34.14,147.11,71.47,23.98,94.58,68.14,3
158.65,84.26,4.95,90.17,0.00,112.62,157.90,173.76,302.68,175.77,3
112.73,41.03,91.75,24.05,33.55,72.77,172.11,94.61,239.17,170.14,3
18.70,46.55,14.98,11.75,32.89,39.84,58.82,12.72,126.48,71.30,3
43.85,45.75,48.48,93.50,106.21,14.97,94.57,0.00,248.01,115.70,3
90.71,153.11,2.04,68.13,66.52,117.87,115.53,82.95,229.44,13.56,3
61.68,112.11,92.71,43.59,75.35,79.79,93.06,75.77,238.63,83.87,3
82.01,102.44,94.32,0.00,123.86,205.38,198.76,67.35,179.95,117.51,3
53.40,61.38,0.00,69.14,42.16,11.32,43.07,15.19,148.79,28.80,3
16.97,4.62,12.56,17.76,11.43,10.03,12.25,7.19,39.02,20.14,3
32.11,29.22,100.43,29.76,0.00,176.70,138.18,60.16,134.05,130.16,3
108.98,0.00,130.45,155.38,28.11,123.87,151.12,61.89,154.94,198.63,3
88.00,70.41,148.46,82.68,17.59,108.91,118.64,52.83,149.85,124.17,3
27.98,30.28,35.26,40.75,11.44,28.55,28.91,0.00,86.23,19.36,3
50.15,97.73,91.27,4.58,105.50,149.22,22.91,78.92,300.51,173.85,3
17.61,45.22,42.74,25.51,13.39,69.88,22.00,65.47,105.52,44.57,3
81.53,92.00,27.06,21.89,26.65,24.05,93.56,62.14,113.44,88.51,3
83.32,40.78,146.51,58.91,108.58,47.33,72.78,30.62,258.09,81.46,3
15.12,37.76,14.00,29.93,45.03,18.99,15.65,15.81,79.97,6.53,3
82.69,127.64,63.09,1.08,110.34,118.28,105.60,40.60,203.08,71.36,3
41.96,39.61,18.09,35.56,20.70,113.02,27.96,0.00,166.48,73.71,3
127.81,131.20,114.76,59.84,94.72,199.87,58.22,2.55,254.87,96.79,3
21.15,75.56,4.49,79.85,31.66,41.35,61.16,20.84,182.40,50.53,3
31.76,32.88,22.38,13.72,11.05,17.28,9.96,0.00,22.66,11.34,3
47.07,51.62,30.48,17.82,68.52,4.90,40.30,35.00,99.93,27.52,3
67.98,36.44,98.22,131.40,70.27,53.31,68.45,33.44,318.73,148.10,3
40.71,17.20,0.00,61.07,31.22,51.43,29.83,7.13,128.83,66.76,3
43.20,41.46,20.06,61.01,0.45,36.34,10.67,28.42,106.03,40.71,3
113.84,159.26,55.88,56.74,45.46,111.70,89.15,71.02,245.02,135.79,3
61.29,58.96,89.74,62.49,46.12,131.25,28.93,37.69,258.37,32.37,3
19.47,24.64,8.72,9.02,11.56,25.50,12.47,18.58,40.08,23.50,3
49.45,8.11,49.93,43.99,58.00,36.04,33.76,47.60,139.12,68.50,3
5.49,54.42,95.97,48.87,76.17,96.93,70.52,61.05,181.60,35.74,3
230.58,66.77,146.76,161.57,56.01,86.07,75.73,80.07,358.46,112.21,3
26.59,9.65,17.19,10.89,24.10,32.84,39.62,8.48,98.61,37.32,3
0.98,149.61,49.03,0.00,0.00,97.51,18.62,48.97,292.15,145.02,3
5.52,17.91,17.52,11.60,27.47,6.23,32.49,9.74,38.63,29.95,3
45.65,55.80,0.00,73.65,44.85,69.77,54.73,66.16,193.81,32.19,3
21.61,5.41,6.10,22.22,25.38,40.01,7.14,14.42,50.02,34.77,3
76.95,48.73,21.39,48.77,58.52,17.83,73.43,37.13,127.16,8.08,3
70.04,81.03,31.19,27.73,82.21,81.80,63.69,1.36,122.85,78.66,3
76.85,68.55,44.15,109.75,61.40,45.15,35.40,33.82,168.97,49.36,3
156.03,60.22,109.59,86.06,17.25,16.72,69.93,31.90,345.68,97.19,3
57.91,118.84,39.73,128.69,106.29,82.79,60.55,123.88,313.88,92.88,3
31.85,43.11,58.92,27.09,45.82,31.06,15.40,14.73,111.66,35.15,3
18.05,44.63,35.68,24.19,59.57,23.11,24.15,0.00,66.08,31.65,3
33.79,2.05,47.05,41.55,12.81,48.29,44.99,16.06,155.48,47.69,3
81.01,124.64,96.73,95.95,118.26,66.37,142.75,64.42,212.33,103.96,3
163.09,31.26,0.00,0.00,45.36,148.89,74.03,18.36,210.11,175.33,3
134.20,102.81,101.00,68.21,79.24,38.84,69.83,67.84,281.14,172.58,3
84.17,61.22,23.64,12.74,34.85,104.65,27.29,7.72,198.15,43.62,3
29.55,76.76,128.74,140.92,92.13,239.98,110.52,106.31,392.49,169.52,3
44.67,31.78,23.28,55.25,36.17,82.17,23.20,65.93,41.89,35.04,3
102.31,78.55,74.07,102.36,68.07,160.37,36.61,18.24,322.06,70.27,3
8.90,8.35,20.99,52.68,20.24,22.35,19.15,3.26,83.76,37.51,3
96.51,36.38,43.71,53.80,23.74,94.22,36.77,7.88,200.84,29.05,3
105.67,98.31,167.69,113.45,182.72,16.08,137.39,97.97,261.72,194.39,3
25.92,31.58,33.59,65.60,45.32,34.13,46.98,35.06,114.46,74.45,3
87.05,99.36,104.11,102.90,210.51,160.11,163.63,70.14,344.89,196.91,3
17.43,20.78,3.34,7.93,10.34,3.18,10.82,8.25,65.11,10.12,3
62.26,110.37,99.90,52.73,67.39,85.66,183.21,126.93,339.77,126.62,3
19.30,14.27,36.06,21.31,47.99,50.21,58.87,19.60,85.33,72.49,3
126.41,198.23,113.09,47.98,149.82,192.48,120.43,68.84,388.19,109.89,3
136.77,179.39,59.21,30.15,114.32,137.20,218.09,50.80,422.21,142.55,3
70.39,58.20,38.35,86.92,52.11,65.19,130.27,39.64,196.23,83.00,3
80.53,15.48,19.28,55.68,24.06,85.21,32.98,35.09,154.32,114.00,3
19.35,9.64,11.35,15.47,12.32,37.56,36.40,17.77,72.36,26.41,3
59.07,39.79,20.77,34.67,17.08,15.50,19.55,1.21,92.04,41.26,3
14.25,6.91,10.24,39.54,11.68,31.78,31.29,14.08,55.33,39.31,3
10.97,6.38,22.28,9.15,16.84,0.00,12.75,0.00,40.38,25.55,3
112.38,70.55,87.78,160.55,32.69,15.46,70.96,0.00,395.23,120.55,3
36.15,53.09,36.80,87.74,0.00,109.40,117.57,24.48,196.95,65.83,3
94.64,76.50,25.14,63.32,50.40,21.12,93.83,44.40,158.03,13.90,3
70.98,59.02,52.74,22.14,106.21,31.38,24.15,60.95,253.45,47.27,3
56.16,72.15,27.35,87.91,8.93,62.17,64.14,25.85,131.96,59.67,3
73.71,63.63,19.36,82.95,6.82,41.83,38.27,43.29,204.58,64.62,3
51.56,102.62,134.53,31.05,113.79,52.73,145.02,13.83,139.81,123.83,3
64.98,35.70,14.17,12.19,0.00,35.80,45.40,42.39,195.56,31.75,3
48.66,53.14,28.16,33.78,43.47,20.87,42.37,0.00,110.16,33.92,3
19.58,19.21,17.06,27.04,19.78,16.17,12.81,1.88,71.04,41.04,3
105.14,68.81,46.45,78.36,117.15,73.41,139.51,52.94,243.31,60.34,3
65.29,22.10,53.84,19.30,49.11,20.19,65.96,0.00,176.94,73.26,3
20.07,50.42,58.14,74.78,48.28,60.02,40.03,33.94,107.64,58.84,3
6.35,23.48,7.56,10.63,0.00,6.42,22.56,5.32,59.76,35.29,3
65.39,16.00,82.90,89.11,112.49,92.88,72.76,100.21,109.39,98.26,3
0.00,113.70,100.95,133.37,109.82,93.78,71.51,0.00,340.41,87.34,3
102.59,104.95,23.68,83.41,59.17,11.40,34.73,30.29,76.51,152.51,3
5.15,5.12,25.88,7.19,20.10,17.57,20.50,8.64,56.56,21.70,3
120.43,94.10,7.87,36.49,73.04,131.11,42.24,32.59,204.27,90.33,3
55.39,78.27,50.09,108.12,108.98,109.35,174.65,24.10,354.42,148.79,3
108.49,90.75,130.36,25.24,85.91,82.38,207.69,116.20,144.49,200.73,3
43.07,42.60,97.57,64.08,151.44,97.71,86.33,24.53,142.54,131.18,3
79.43,48.25,0.00,17.37,17.10,30.82,67.96,0.00,183.93,87.28,3
32.98,69.48,12.18,18.88,28.85,85.14,95.43,4.54,222.39,89.47,3
14.10,29.41,91.87,38.23,84.38,68.63,104.81,58.51,177.23,60.13,3
170.92,92.70,53.53,135.26,26.22,83.51,79.76,58.83,280.06,170.15,3
23.42,26.59,48.65,0.00,41.17,0.00,25.79,16.28,100.87,29.54,3
83.42,114.18,60.33,0.00,31.00,106.78,79.80,57.86,221.57,120.03,3
53.75,26.72,140.91,70.48,113.29,115.30,80.02,1.33,279.28,108.42,3
166.81,124.53,38.30,135.73,134.08,231.16,220.97,143.11,313.31,143.45,3
50.61,58.74,67.30,44.21,41.23,17.40,45.80,34.39,175.02,26.69,3
11.25,6.09,12.72,10.24,14.71,13.14,10.54,0.30,44.89,25.73,3
89.03,151.85,0.00,0.00,51.20,124.99,59.08,40.78,169.02,93.33,3
12.94,22.78,10.57,9.27,0.00,16.33,30.27,10.89,38.87,21.66,3
80.88,77.29,116.33,96.64,98.69,138.09,55.34,75.33,299.00,125.10,3
21.56,34.43,14.09,35.85,24.88,23.14,47.38,11.21,30.86,37.43,3
57.72,59.34,45.50,131.17,151.28,91.84,165.55,0.00,326.42,173.35,3
30.80,32.70,21.56,10.09,20.29,30.50,25.23,0.00,86.07,18.93,3
21.11,17.94,11.73,15.39,14.61,32.30,29.97,9.39,49.62,39.19,3
17.16,108.69,86.65,94.88,16.73,63.02,130.52,61.68,213.38,134.41,3
226.27,125.29,61.46,48.27,94.12,238.87,204.58,26.32,259.04,133.75,3
26.67,101.85,90.24,90.59,91.39,118.27,59.21,14.33,295.87,238.84,3
145.40,88.09,65.38,165.29,162.31,251.76,98.36,41.83,332.41,188.42,3
102.65,95.37,166.40,103.22,67.72,85.92,116.42,54.82,435.03,286.41,3
236.36,134.98,74.36,21.51,132.05,96.94,19.65,67.46,262.55,177.24,3
100.09,66.30,85.06,14.33,76.66,46.97,73.37,48.17,226.45,114.03,3
106.24,69.75,64.97,83.17,102.96,106.28,145.68,67.32,288.57,49.37,3
86.55,85.39,42.61,55.61,47.86,110.06,161.01,48.97,210.14,169.61,3
85.35,247.38,91.71,119.13,138.87,0.00,85.95,35.02,308.86,244.77,3
32.55,21.81,0.00,24.27,6.94,20.04,8.12,8.75,77.80,28.30,3
11.11,40.73,28.00,46.96,28.01,9.79,77.59,34.14,64.46,41.81,3
50.81,62.16,13.75,75.58,45.98,17.06,52.41,35.52,107.65,79.28,3
63.37,38.05,0.00,15.65,71.81,76.33,131.83,18.47,171.29,165.85,3
11.85,24.79,21.21,0.00,45.21,45.49,30.51,0.00,67.10,46.80,3
37.36,55.00,24.87,95.60,37.36,0.00,97.49,17.62,167.31,63.33,3
81.28,101.17,70.72,32.79,40.22,135.57,86.05,0.00,206.04,124.37,3
94.02,35.44,0.00,76.35,85.15,105.82,72.71,71.88,179.28,118.16,3
70.02,14.83,58.02,99.33,76.34,110.31,49.17,54.61,234.27,116.06,3
66.72,0.00,129.43,109.29,56.61,49.57,95.60,76.52,200.11,162.53,3
17.15,88.18,81.17,137.19,89.74,0.00,105.68,131.86,221.00,121.18,3
58.06,74.15,39.82,66.30,18.99,70.06,43.26,0.00,93.18,70.24,3
121.60,110.50,122.43,15.09,36.40,78.55,68.16,58.30,193.39,108.30,3
197.69,33.25,110.97,68.27,14.68,71.22,148.57,35.99,382.17,146.45,3
54.96,78.25,2.45,69.97,9.02,51.54,110.60,0.00,208.96,68.39,3
55.13,160.82,56.90,109.95,129.42,98.84,236.34,70.64,334.20,142.84,3
107.58,55.50,59.21,49.38,17.20,28.50,116.00,28.37,172.36,162.35,3
45.12,62.66,53.47,103.46,47.37,42.40,52.73,2.74,184.01,105.95,3
31.95,12.99,53.53,20.87,34.47,32.23,60.01,43.44,113.56,66.83,3
50.10,165.49,123.27,156.30,21.76,44.71,132.14,0.00,321.70,114.81,3
20.58,86.04,57.98,42.46,82.94,175.88,30.50,59.83,287.97,39.96,3
66.62,143.89,0.00,11.58,42.70,89.41,0.00,78.46,450.22,226.67,3
26.86,30.95,50.88,9.94,21.17,16.33,53.71,2.75,45.54,26.00,3
75.69,33.79,5.61,24.22,39.27,32.34,48.49,1.99,133.80,28.90,3
15.42,21.89,11.41,4.81,0.00,56.42,10.75,41.29,126.76,47.03,3
13.61,11.94,22.53,90.35,60.18,67.45,47.96,62.17,243.09,108.59,3
31.70,36.55,24.34,89.92,52.48,55.95,33.69,45.29,143.01,68.89,3
69.86,193.97,97.40,7.93,158.34,54.02,145.77,72.79,248.02,132.40,3
56.95,25.38,21.06,21.80,48.20,26.50,56.87,9.07,83.97,38.44,3
50.81,34.05,36.42,37.77,55.43,50.60,22.86,0.48,105.41,73.35,3
141.74,202.86,52.81,225.14,71.25,128.59,119.45,47.42,250.18,52.99,3
27.63,17.09,16.96,23.34,13.70,14.27,22.86,7.63,33.66,6.58,3
140.07,0.00,73.88,47.92,54.87,0.00,61.13,15.08,311.27,108.17,3
69.59,46.72,7.39,99.47,102.30,93.67,0.00,73.77,305.98,169.74,3
29.28,80.19,107.00,89.07,103.17,135.63,123.99,74.80,337.65,153.13,3
64.94,50.13,16.54,66.25,20.41,42.18,64.29,28.81,125.48,64.08,3
54.57,64.18,55.32,49.26,59.22,63.16,78.80,41.85,88.21,50.72,3
79.94,44.37,22.51,86.24,44.12,42.99,96.28,39.72,95.88,59.66,3
28.01,19.55,5.17,16.33,12.63,46.56,28.24,17.50,81.39,22.96,3
44.70,107.91,58.02,65.40,5.28,135.49,232.34,98.82,190.34,132.13,3
76.19,121.92,93.03,67.49,72.30,61.87,48.80,0.00,250.74,93.50,3
72.27,26.84,45.33,76.23,23.51,90.33,131.66,52.66,231.65,153.04,3
155.94,108.35,69.62,84.50,87.88,92.45,93.71,62.00,242.28,169.47,3
130.45,119.50,122.49,203.40,0.00,123.03,99.85,19.70,241.44,12.01,3
69.32,80.83,75.63,109.48,9.02,149.33,197.11,0.00,195.00,233.16,3
139.11,148.02,70.86,103.73,45.96,73.64,96.02,62.39,215.77,92.78,3
20.38,35.35,15.29,29.19,57.91,26.03,28.41,81.25,168.12,91.68,3
70.43,56.82,91.11,65.47,86.00,119.06,53.68,48.06,256.58,100.32,3
45.28,9.38,1.64,29.14,21.30,109.30,99.50,27.50,162.29,60.52,3
15.85,7.55,29.03,14.93,11.93,13.88,18.78,18.70,32.43,29.98,3
69.74,39.12,52.95,70.43,54.88,41.15,121.32,27.19,164.58,20.41,3
49.35,119.91,65.87,125.70,57.55,158.03,89.53,63.49,198.76,145.31,3
61.23,121.52,48.25,78.97,115.18,106.86,125.41,84.98,329.31,99.02,3
63.82,162.10,77.00,0.00,125.28,101.15,16.80,121.17,275.93,253.15,3
52.04,6.82,50.74,48.53,59.07,26.12,53.45,16.12,93.40,46.87,3
41.28,42.21,35.72,58.75,18.88,18.85,88.35,32.28,56.73,25.64,3
81.23,39.29,66.44,47.07,44.41,26.59,72.08,25.97,108.50,38.61,3
91.39,63.47,84.34,30.72,57.35,48.11,16.88,25.53,199.10,165.68,3
51.57,29.59,7.37,54.69,127.76,166.92,170.85,37.61,202.40,68.49,3
17.59,23.99,0.00,7.62,21.99,24.56,13.58,26.01,76.73,16.49,3
21.49,16.84,24.33,49.74,39.16,33.30,23.63,30.50,76.08,37.48,3
71.33,93.15,67.25,17.00,5.59,58.73,55.12,3.25,161.92,82.25,3
1.14,88.18,134.90,15.28,127.78,51.20,148.13,116.58,195.35,122.13,3
125.15,123.69,35.95,144.09,162.01,98.10,109.55,0.00,294.87,104.95,3
64.60,66.85,23.71,163.44,67.83,132.28,184.28,115.76,329.15,124.29,3
19.50,15.29,15.83,0.17,6.65,15.47,16.46,0.00,37.18,0.00,3
65.53,123.30,130.60,68.92,27.67,115.55,91.75,108.78,312.83,85.31,3
38.40,36.68,65.72,44.24,27.14,82.31,55.81,15.76,165.37,79.42,3
37.29,25.93,71.70,46.02,62.47,85.46,88.22,0.00,162.34,62.14,3
38.43,91.28,113.62,94.72,63.90,44.46,126.52,31.89,237.36,79.40,3
64.80,86.77,18.48,56.16,0.00,58.50,86.50,79.21,178.15,68.91,3
42.95,77.28,26.91,24.79,77.81,69.50,90.61,21.74,143.42,23.56,3
138.65,60.76,14.81,160.37,0.00,136.63,176.47,124.43,205.70,218.10,3
31.07,6.30,31.47,20.06,47.25,32.28,12.17,10.23,68.96,34.26,3
114.55,111.82,186.88,35.21,7.65,11.33,82.91,119.96,351.15,176.74,3
126.91,0.00,77.72,96.08,138.79,239.44,100.79,0.00,290.13,229.21,3
23.85,11.32,18.37,37.81,14.45,40.22,42.85,21.49,118.24,25.35,3
176.93,135.18,120.66,59.71,127.76,0.00,167.50,68.25,422.32,153.74,3
110.26,93.74,75.48,26.29,118.66,93.31,105.92,44.24,295.04,147.00,3
45.67,72.21,59.03,17.12,38.54,50.00,64.09,14.91,141.15,79.14,3
244.41,89.82,52.37,75.65,178.19,153.79,0.00,70.96,221.54,173.40,3
45.16,24.96,37.85,29.62,17.46,37.79,31.57,4.83,80.87,25.34,3
55.64,29.15,33.69,14.54,36.16,36.51,58.99,18.66,127.45,4.64,3
135.85,145.27,120.52,116.67,26.52,87.39,148.02,69.45,328.81,93.56,3
58.92,71.81,11.11,87.29,0.00,20.17,74.69,0.00,140.74,45.58,3
55.35,63.21,26.15,33.10,103.23,69.45,173.15,97.88,206.84,185.84,3
24.18,8.48,25.63,2.73,3.87,28.90,18.32,31.19,65.90,30.14,3
102.44,63.53,84.27,123.57,60.88,149.94,133.02,0.00,202.63,20.94,3
30.60,2.45,10.00,37.54,14.57,24.45,14.65,13.34,72.05,24.06,3
25.22,63.19,57.91,46.48,45.87,74.62,40.64,0.00,180.75,65.95,3
112.47,171.65,79.43,117.40,62.15,82.47,93.86,49.38,172.28,145.27,3
64.78,24.90,17.07,52.73,41.10,17.46,70.79,5.97,89.50,74.03,3
52.73,66.70,14.28,95.61,66.62,78.51,53.47,2.83,99.47,124.83,3
120.42,79.41,90.40,89.42,121.30,121.99,142.81,41.68,171.10,136.67,3
119.42,88.66,98.71,114.96,83.38,0.00,31.22,49.83,328.59,128.57,3
79.76,34.74,43.55,26.63,19.40,0.00,46.86,49.75,174.48,127.41,3
206.76,126.45,16.35,56.78,67.48,124.33,86.51,176.64,364.38,113.44,3
84.56,76.74,59.67,50.16,30.37,18.26,57.02,34.26,226.88,151.86,3
32.84,45.34,10.07,8.47,28.02,86.76,83.04,8.93,160.29,220.47,3
16.99,15.20,15.22,12.93,10.26,14.53,24.30,20.76,55.63,24.89,3
42.94,0.00,45.16,52.76,15.77,59.75,66.07,8.60,171.10,96.81,3
12.23,20.90,21.92,8.16,3.89,18.81,39.64,30.46,78.42,48.78,3
202.08,62.70,75.45,65.11,93.01,22.91,176.05,99.65,325.78,83.38,3
103.57,82.72,98.54,59.69,54.44,54.41,158.59,141.90,286.00,172.88,3
9.70,9.46,36.49,4.11,21.68,52.04,39.50,24.16,102.70,30.97,3
111.28,71.98,109.66,79.27,161.90,58.04,39.52,0.00,280.27,94.79,3
96.55,25.66,103.75,83.01,129.15,57.60,60.51,56.54,199.92,91.34,3
66.83,72.81,69.88,41.94,34.03,93.75,73.05,58.13,230.18,102.00,3
161.00,79.54,58.07,0.00,122.73,104.33,105.74,108.02,418.12,218.10,3
52.51,57.17,46.70,34.59,45.25,0.00,109.17,0.56,147.74,66.58,3
32.10,65.51,22.25,128.71,53.39,105.50,69.44,62.49,201.62,85.73,3
56.96,20.90,39.57,71.85,42.04,58.63,71.83,31.79,151.43,81.09,3
2.09,123.45,60.10,112.80,51.45,114.53,223.11,29.35,260.23,114.84,3
59.11,67.32,69.59,49.31,68.44,40.08,68.60,43.89,130.72,91.97,3
25.13,3.94,11.82,11.49,24.50,7.18,17.84,9.12,61.53,62.01,3
19.95,11.56,13.96,0.00,18.00,2.35,14.90,11.65,44.97,9.24,3
127.34,58.70,78.09,0.00,46.80,64.26,100.33,22.93,149.58,96.68,3
73.46,110.03,134.00,103.94,95.14,119.47,40.91,55.83,387.69,157.68,3
25.48,29.51,20.88,13.21,19.89,35.74,31.90,10.48,52.45,24.77,3
148.12,101.62,35.58,48.44,7.71,127.50,97.39,107.35,301.82,129.71,3
37.97,3.02,10.40,27.63,6.41,0.00,10.91,10.69,45.37,21.41,3
99.36,105.45,112.85,151.96,107.19,109.89,150.96,0.00,400.88,153.29,3
123.44,80.10,73.72,144.15,30.54,164.46,101.18,33.75,304.88,94.62,3
0.00,127.15,10.05,121.60,103.03,121.27,168.52,18.67,335.99,122.00,3
34.79,33.56,29.66,0.00,80.93,51.97,54.95,61.55,86.90,65.57,3
86.99,66.40,78.22,36.08,95.79,70.17,103.32,64.22,230.54,54.24,3
120.40,124.14,0.00,0.00,81.97,117.09,189.39,22.72,273.12,99.53,3
11.50,49.56,45.29,80.73,145.49,23.17,143.85,96.81,158.54,161.85,3
61.15,100.21,65.93,23.84,86.71,111.20,81.52,101.87,241.64,61.98,3
19.10,18.74,42.35,31.29,17.17,18.84,63.49,17.14,67.69,32.52,3
26.02,39.86,44.99,36.13,46.90,42.24,36.56,48.15,72.26,50.93,3
44.24,41.15,0.00,26.96,11.97,14.96,10.28,23.08,69.24,23.26,3
119.47,78.11,105.20,17.78,150.90,159.90,163.37,44.03,236.76,79.64,3
17.81,86.20,104.78,89.17,85.21,29.15,50.45,34.47,209.21,99.49,3
28.86,28.74,22.39,21.20,32.92,12.94,18.06,21.51,73.87,0.00,3
65.48,4.73,61.25,51.24,142.98,83.38,85.11,21.08,196.11,59.90,3
112.18,66.05,86.55,69.34,68.05,140.35,116.77,119.84,200.62,133.60,3
29.13,75.72,53.37,126.75,12.80,100.22,92.61,3.31,211.15,143.73,3
13.53,47.53,45.32,42.90,43.49,34.02,67.26,14.55,151.57,22.65,3
88.03,68.58,40.09,60.15,10.57,20.21,0.00,73.30,202.74,83.36,3
172.72,131.47,22.73,185.53,57.65,152.91,73.37,24.23,484.83,144.04,3
30.62,77.19,23.66,29.20,38.53,33.53,55.91,72.86,143.15,112.82,3
50.22,22.86,81.57,27.46,33.57,44.28,66.77,0.00,218.48,57.06,3
69.40,36.53,45.75,45.54,45.79,48.91,39.08,29.58,58.89,50.79,3
63.69,50.47,45.75,15.24,74.30,35.33,40.71,9.14,117.69,32.37,3
18.42,6.93,2.50,12.29,12.95,6.19,14.58,12.66,48.43,15.15,3
32.78,47.64,59.93,36.89,48.97,80.83,95.82,44.56,218.16,60.97,3
45.92,73.43,43.77,24.50,62.59,161.07,146.66,48.00,301.76,134.27,3
103.66,156.63,16.54,65.53,0.00,65.34,86.31,53.84,173.08,69.11,3
95.55,98.52,100.46,52.67,45.74,86.35,163.05,29.29,197.98,75.52,3
139.20,157.04,108.28,98.08,85.61,55.84,69.68,39.71,288.27,98.65,3
101.52,119.98,85.12,81.18,48.07,9.74,88.06,29.62,286.08,128.43,3
94.97,103.49,121.45,83.90,100.94,113.95,86.46,7.35,398.57,118.44,3
104.94,150.50,69.80,60.42,94.86,47.95,42.19,29.72,270.18,27.99,3
35.06,147.71,34.38,48.28,20.01,100.91,79.57,15.40,189.07,159.29,3
93.34,62.52,0.87,41.70,43.22,67.07,1.69,78.62,219.78,113.08,3
84.04,78.19,35.05,39.58,37.88,73.35,45.67,20.27,201.22,126.06,3
117.66,66.85,75.71,70.03,0.00,45.21,72.25,71.42,235.14,14.94,3
71.10,60.95,73.82,45.62,110.55,159.96,105.84,0.00,179.84,159.76,3
179.61,124.64,69.14,42.19,58.67,111.35,130.65,168.85,270.63,181.31,3
43.60,45.56,43.09,37.87,9.45,37.21,23.64,42.63,106.91,32.02,3
127.20,87.67,183.25,133.88,65.59,133.74,211.15,121.39,357.99,91.46,3
14.20,156.89,108.66,131.80,15.63,107.85,153.12,132.11,416.05,67.36,3
28.12,12.51,15.21,23.57,22.43,36.13,22.60,34.73,60.24,51.26,3
67.32,85.26,44.38,32.34,55.13,137.92,140.08,64.76,191.64,57.43,3
86.53,127.56,12.94,13.42,113.32,135.00,166.65,19.23,249.15,196.75,3
44.38,0.00,46.50,132.27,57.99,86.00,137.79,19.40,180.74,89.66,3
50.53,15.84,51.91,59.56,71.39,91.55,84.08,83.73,176.25,93.67,3
8.93,20.09,32.08,62.57,36.68,70.27,66.67,11.09,150.60,69.20,3
24.66,35.28,7.28,2.61,14.51,6.07,25.57,16.31,44.02,40.33,3
73.89,76.08,0.00,13.78,26.48,76.95,55.23,25.43,154.74,47.02,3
137.96,69.75,169.95,32.91,77.36,7.14,22.81,72.68,160.87,97.22,3
21.66,17.13,14.37,2.46,15.41,16.57,13.04,0.00,37.29,22.23,3
79.01,22.60,81.20,96.03,81.36,114.10,54.60,20.86,278.39,59.99,3
0.00,9.42,53.90,32.45,23.00,14.09,48.79,13.32,88.40,29.41,3
37.93,38.22,57.18,25.03,15.53,64.99,78.21,34.91,101.88,59.19,3
49.82,54.64,29.57,18.66,73.09,43.23,38.72,31.17,216.31,63.28,3
30.09,18.19,13.69,37.68,21.11,18.82,21.42,16.98,52.14,48.27,3
32.60,22.09,0.00,42.51,1.27,0.00,56.16,9.38,94.36,23.20,3
102.69,147.78,102.36,51.52,17.95,174.09,0.00,79.46,321.52,230.06,3
52.50,12.18,35.87,59.39,156.78,130.67,118.98,46.82,237.15,77.55,3
37.22,48.90,94.28,32.60,89.10,78.48,104.04,78.66,178.74,171.83,3
38.27,62.07,169.33,55.78,92.98,82.00,136.71,48.44,233.11,151.63,3
29.54,78.25,63.44,41.32,76.57,49.99,83.08,8.55,132.10,59.83,3
40.15,41.87,50.98,44.17,77.90,55.61,66.07,17.75,163.97,28.19,3
78.26,109.62,25.68,12.75,13.98,28.67,45.85,82.82,126.51,169.75,3
69.13,50.01,15.31,0.00,21.25,30.28,35.84,35.58,65.46,9.34,3
0.00,77.29,160.01,20.34,173.53,108.67,119.80,124.93,338.66,172.91,3
17.30,5.90,9.96,24.21,4.32,10.99,19.17,3.03,102.13,36.92,3
94.02,118.97,147.19,13.60,92.32,45.41,116.82,73.42,220.58,32.83,3
10.32,5.09,13.88,15.21,9.53,17.42,16.32,9.54,31.01,19.86,3
151.74,137.69,81.04,78.70,59.49,95.46,72.24,74.64,516.11,106.12,3
104.70,68.24,126.10,131.22,150.50,102.94,131.77,66.59,295.25,174.40,3
61.72,53.22,69.22,38.48,70.04,55.05,43.24,14.75,217.51,114.15,3
0.00,4.97,46.55,3.14,35.41,17.54,50.42,20.15,118.26,76.84,3
80.98,76.61,0.00,62.13,72.05,69.97,84.37,107.95,247.92,73.33,3
108.14,145.56,88.42,152.67,0.00,74.46,114.13,123.90,240.09,180.03,3
34.36,50.61,61.76,18.18,50.16,65.83,57.14,0.00,128.15,63.24,3
39.31,30.43,45.24,42.13,0.00,24.30,4.24,19.64,62.77,38.35,3
114.64,101.29,171.20,36.13,84.07,40.48,149.80,48.06,376.50,258.02,3
150.14,91.44,68.67,69.89,68.83,130.39,105.50,76.46,155.84,146.55,3
21.29,0.00,0.00,61.11,73.66,66.18,46.17,1.66,165.26,82.67,3
35.51,25.28,22.26,18.48,21.24,36.78,36.68,0.00,76.16,37.82,3
22.61,16.25,12.78,24.38,16.81,13.23,7.34,6.48,35.55,24.59,3
52.74,37.20,65.42,54.76,73.03,75.97,1.07,0.00,293.20,108.73,3
48.80,29.79,115.42,152.53,75.31,0.00,287.57,165.46,352.06,87.67,3
78.61,167.13,107.70,57.48,114.34,152.28,149.15,138.26,461.71,106.72,3
26.89,53.37,2.45,0.00,28.73,15.06,20.93,3.90,91.37,50.44,3
24.65,53.69,45.58,36.21,39.42,62.65,58.39,41.11,121.25,38.76,3
35.94,25.26,10.39,15.41,45.36,27.94,60.22,10.63,78.45,31.60,3
68.29,29.16,82.70,73.11,137.46,76.59,111.93,156.91,355.49,95.13,3
186.95,114.97,133.71,63.34,0.00,35.11,51.12,15.60,372.47,186.04,3
60.91,70.59,64.47,54.39,83.33,41.48,95.69,36.41,200.69,73.80,3
52.06,68.06,125.26,124.57,29.38,144.35,140.51,20.27,249.46,57.63,3
50.98,40.89,61.47,70.75,26.76,24.78,134.75,100.23,245.94,92.71,3
79.78,117.34,38.64,11.67,79.83,127.32,60.28,33.49,288.94,21.72,3
23.27,13.35,20.88,0.00,14.98,63.48,57.78,43.23,83.80,47.08,3
150.05,67.12,53.56,36.37,142.49,116.61,126.25,72.15,371.37,241.86,3
75.36,128.53,145.50,97.10,8.99,24.89,59.41,56.70,266.44,120.23,3
22.78,15.57,20.41,15.13,13.88,15.67,10.54,8.62,43.80,4.62,3
75.51,89.35,119.90,50.17,108.34,38.73,134.80,67.91,255.23,104.93,3
20.68,17.32,30.95,29.01,5.72,15.39,28.12,20.44,59.45,25.43,3
39.44,37.37,20.29,3.86,24.06,44.51,42.16,20.82,73.79,33.94,3
73.96,54.46,44.79,86.35,0.00,111.81,26.51,35.27,146.51,34.50,3
164.33,60.22,29.10,102.00,42.78,110.80,50.52,76.78,255.10,47.87,3
57.88,79.69,18.70,41.11,36.38,45.89,19.74,30.79,113.68,73.80,3
34.47,21.21,30.94,19.89,17.11,18.58,25.19,13.44,52.00,49.80,3
109.42,90.39,65.37,54.76,66.51,102.11,69.46,7.77,240.37,113.57,3
24.21,42.90,43.64,33.55,0.00,62.70,93.88,64.61,164.74,36.92,3
115.86,190.01,106.65,54.65,123.95,26.43,39.91,3.36,235.08,51.13,3
45.77,23.90,83.49,51.29,17.83,60.08,37.40,0.00,113.49,64.20,3
77.67,95.42,148.82,9.26,90.49,25.22,176.12,105.35,320.94,121.14,3
146.57,41.78,0.00,59.38,0.00,195.82,114.69,0.00,382.91,203.63,3
62.90,49.30,75.20,40.28,3.53,77.65,77.69,12.80,125.46,122.10,3
89.52,72.80,16.37,49.74,57.53,61.22,147.12,77.88,373.12,221.71,3
218.56,53.44,125.52,122.38,71.06,175.41,211.56,38.41,250.56,108.31,3
37.66,34.54,16.79,56.22,47.35,29.34,36.26,22.20,104.48,31.00,3
115.66,135.50,46.81,0.00,28.07,85.21,84.10,52.81,285.49,125.59,3
33.59,50.16,45.59,49.40,74.99,92.08,30.24,40.23,69.69,126.75,3
154.68,95.95,55.44,87.72,65.96,209.06,116.98,164.40,298.00,94.76,3
104.41,12.55,53.62,127.06,116.34,31.31,105.38,22.70,154.63,80.12,3
65.55,100.47,0.00,9.46,52.17,47.84,109.27,54.15,231.71,30.16,3
63.34,129.88,55.56,57.67,16.53,90.86,129.57,69.25,164.96,77.27,3
67.62,101.19,28.15,101.14,80.87,121.11,108.26,9.55,205.64,189.34,3
146.87,133.66,37.88,44.79,58.10,40.68,94.35,94.24,308.22,83.57,3
99.87,179.83,41.49,42.00,125.58,133.84,181.96,37.98,395.32,249.46,3
68.05,84.49,18.43,35.75,70.03,60.14,65.54,39.14,119.36,64.58,3
4.81,1.47,26.07,5.77,15.22,18.44,25.48,11.04,60.17,30.48,3
18.61,3.75,10.19,23.71,5.72,13.33,24.65,1.82,45.00,16.27,3
43.90,61.34,48.82,30.91,7.22,60.43,35.03,7.26,127.49,56.35,3
34.24,28.03,11.40,27.53,19.74,46.39,61.47,0.00,115.90,54.19,3
86.25,74.13,149.91,98.80,114.53,107.43,115.59,116.98,132.81,33.22,3
57.69,36.01,65.96,11.28,32.33,32.30,34.67,0.00,129.29,0.00,3
69.66,120.25,18.30,85.80,0.00,139.82,53.07,20.71,261.74,68.56,3
27.97,32.79,10.94,22.18,52.07,29.15,52.49,17.92,103.75,49.87,3
157.09,96.25,123.54,27.03,97.66,0.00,246.71,90.81,203.59,130.82,3
12.35,19.43,14.35,8.67,9.46,16.18,20.62,32.31,41.91,31.92,3
23.80,109.31,63.16,127.20,99.48,0.00,66.22,62.20,349.75,46.53,3
28.79,38.62,87.20,49.69,59.14,47.40,93.86,3.33,104.16,13.39,3
135.50,56.19,107.31,60.44,115.91,136.62,124.06,98.92,278.38,130.85,3
87.33,44.03,101.48,46.76,46.13,110.32,117.79,123.70,359.87,101.74,3
91.30,128.85,86.50,56.31,84.48,86.27,95.39,28.86,156.29,92.33,3
124.64,101.01,48.27,168.14,0.00,88.38,73.08,23.05,276.78,152.09,3
12.66,16.29,18.40,20.11,0.00,21.06,4.88,11.38,35.53,19.35,3
33.76,20.65,35.26,32.16,27.57,8.20,3.92,20.83,109.50,63.54,3
101.13,97.95,111.41,119.95,10.84,48.77,180.10,95.62,285.56,89.50,3
85.60,115.72,0.00,68.96,81.26,83.88,75.77,33.79,318.89,94.72,3
155.98,108.75,89.94,81.05,0.00,85.09,94.50,76.53,254.82,123.32,3
81.61,125.32,13.71,124.57,87.56,216.33,36.13,86.99,426.58,44.45,3
22.40,29.58,236.15,114.42,87.09,166.82,119.54,25.15,425.38,289.69,3
27.50,35.70,16.89,34.06,0.00,37.74,22.35,13.95,80.17,17.49,3
74.82,65.06,72.56,108.92,30.25,99.35,85.99,81.13,215.53,119.74,3
14.70,63.05,92.53,57.00,58.13,94.50,0.00,0.00,301.36,144.59,3
41.19,46.51,40.96,120.50,0.00,98.93,24.18,95.77,264.21,37.22,3
62.13,45.27,75.45,72.60,0.00,84.70,54.03,0.00,282.01,151.13,3
115.08,41.88,81.39,158.23,194.17,113.43,86.41,61.64,177.57,45.52,3
0.00,42.56,19.76,27.92,39.02,9.72,33.81,22.09,71.80,45.44,3
105.43,95.14,84.48,44.61,33.21,7.41,39.75,0.00,277.56,27.57,3
14.95,19.71,5.91,8.61,8.83,16.94,16.93,9.16,34.54,15.54,3
196.85,134.68,90.01,162.48,180.08,153.31,129.21,126.59,394.34,134.07,3
88.91,56.51,38.34,39.52,67.87,80.90,44.35,95.69,174.87,60.11,3
53.85,34.59,39.21,61.44,51.85,44.40,88.33,51.64,117.93,19.67,3
55.89,68.88,28.06,66.37,49.01,69.48,25.02,23.34,168.76,146.37,3
97.28,101.64,76.68,49.54,63.32,75.78,93.23,35.84,245.60,68.63,3
60.79,74.55,0.92,46.44,24.05,123.45,73.00,45.93,130.06,74.89,3
34.66,69.22,74.54,26.24,68.81,25.95,121.81,0.00,156.86,109.65,3
15.38,19.00,2.24,6.99,11.33,19.25,14.70,19.30,40.84,26.48,3
35.60,34.68,94.38,59.00,52.83,55.03,150.47,71.69,355.88,169.22,3
81.30,97.10,47.58,30.31,140.79,89.11,74.59,42.80,159.78,131.72,3
98.40,98.31,32.44,3.09,19.63,172.04,112.75,99.56,250.45,149.89,3
81.68,116.16,76.80,64.27,0.00,103.67,58.64,15.34,161.13,84.95,3
43.99,22.15,5.03,72.29,84.31,14.93,36.23,0.00,130.85,110.68,3
81.99,126.20,62.11,156.43,117.32,0.00,224.13,99.90,378.15,229.20,3
68.28,132.06,147.03,24.51,64.19,30.95,91.47,108.38,270.71,246.46,3
39.00,70.23,48.05,7.71,88.39,3.49,84.38,67.94,164.61,88.35,3
60.35,117.39,91.47,0.00,7.74,22.99,86.62,0.00,177.41,47.65,3
20.83,18.65,0.62,18.77,17.66,34.40,26.26,11.02,49.85,15.78,3
39.30,22.87,77.77,13.66,34.42,41.37,13.55,8.42,70.29,25.52,3
30.89,56.08,33.25,28.22,19.57,37.58,25.91,3.68,61.86,62.79,3
88.39,61.38,144.82,32.62,27.37,86.00,200.48,91.28,446.37,168.42,3
44.99,37.76,35.27,58.19,0.00,0.00,12.84,4.19,161.01,107.14,3
144.22,130.23,69.88,21.46,29.92,97.37,177.90,40.92,179.40,91.38,3
98.95,49.74,17.30,37.29,177.95,116.77,92.35,52.98,257.56,94.50,3
65.33,87.52,111.88,0.00,95.56,52.84,113.21,131.72,299.93,191.76,3
69.61,105.44,142.96,53.16,71.27,107.85,0.00,33.42,254.73,141.69,3
94.43,44.64,99.20,115.60,42.87,48.01,64.38,0.00,201.27,49.19,3
23.06,40.43,59.04,122.45,87.47,160.79,147.11,0.00,184.31,111.17,3
162.80,34.77,9.69,111.36,17.27,66.64,180.59,90.59,246.88,188.51,3
69.14,109.34,164.46,139.91,48.81,3.49,147.39,12.70,221.12,141.44,3
30.28,16.70,26.86,46.15,39.80,81.64,60.74,70.99,141.93,68.93,3
151.41,103.68,56.45,54.23,72.47,91.53,65.81,102.55,202.26,159.70,3
54.02,84.67,4.88,7.07,104.78,94.15,141.04,75.69,370.38,114.32,3
19.85,23.68,68.68,79.20,36.93,97.44,62.54,23.02,142.69,69.82,3
54.59,53.01,30.39,56.06,45.82,41.47,40.86,24.76,84.83,33.11,3
8.81,57.25,52.32,11.93,14.49,59.71,27.48,44.67,156.24,28.44,3
12.84,41.32,18.70,18.92,12.83,0.00,32.60,7.88,70.30,20.51,3
98.28,94.59,23.00,86.37,20.43,77.19,76.56,0.23,143.06,87.57,3
39.89,88.31,34.16,90.60,26.39,86.90,88.08,52.94,136.50,67.75,3
40.65,103.51,17.46,34.34,63.09,122.73,106.84,116.49,294.54,143.61,3
82.04,81.30,154.59,84.18,132.81,140.18,137.31,55.89,244.61,148.78,3
14.52,26.40,0.00,29.32,7.26,43.14,26.23,21.11,49.91,33.73,3
59.06,33.28,18.56,25.89,45.07,30.83,31.17,0.00,83.44,117.87,3
173.80,117.93,86.77,117.18,65.23,83.56,164.47,34.89,208.90,59.92,3
30.56,38.47,46.92,53.00,13.50,23.82,14.47,10.14,68.70,18.26,3
14.25,37.66,8.33,25.42,5.08,27.39,22.22,8.65,55.80,45.75,3
35.45,26.91,19.03,60.41,42.71,45.88,17.80,20.91,149.60,55.65,3
63.12,48.48,18.59,52.83,0.00,6.56,30.29,27.93,68.39,65.08,3
75.29,46.11,39.37,73.87,38.36,56.89,159.21,9.64,182.56,97.32,3
97.40,36.76,65.31,13.76,44.30,56.49,123.03,52.13,115.72,50.26,3
30.83,36.30,2.91,17.74,11.35,11.56,25.18,0.00,45.21,5.91,3
6.67,42.95,0.00,39.50,29.29,38.26,51.38,11.49,86.35,42.55,3
70.90,30.57,9.45,58.81,43.23,22.45,41.77,0.00,205.01,208.52,3
65.66,91.76,38.21,24.91,30.63,41.79,15.89,22.31,103.16,67.18,3
21.92,2.76,9.76,0.78,0.00,30.19,26.73,0.00,56.47,12.28,3
112.56,26.04,95.92,0.00,0.00,8.63,104.69,45.78,258.29,223.86,3
80.16,131.30,129.69,94.54,0.00,58.58,9.52,187.30,427.11,261.58,3
152.42,140.07,160.26,50.23,165.38,70.10,81.14,78.72,194.28,141.38,3
13.14,4.84,10.38,6.52,7.29,2.08,0.00,9.61,49.36,20.71,3
57.09,45.44,64.09,71.87,113.54,172.78,93.45,54.70,201.22,54.82,3
122.15,104.17,68.52,108.30,42.93,75.96,153.48,63.20,131.45,0.95,3
104.16,103.00,75.12,48.40,19.90,46.13,92.39,53.88,367.30,157.34,3
82.69,145.11,94.11,90.27,44.10,153.58,161.10,82.94,234.01,89.37,3
120.93,138.69,147.13,65.66,64.65,121.96,79.00,4.38,218.35,0.00,3
102.97,99.08,0.00,96.97,21.10,64.42,103.48,9.18,121.80,44.81,3
87.44,16.78,119.43,64.51,117.25,101.09,121.58,64.35,365.07,76.81,3
31.94,26.92,22.37,20.61,10.95,18.19,41.96,0.00,88.35,23.64,3
118.15,168.84,171.17,142.99,128.69,102.64,240.60,37.68,331.27,54.53,3
38.68,110.63,100.10,87.53,157.35,96.46,103.46,111.13,318.53,72.53,3
50.20,114.00,51.65,70.15,124.36,90.81,50.70,89.53,235.99,94.33,3
7.67,8.93,7.05,17.84,12.64,22.83,8.33,14.20,34.10,23.33,3
19.30,65.02,77.94,123.99,48.64,99.62,31.50,96.65,245.53,175.10,3
67.77,0.00,0.00,84.11,102.14,119.34,98.46,80.38,362.60,140.82,3
55.21,23.65,0.00,50.66,32.50,6.77,34.15,25.38,151.25,68.80,3
64.50,89.29,0.00,45.55,0.00,40.69,14.03,47.63,128.11,107.97,3
57.82,19.04,2.36,10.09,57.13,48.57,37.84,6.74,55.78,62.37,3
95.60,59.77,85.59,47.53,91.51,108.39,139.73,47.45,120.89,106.91,3
27.87,20.32,72.68,27.72,13.81,32.41,19.22,0.45,81.53,3.79,3
28.66,157.24,140.26,21.40,44.55,141.78,106.14,0.00,311.56,245.98,3
55.59,84.25,57.60,96.87,64.26,68.77,108.66,40.65,420.23,123.42,3
38.05,0.00,62.81,66.14,60.67,26.77,41.97,23.08,217.58,84.51,3
132.68,85.94,18.52,14.64,114.06,118.58,41.88,0.00,326.18,42.34,3
45.71,100.68,112.97,153.58,79.97,40.30,75.11,98.11,234.51,210.67,3
63.39,40.87,16.24,53.78,0.00,45.18,13.94,12.34,115.43,30.90,3
30.43,68.11,219.23,30.62,104.11,150.22,131.33,50.12,346.39,167.37,3
140.59,87.34,106.74,153.78,134.50,110.84,110.59,0.00,278.88,202.07,3
17.02,17.57,6.62,0.00,14.08,21.75,18.58,9.43,25.18,11.56,3
140.46,89.41,0.00,124.83,0.00,135.99,149.50,4.87,270.57,92.97,3
20.11,30.95,50.72,7.07,64.16,32.84,102.69,56.21,187.76,68.49,3
38.08,24.35,19.54,16.16,36.46,26.51,34.23,20.83,64.78,38.77,3
23.52,25.83,69.99,46.05,37.05,53.51,57.81,0.00,70.94,55.28,3
48.05,100.26,15.82,21.92,68.94,63.14,33.24,60.33,82.37,80.04,3
138.78,92.50,151.83,46.74,90.82,136.29,129.12,18.92,227.29,109.35,3
45.75,49.01,29.12,28.51,43.89,112.31,95.88,32.37,128.50,66.59,3
95.08,93.27,15.13,110.92,112.79,69.03,76.10,0.00,183.92,158.65,3
48.45,68.84,59.77,57.70,55.72,46.65,38.44,12.70,107.95,38.65,3
28.92,19.73,18.94,6.65,37.76,21.93,29.47,26.16,76.70,59.60,3
39.06,12.59,73.55,69.13,27.20,40.04,30.31,0.00,136.73,81.46,3
65.83,104.81,62.93,73.35,125.24,54.16,79.46,31.78,194.91,120.18,3
89.13,77.42,84.30,97.58,45.28,81.46,71.77,7.36,344.24,136.44,3
27.67,9.93,21.76,32.30,9.80,30.96,23.43,0.00,118.12,21.96,3
55.97,19.82,34.11,33.36,25.43,19.82,64.77,16.38,142.63,38.93,3
103.73,116.18,107.68,35.91,78.49,50.93,55.12,10.34,243.58,210.19,3
0.00,50.40,97.15,26.54,82.20,49.87,171.53,54.81,159.23,144.79,3
107.77,125.76,61.97,43.14,21.43,89.13,108.58,116.51,231.66,143.18,3
11.06,42.72,26.97,11.21,26.91,14.36,66.52,32.95,81.39,50.01,3
8.37,12.14,6.14,23.84,14.35,14.76,3.34,10.16,47.00,45.35,3
227.48,77.50,1.85,171.59,168.85,65.19,35.93,118.87,386.17,176.39,3
17.07,63.96,63.14,52.09,53.49,112.31,38.43,34.03,214.55,129.38,3
0.00,124.04,89.53,80.00,4.52,108.87,92.30,16.35,159.01,101.25,3
85.08,40.05,0.00,0.00,59.94,73.76,41.18,31.54,232.37,112.87,3
50.08,0.00,48.69,72.73,47.61,60.22,82.42,0.00,281.67,210.73,3
50.95,40.62,32.17,29.04,28.41,56.82,109.95,11.99,124.01,95.79,3
17.25,27.67,25.30,33.14,18.60,37.93,18.00,4.91,62.84,43.03,3
81.83,60.62,25.44,15.34,51.46,67.87,75.52,28.45,186.15,105.74,3
0.00,48.04,79.74,83.69,164.66,163.22,96.85,2.82,256.60,157.58,3
13.86,0.59,31.31,19.03,0.00,23.72,27.16,10.13,57.61,31.98,3
65.23,49.86,44.81,74.32,122.69,24.80,98.02,36.08,438.90,137.34,3
40.80,31.56,48.44,29.40,63.95,29.05,41.20,19.16,76.84,24.71,3
77.88,59.42,153.29,65.86,101.49,129.62,96.11,105.41,161.16,150.41,3
91.94,86.62,66.50,122.21,28.94,70.95,112.77,9.17,302.23,147.79,3
8.28,99.20,44.21,74.94,30.72,47.16,62.77,88.82,163.25,76.48,3
22.25,26.44,16.15,33.75,19.80,30.49,36.61,0.00,81.13,9.55,3
10.96,7.73,17.47,14.28,16.23,0.00,15.57,16.87,47.53,36.62,3
126.92,49.50,0.00,127.78,5.52,160.21,135.52,61.28,350.08,110.39,3
15.30,54.38,2.78,41.89,23.78,103.61,68.19,114.53,369.56,154.83,3
60.35,73.34,21.05,91.80,95.61,38.64,54.02,16.78,115.19,30.73,3
159.77,176.91,110.26,135.55,121.02,245.33,232.78,41.44,345.15,197.60,3
146.69,154.73,47.63,35.80,46.42,129.78,112.99,122.96,152.29,42.74,3
30.36,74.46,84.07,116.54,91.03,36.75,45.73,58.55,172.54,66.61,3
67.43,43.50,50.07,10.42,44.44,2.42,44.96,24.32,119.03,51.73,3
15.23,13.36,11.90,12.20,11.73,10.41,14.99,18.02,31.41,8.37,3
84.17,135.99,75.95,0.00,61.57,71.44,49.18,99.40,216.30,78.76,3
107.06,73.03,108.99,62.14,54.98,122.22,64.45,29.32,337.67,112.22,3
42.14,13.19,0.00,62.41,30.69,19.92,51.54,15.88,105.86,66.24,3
88.57,102.61,26.92,6.52,99.64,80.68,93.41,71.04,168.81,128.81,3
31.04,59.08,61.32,42.42,42.15,12.18,21.98,10.06,115.33,80.43,3
183.38,143.94,72.55,35.84,63.88,38.61,158.49,28.37,311.08,104.09,3
35.86,103.63,43.40,95.75,69.87,36.33,42.85,73.56,183.71,65.76,3
66.51,64.87,25.32,29.44,38.19,74.60,71.90,29.63,116.31,87.88,3
137.15,79.25,89.59,80.20,137.87,151.13,113.84,53.03,235.62,120.30,3
120.21,111.16,0.00,75.43,0.00,131.70,84.36,90.40,241.03,78.45,3
77.00,96.85,86.75,59.57,24.50,70.52,0.00,74.25,257.00,95.66,3
71.23,36.43,0.00,73.99,0.00,69.79,25.87,17.85,125.99,93.84,3
15.74,34.29,20.63,14.30,14.13,35.19,21.05,17.27,102.27,12.14,3
149.51,98.40,72.56,81.61,49.25,77.31,69.85,59.38,227.80,140.11,3
52.37,27.28,21.14,28.17,8.16,17.12,2.32,16.12,104.98,34.43,3
68.33,85.95,63.36,117.83,54.69,63.74,83.70,34.32,168.91,112.02,3
20.61,10.41,27.69,10.91,5.87,4.15,28.66,16.69,57.03,35.54,3
52.56,26.93,41.46,23.48,35.75,85.49,64.20,16.96,105.74,90.64,3
38.76,24.72,25.70,44.24,53.17,58.69,45.39,37.97,145.69,28.41,3
55.85,60.55,59.29,49.83,14.97,101.48,24.23,28.82,150.98,66.92,3
19.27,7.17,23.75,19.50,14.36,38.84,40.15,15.15,53.02,30.35,3
36.20,14.40,56.77,34.91,51.79,40.20,52.52,8.59,131.98,99.97,3
42.22,56.24,34.60,32.95,44.40,38.98,31.66,60.07,192.06,69.41,3
34.69,18.14,19.41,33.81,42.06,35.39,75.66,2.66,93.25,17.10,3
43.48,120.50,61.38,52.54,64.49,114.19,109.84,85.56,331.96,123.92,3
165.66,187.13,191.79,73.86,87.66,93.86,236.47,35.20,356.60,56.29,3
27.10,36.52,39.38,0.21,1.07,0.00,35.47,38.93,76.92,45.63,3
8.90,20.21,11.63,31.63,19.92,30.10,10.95,12.13,54.62,34.18,3
34.05,49.02,30.37,46.17,53.78,52.49,72.52,34.39,179.00,95.75,3
33.11,102.08,134.81,66.13,99.70,152.62,112.44,74.14,218.05,138.84,3
83.40,84.16,0.00,83.17,69.53,88.53,57.44,47.89,151.56,98.67,3
36.49,42.86,7.40,16.88,25.49,22.47,32.10,30.11,41.80,17.31,3
96.43,40.74,0.00,38.74,60.75,106.14,93.90,15.80,127.30,118.39,3
103.01,54.06,42.60,86.77,26.94,104.42,48.05,32.45,226.74,131.43,3
63.04,171.45,64.98,82.23,152.85,118.73,99.52,72.11,354.37,126.79,3
70.02,99.04,140.53,39.63,141.14,140.69,206.88,153.23,370.65,200.53,3
135.10,168.59,98.76,95.92,5.83,54.76,159.89,102.25,122.96,144.47,3
35.12,45.76,58.03,84.44,39.00,6.71,0.00,25.63,125.02,50.34,3
121.32,169.39,46.06,38.68,104.56,67.61,88.61,64.14,235.37,4.96,3
105.18,138.70,101.29,10.15,102.69,100.59,68.17,27.87,196.37,109.88,3
61.40,119.97,55.83,81.14,54.51,109.97,18.56,47.61,224.46,6.14,3
48.57,48.73,14.02,44.69,57.51,46.47,53.70,21.13,85.73,32.46,3
13.21,18.35,0.00,27.36,57.34,24.46,112.44,20.73,119.37,65.86,3
58.41,71.98,109.69,70.83,113.81,124.03,89.37,75.46,408.54,60.00,3
120.67,87.82,122.73,54.38,0.00,108.78,73.80,176.91,303.40,176.51,3
59.78,52.10,117.18,28.20,87.85,24.85,62.12,48.17,254.69,143.53,3
31.42,29.87,32.85,67.74,0.00,53.65,65.11,42.26,144.90,97.93,3
38.78,90.46,95.30,47.71,138.27,64.48,60.10,73.68,251.09,83.55,3
42.68,46.42,37.47,17.35,2.90,32.23,19.01,21.35,126.70,71.44,3
37.04,22.20,12.47,47.36,33.61,56.54,52.84,27.57,91.12,59.99,3
87.18,133.31,64.63,91.81,99.60,37.30,84.05,46.64,207.41,47.16,3
112.84,102.02,88.51,77.29,52.67,31.53,44.29,10.60,148.59,73.07,3
55.69,26.12,7.87,31.54,17.13,33.30,7.84,36.46,112.73,31.37,3
88.91,116.40,52.97,83.17,66.04,95.43,87.02,46.56,288.04,62.53,3
96.42,96.17,14.65,10.64,107.76,124.58,16.32,7.93,255.58,23.96,3
60.01,45.06,21.58,17.84,75.75,74.43,74.75,0.00,111.44,46.94,3
118.41,17.89,45.72,106.00,50.18,102.20,36.21,65.78,149.55,75.39,3
156.62,128.94,12.91,86.00,91.15,163.29,151.46,20.51,147.46,79.51,3
91.99,83.29,35.97,37.00,24.96,54.38,21.70,65.39,227.23,82.36,3
103.90,81.67,62.11,79.68,160.33,64.96,105.50,0.00,157.19,66.54,3
16.87,56.62,63.80,7.28,63.45,15.30,26.10,40.36,138.63,60.62,3
44.80,1.17,77.16,36.43,45.33,50.68,32.76,33.94,133.70,102.65,3
120.25,97.53,164.23,62.10,78.68,103.21,54.11,50.19,298.32,125.82,3
25.61,89.64,75.54,139.43,92.32,2.61,59.19,3.94,200.74,125.53,3
208.34,116.04,72.63,150.38,194.92,165.86,167.47,0.00,434.58,151.09,3
13.53,13.14,20.85,15.06,15.58,17.18,7.64,10.88,71.58,18.91,3
11.72,12.77,20.24,13.58,34.21,23.47,11.22,14.42,50.99,1.88,3
56.42,98.60,90.15,93.08,27.90,79.03,79.15,45.90,215.33,114.51,3
68.15,79.69,82.99,10.14,87.78,52.33,131.34,113.29,228.90,125.78,3
92.87,23.75,107.26,140.90,115.50,112.50,97.06,12.14,166.93,26.38,3
46.15,39.82,5.03,44.92,21.96,62.78,59.43,0.00,150.44,38.94,3
27.28,37.11,63.75,48.02,0.00,58.14,41.36,53.92,205.14,23.56,3
102.06,0.00,69.96,41.63,55.01,18.00,210.37,71.97,169.93,167.83,3
30.77,40.47,58.11,40.53,77.98,20.84,37.35,45.32,242.13,104.06,3
54.35,122.30,10.74,118.88,22.82,45.83,137.18,52.58,276.56,108.29,3
51.19,35.25,15.36,25.86,21.84,20.91,55.60,12.29,62.21,24.06,3
95.56,90.93,0.00,56.89,71.26,91.41,126.64,25.69,227.36,83.04,3
25.37,62.16,43.82,21.74,10.11,43.77,86.04,0.00,108.92,42.12,3
136.49,93.86,83.95,107.89,64.94,184.53,148.86,69.51,243.76,37.01,3
63.91,97.54,208.56,72.99,80.61,111.88,281.30,66.16,337.89,158.57,3
17.46,17.96,10.44,0.00,17.61,17.35,46.64,13.42,83.66,25.86,3
33.09,0.00,27.61,44.10,25.73,35.48,34.20,12.77,149.00,39.54,3
81.83,31.58,94.93,46.35,12.60,52.12,82.45,65.34,283.92,53.93,3
61.13,60.79,50.74,54.72,42.84,125.84,111.89,60.23,246.09,129.19,3
79.42,138.71,0.00,78.85,3.56,82.80,42.39,0.00,309.23,127.20,3
3.83,25.75,38.62,12.22,23.97,53.20,11.05,2.26,97.91,67.24,3
121.22,161.75,99.08,63.90,98.43,78.51,117.50,53.73,301.36,108.29,3
38.07,43.69,13.54,20.19,9.18,74.30,63.59,19.21,117.49,56.47,3
72.81,143.51,29.52,62.70,55.86,67.59,82.57,77.01,313.73,143.41,3
119.55,105.90,25.61,71.41,50.62,101.36,25.36,135.17,148.78,65.24,3
157.28,36.20,33.73,36.80,133.76,108.09,94.65,0.00,234.80,169.14,3
43.99,20.21,41.72,17.93,11.90,10.91,33.13,27.49,69.63,41.89,3
32.80,75.35,82.59,72.04,9.13,79.45,28.02,44.08,159.54,84.19,3
79.60,126.11,103.55,29.66,3.32,106.55,119.71,35.51,302.51,193.52,3
78.76,22.47,0.52,27.24,26.83,93.58,113.61,97.28,224.69,10.84,3
79.67,82.09,67.93,33.14,48.41,61.22,69.13,41.12,148.87,55.09,3
4.95,0.00,14.54,42.31,40.09,84.65,40.89,26.01,166.96,56.10,3
126.83,177.60,79.07,76.23,66.71,177.98,156.71,77.39,282.82,23.94,3
124.64,140.62,88.15,179.74,93.44,53.02,147.25,15.83,215.80,58.18,3
53.40,0.00,89.08,35.85,55.10,54.31,48.55,1.24,218.68,37.72,3
4.81,10.63,21.77,18.16,13.78,15.38,15.66,2.77,26.77,31.55,3
106.21,62.26,119.91,91.73,82.84,171.32,54.49,41.91,207.53,103.28,3
102.17,210.55,80.81,155.19,91.85,128.73,117.33,151.18,244.09,61.37,3
112.03,180.84,40.09,56.31,96.14,140.26,56.22,56.72,259.54,70.18,3
130.41,96.72,112.32,115.96,118.58,127.56,91.56,50.33,363.45,95.58,3
45.29,22.97,20.90,22.23,3.82,13.84,6.35,27.51,61.08,47.37,3
7.23,10.32,10.43,16.18,5.06,17.77,7.79,12.29,23.65,33.94,3
26.53,13.55,30.53,16.81,12.21,16.73,22.54,8.58,71.89,36.42,3
75.64,89.10,76.92,62.75,69.96,145.27,76.62,83.43,209.73,28.88,3
148.63,65.67,23.19,130.60,0.00,165.90,74.61,142.84,312.50,67.96,3
7.89,33.33,27.69,10.53,8.71,25.96,39.53,25.27,95.63,40.99,3
121.34,90.71,71.63,46.18,39.62,112.54,97.92,99.32,252.55,92.44,3
14.05,15.54,1.16,7.70,25.41,10.85,27.82,37.28,62.50,39.70,3
139.50,76.33,57.96,44.21,88.59,39.48,93.67,30.87,278.22,137.34,3
45.64,33.40,19.02,47.57,16.42,54.84,9.49,27.11,85.63,53.24,3
22.31,34.38,47.05,16.87,44.16,66.10,42.36,22.81,78.49,64.26,3
12.03,61.92,33.85,0.00,7.27,25.40,5.42,6.02,289.36,87.20,3
34.98,0.00,3.88,20.75,18.94,11.29,21.88,0.00,123.35,39.75,3
41.04,28.54,6.13,18.82,10.93,18.26,27.73,0.00,61.16,15.48,3
129.31,40.98,0.63,64.40,19.71,14.94,24.87,64.49,281.78,143.67,3
105.00,76.14,75.85,59.08,14.79,104.36,67.86,36.70,270.83,47.37,3
110.23,139.86,145.16,156.69,45.91,77.57,81.03,29.33,273.97,89.72,3
40.49,185.99,3.77,80.20,164.30,117.61,73.46,23.02,275.47,12.25,3
106.89,15.08,0.58,62.23,12.90,54.32,9.80,57.48,138.98,99.72,3
19.44,13.05,7.66,5.80,2.04,8.39,15.83,0.00,28.85,12.97,3
63.21,72.90,61.21,91.99,59.68,61.95,115.22,0.00,252.94,125.08,3
108.30,115.07,109.94,80.04,18.73,73.37,50.74,69.75,255.17,85.91,3
81.20,170.67,64.06,47.28,71.67,140.70,6.36,67.42,236.14,119.22,3
31.24,42.08,64.55,68.65,65.69,86.22,105.02,41.31,155.18,105.88,3
44.32,35.94,37.93,58.92,32.22,1.50,90.33,0.00,64.04,48.33,3
43.49,50.73,45.20,36.90,0.13,52.26,92.20,67.43,220.54,89.49,3
25.05,21.86,17.75,45.21,71.71,53.14,87.03,54.13,128.91,84.60,3
20.04,3.24,13.68,17.25,14.87,9.35,40.72,31.86,93.15,42.31,3
27.39,28.40,24.02,21.48,0.00,65.95,66.70,4.84,112.63,61.41,3
27.91,25.12,6.09,34.31,15.76,33.60,52.97,1.85,90.74,74.87,3
23.05,16.58,9.76,41.51,14.84,22.28,10.52,0.00,62.37,63.91,3
117.93,63.01,63.94,115.25,69.10,59.28,104.76,32.80,199.20,37.40,3
67.91,98.01,84.64,10.19,49.69,55.75,119.08,124.99,212.65,137.46,3
62.80,69.03,28.84,33.80,49.51,17.37,71.32,41.77,158.29,18.15,3
85.18,39.93,0.00,53.44,0.00,72.80,137.06,34.46,278.95,160.37,3
12.07,9.90,16.14,21.84,7.84,20.71,21.71,6.85,24.82,4.84,3
